Created by PLY version 3.11 (http://www.dabeaz.com/ply)

Unused terminals:

    COMMENT
    DEFAULT_EXECUTOR
    GRPC_EXECUTOR
    PROCESSPOOL_EXECUTOR
    TCP_EXECUTOR
    THREADPOOL_EXECUTOR

Grammar

Rule 0     S' -> program
Rule 1     program -> statement_list
Rule 2     statement_list -> statement
Rule 3     statement_list -> statement_list statement
Rule 4     statement -> variable_declaration
Rule 5     statement -> expression
Rule 6     statement -> directive
Rule 7     expression -> expression POINTER expression
Rule 8     expression -> expression PPOINTER expression
Rule 9     expression -> expression PARALLEL expression
Rule 10    expression -> descriptor POINTER expression
Rule 11    expression -> descriptor PPOINTER expression
Rule 12    expression -> factor RETRY task
Rule 13    expression -> task RETRY factor
Rule 14    expression -> expression_groupings RETRY factor
Rule 15    expression -> factor RETRY expression_groupings
Rule 16    ternary_expression -> comparison_expression QUESTION expression COLON expression
Rule 17    comparison_expression -> expression EQ expression
Rule 18    comparison_expression -> expression NE expression
Rule 19    comparison_expression -> expression LANGLE expression
Rule 20    comparison_expression -> expression RANGLE expression
Rule 21    comparison_expression -> expression LE expression
Rule 22    comparison_expression -> expression GE expression
Rule 23    null_coalesce_expression -> expression NULLCOALESCE expression
Rule 24    expression -> term
Rule 25    term -> task
Rule 26    term -> expression_groupings
Rule 27    term -> value
Rule 28    term -> variable_reference
Rule 29    task -> meta_event
Rule 30    task -> meta_event LBRACKET assigment_expression_group RBRACKET
Rule 31    meta_event -> meta_mode LANGLE IDENTIFIER RANGLE
Rule 32    meta_event -> meta_mode LANGLE IDENTIFIER DOUBLE_COLON IDENTIFIER RANGLE
Rule 33    meta_mode -> MAP
Rule 34    meta_mode -> FILTER
Rule 35    meta_mode -> REDUCE
Rule 36    meta_mode -> FOREACH
Rule 37    meta_mode -> FLATMAP
Rule 38    meta_mode -> FANOUT
Rule 39    directive -> VAR_DECL COLON scalar_value
Rule 40    variable_declaration -> VAR_DECL ASSIGN value
Rule 41    value -> list
Rule 42    value -> map
Rule 43    value -> arithmetic_expr
Rule 44    value -> null_value
Rule 45    value -> comparison_expression
Rule 46    value -> ternary_expression
Rule 47    value -> null_coalesce_expression
Rule 48    map -> LCURLY_BRACKET map_entries RCURLY_BRACKET
Rule 49    map_entries -> empty
Rule 50    map_entries -> map_entry
Rule 51    map_entries -> map_entries SEPARATOR map_entry
Rule 52    map_entry -> STRING_LITERAL COLON value
Rule 53    list -> LBRACKET list_elements RBRACKET
Rule 54    list_elements -> value
Rule 55    list_elements -> list_elements SEPARATOR value
Rule 56    list_elements -> empty
Rule 57    empty -> <empty>
Rule 58    scalar_value -> INT
Rule 59    scalar_value -> FLOAT
Rule 60    scalar_value -> BOOLEAN
Rule 61    scalar_value -> STRING_LITERAL
Rule 62    null_value -> NULL
Rule 63    variable_reference -> VAR_ACCESS
Rule 64    variable_reference -> VAR_ACCESS DOT IDENTIFIER
Rule 65    descriptor -> INT
Rule 66    factor -> INT
Rule 67    factor -> FLOAT
Rule 68    factor -> variable_reference
Rule 69    task -> task_name
Rule 70    task -> IDENTIFIER DOUBLE_COLON task_name
Rule 71    task_name -> IDENTIFIER
Rule 72    task_name -> IDENTIFIER LBRACKET assigment_expression_group RBRACKET
Rule 73    conditional_group -> expression SEPARATOR expression
Rule 74    conditional_group -> conditional_group SEPARATOR expression
Rule 75    task -> task LPAREN conditional_group RPAREN
Rule 76    assignment_expression -> IDENTIFIER ASSIGN value
Rule 77    assigment_expression_group -> assignment_expression
Rule 78    assigment_expression_group -> assignment_expression SEPARATOR assignment_expression
Rule 79    assigment_expression_group -> assigment_expression_group SEPARATOR assignment_expression
Rule 80    expression_groupings -> LCURLY_BRACKET expression RCURLY_BRACKET
Rule 81    expression_groupings -> LCURLY_BRACKET expression RCURLY_BRACKET LBRACKET assigment_expression_group RBRACKET
Rule 82    arithmetic_expr -> logical_or_expression
Rule 83    logical_or_expression -> logical_or_expression PARALLEL logical_and_expression
Rule 84    logical_or_expression -> logical_and_expression
Rule 85    logical_and_expression -> logical_and_expression LOGICAL_AND bitwise_or_expression
Rule 86    logical_and_expression -> bitwise_or_expression
Rule 87    bitwise_or_expression -> bitwise_or_expression BITWISE_OR bitwise_xor_expression
Rule 88    bitwise_or_expression -> bitwise_xor_expression
Rule 89    bitwise_xor_expression -> bitwise_xor_expression BITWISE_XOR bitwise_and_expression
Rule 90    bitwise_xor_expression -> bitwise_and_expression
Rule 91    bitwise_and_expression -> bitwise_and_expression BITWISE_AND arith_comparison_expression
Rule 92    bitwise_and_expression -> arith_comparison_expression
Rule 93    arith_comparison_expression -> arith_comparison_expression EQ shift_expression
Rule 94    arith_comparison_expression -> arith_comparison_expression NE shift_expression
Rule 95    arith_comparison_expression -> arith_comparison_expression LANGLE shift_expression
Rule 96    arith_comparison_expression -> arith_comparison_expression RANGLE shift_expression
Rule 97    arith_comparison_expression -> arith_comparison_expression LE shift_expression
Rule 98    arith_comparison_expression -> arith_comparison_expression GE shift_expression
Rule 99    arith_comparison_expression -> shift_expression
Rule 100   shift_expression -> shift_expression LSHL additive_expression
Rule 101   shift_expression -> shift_expression LSHR additive_expression
Rule 102   shift_expression -> shift_expression ASHR additive_expression
Rule 103   shift_expression -> additive_expression
Rule 104   additive_expression -> additive_expression PLUS multiplicative_expression
Rule 105   additive_expression -> additive_expression MINUS multiplicative_expression
Rule 106   additive_expression -> multiplicative_expression
Rule 107   multiplicative_expression -> multiplicative_expression DIV unary_expression
Rule 108   multiplicative_expression -> multiplicative_expression MOD unary_expression
Rule 109   multiplicative_expression -> multiplicative_expression RETRY unary_expression
Rule 110   multiplicative_expression -> unary_expression
Rule 111   unary_expression -> LOGICAL_NOT unary_expression
Rule 112   unary_expression -> BITWISE_NOT unary_expression
Rule 113   unary_expression -> MINUS unary_expression
Rule 114   unary_expression -> primary_expression
Rule 115   primary_expression -> LPAREN arithmetic_expr RPAREN
Rule 116   primary_expression -> arithmetic_factor
Rule 117   arithmetic_factor -> INT
Rule 118   arithmetic_factor -> FLOAT
Rule 119   arithmetic_factor -> STRING_LITERAL
Rule 120   arithmetic_factor -> variable_reference

Terminals, with rules where they appear

ASHR                 : 102
ASSIGN               : 40 76
BITWISE_AND          : 91
BITWISE_NOT          : 112
BITWISE_OR           : 87
BITWISE_XOR          : 89
BOOLEAN              : 60
COLON                : 16 39 52
COMMENT              : 
DEFAULT_EXECUTOR     : 
DIV                  : 107
DOT                  : 64
DOUBLE_COLON         : 32 70
EQ                   : 17 93
FANOUT               : 38
FILTER               : 34
FLATMAP              : 37
FLOAT                : 59 67 118
FOREACH              : 36
GE                   : 22 98
GRPC_EXECUTOR        : 
IDENTIFIER           : 31 32 32 64 70 71 72 76
INT                  : 58 65 66 117
LANGLE               : 19 31 32 95
LBRACKET             : 30 53 72 81
LCURLY_BRACKET       : 48 80 81
LE                   : 21 97
LOGICAL_AND          : 85
LOGICAL_NOT          : 111
LPAREN               : 75 115
LSHL                 : 100
LSHR                 : 101
MAP                  : 33
MINUS                : 105 113
MOD                  : 108
NE                   : 18 94
NULL                 : 62
NULLCOALESCE         : 23
PARALLEL             : 9 83
PLUS                 : 104
POINTER              : 7 10
PPOINTER             : 8 11
PROCESSPOOL_EXECUTOR : 
QUESTION             : 16
RANGLE               : 20 31 32 96
RBRACKET             : 30 53 72 81
RCURLY_BRACKET       : 48 80 81
REDUCE               : 35
RETRY                : 12 13 14 15 109
RPAREN               : 75 115
SEPARATOR            : 51 55 73 74 78 79
STRING_LITERAL       : 52 61 119
TCP_EXECUTOR         : 
THREADPOOL_EXECUTOR  : 
VAR_ACCESS           : 63 64
VAR_DECL             : 39 40
error                : 

Nonterminals, with rules where they appear

additive_expression  : 100 101 102 103 104 105
arith_comparison_expression : 91 92 93 94 95 96 97 98
arithmetic_expr      : 43 115
arithmetic_factor    : 116
assigment_expression_group : 30 72 79 81
assignment_expression : 77 78 78 79
bitwise_and_expression : 89 90 91
bitwise_or_expression : 85 86 87
bitwise_xor_expression : 87 88 89
comparison_expression : 16 45
conditional_group    : 74 75
descriptor           : 10 11
directive            : 6
empty                : 49 56
expression           : 5 7 7 8 8 9 9 10 11 16 16 17 17 18 18 19 19 20 20 21 21 22 22 23 23 73 73 74 80 81
expression_groupings : 14 15 26
factor               : 12 13 14 15
list                 : 41
list_elements        : 53 55
logical_and_expression : 83 84 85
logical_or_expression : 82 83
map                  : 42
map_entries          : 48 51
map_entry            : 50 51
meta_event           : 29 30
meta_mode            : 31 32
multiplicative_expression : 104 105 106 107 108 109
null_coalesce_expression : 47
null_value           : 44
primary_expression   : 114
program              : 0
scalar_value         : 39
shift_expression     : 93 94 95 96 97 98 99 100 101 102
statement            : 2 3
statement_list       : 1 3
task                 : 12 13 25 75
task_name            : 69 70
term                 : 24
ternary_expression   : 46
unary_expression     : 107 108 109 110 111 112 113
value                : 27 40 52 54 55 76
variable_declaration : 4
variable_reference   : 28 68 120

Parsing method: LALR

state 0

    (0) S' -> . program
    (1) program -> . statement_list
    (2) statement_list -> . statement
    (3) statement_list -> . statement_list statement
    (4) statement -> . variable_declaration
    (5) statement -> . expression
    (6) statement -> . directive
    (40) variable_declaration -> . VAR_DECL ASSIGN value
    (7) expression -> . expression POINTER expression
    (8) expression -> . expression PPOINTER expression
    (9) expression -> . expression PARALLEL expression
    (10) expression -> . descriptor POINTER expression
    (11) expression -> . descriptor PPOINTER expression
    (12) expression -> . factor RETRY task
    (13) expression -> . task RETRY factor
    (14) expression -> . expression_groupings RETRY factor
    (15) expression -> . factor RETRY expression_groupings
    (24) expression -> . term
    (39) directive -> . VAR_DECL COLON scalar_value
    (65) descriptor -> . INT
    (66) factor -> . INT
    (67) factor -> . FLOAT
    (68) factor -> . variable_reference
    (29) task -> . meta_event
    (30) task -> . meta_event LBRACKET assigment_expression_group RBRACKET
    (69) task -> . task_name
    (70) task -> . IDENTIFIER DOUBLE_COLON task_name
    (75) task -> . task LPAREN conditional_group RPAREN
    (80) expression_groupings -> . LCURLY_BRACKET expression RCURLY_BRACKET
    (81) expression_groupings -> . LCURLY_BRACKET expression RCURLY_BRACKET LBRACKET assigment_expression_group RBRACKET
    (25) term -> . task
    (26) term -> . expression_groupings
    (27) term -> . value
    (28) term -> . variable_reference
    (63) variable_reference -> . VAR_ACCESS
    (64) variable_reference -> . VAR_ACCESS DOT IDENTIFIER
    (31) meta_event -> . meta_mode LANGLE IDENTIFIER RANGLE
    (32) meta_event -> . meta_mode LANGLE IDENTIFIER DOUBLE_COLON IDENTIFIER RANGLE
    (71) task_name -> . IDENTIFIER
    (72) task_name -> . IDENTIFIER LBRACKET assigment_expression_group RBRACKET
    (41) value -> . list
    (42) value -> . map
    (43) value -> . arithmetic_expr
    (44) value -> . null_value
    (45) value -> . comparison_expression
    (46) value -> . ternary_expression
    (47) value -> . null_coalesce_expression
    (33) meta_mode -> . MAP
    (34) meta_mode -> . FILTER
    (35) meta_mode -> . REDUCE
    (36) meta_mode -> . FOREACH
    (37) meta_mode -> . FLATMAP
    (38) meta_mode -> . FANOUT
    (53) list -> . LBRACKET list_elements RBRACKET
    (48) map -> . LCURLY_BRACKET map_entries RCURLY_BRACKET
    (82) arithmetic_expr -> . logical_or_expression
    (62) null_value -> . NULL
    (17) comparison_expression -> . expression EQ expression
    (18) comparison_expression -> . expression NE expression
    (19) comparison_expression -> . expression LANGLE expression
    (20) comparison_expression -> . expression RANGLE expression
    (21) comparison_expression -> . expression LE expression
    (22) comparison_expression -> . expression GE expression
    (16) ternary_expression -> . comparison_expression QUESTION expression COLON expression
    (23) null_coalesce_expression -> . expression NULLCOALESCE expression
    (83) logical_or_expression -> . logical_or_expression PARALLEL logical_and_expression
    (84) logical_or_expression -> . logical_and_expression
    (85) logical_and_expression -> . logical_and_expression LOGICAL_AND bitwise_or_expression
    (86) logical_and_expression -> . bitwise_or_expression
    (87) bitwise_or_expression -> . bitwise_or_expression BITWISE_OR bitwise_xor_expression
    (88) bitwise_or_expression -> . bitwise_xor_expression
    (89) bitwise_xor_expression -> . bitwise_xor_expression BITWISE_XOR bitwise_and_expression
    (90) bitwise_xor_expression -> . bitwise_and_expression
    (91) bitwise_and_expression -> . bitwise_and_expression BITWISE_AND arith_comparison_expression
    (92) bitwise_and_expression -> . arith_comparison_expression
    (93) arith_comparison_expression -> . arith_comparison_expression EQ shift_expression
    (94) arith_comparison_expression -> . arith_comparison_expression NE shift_expression
    (95) arith_comparison_expression -> . arith_comparison_expression LANGLE shift_expression
    (96) arith_comparison_expression -> . arith_comparison_expression RANGLE shift_expression
    (97) arith_comparison_expression -> . arith_comparison_expression LE shift_expression
    (98) arith_comparison_expression -> . arith_comparison_expression GE shift_expression
    (99) arith_comparison_expression -> . shift_expression
    (100) shift_expression -> . shift_expression LSHL additive_expression
    (101) shift_expression -> . shift_expression LSHR additive_expression
    (102) shift_expression -> . shift_expression ASHR additive_expression
    (103) shift_expression -> . additive_expression
    (104) additive_expression -> . additive_expression PLUS multiplicative_expression
    (105) additive_expression -> . additive_expression MINUS multiplicative_expression
    (106) additive_expression -> . multiplicative_expression
    (107) multiplicative_expression -> . multiplicative_expression DIV unary_expression
    (108) multiplicative_expression -> . multiplicative_expression MOD unary_expression
    (109) multiplicative_expression -> . multiplicative_expression RETRY unary_expression
    (110) multiplicative_expression -> . unary_expression
    (111) unary_expression -> . LOGICAL_NOT unary_expression
    (112) unary_expression -> . BITWISE_NOT unary_expression
    (113) unary_expression -> . MINUS unary_expression
    (114) unary_expression -> . primary_expression
    (115) primary_expression -> . LPAREN arithmetic_expr RPAREN
    (116) primary_expression -> . arithmetic_factor
    (117) arithmetic_factor -> . INT
    (118) arithmetic_factor -> . FLOAT
    (119) arithmetic_factor -> . STRING_LITERAL
    (120) arithmetic_factor -> . variable_reference

    VAR_DECL        shift and go to state 7
    INT             shift and go to state 14
    FLOAT           shift and go to state 15
    IDENTIFIER      shift and go to state 20
    LCURLY_BRACKET  shift and go to state 22
    VAR_ACCESS      shift and go to state 23
    MAP             shift and go to state 32
    FILTER          shift and go to state 33
    REDUCE          shift and go to state 34
    FOREACH         shift and go to state 35
    FLATMAP         shift and go to state 36
    FANOUT          shift and go to state 37
    LBRACKET        shift and go to state 18
    NULL            shift and go to state 39
    LOGICAL_NOT     shift and go to state 50
    BITWISE_NOT     shift and go to state 51
    MINUS           shift and go to state 48
    LPAREN          shift and go to state 21
    STRING_LITERAL  shift and go to state 54

    program                        shift and go to state 1
    statement_list                 shift and go to state 2
    statement                      shift and go to state 3
    variable_declaration           shift and go to state 4
    expression                     shift and go to state 5
    directive                      shift and go to state 6
    value                          shift and go to state 8
    descriptor                     shift and go to state 9
    factor                         shift and go to state 10
    task                           shift and go to state 11
    expression_groupings           shift and go to state 12
    term                           shift and go to state 13
    variable_reference             shift and go to state 16
    meta_event                     shift and go to state 17
    task_name                      shift and go to state 19
    meta_mode                      shift and go to state 24
    list                           shift and go to state 25
    map                            shift and go to state 26
    arithmetic_expr                shift and go to state 27
    null_value                     shift and go to state 28
    comparison_expression          shift and go to state 29
    ternary_expression             shift and go to state 30
    null_coalesce_expression       shift and go to state 31
    logical_or_expression          shift and go to state 38
    logical_and_expression         shift and go to state 40
    bitwise_or_expression          shift and go to state 41
    bitwise_xor_expression         shift and go to state 42
    bitwise_and_expression         shift and go to state 43
    arith_comparison_expression    shift and go to state 44
    shift_expression               shift and go to state 45
    additive_expression            shift and go to state 46
    multiplicative_expression      shift and go to state 47
    unary_expression               shift and go to state 49
    primary_expression             shift and go to state 52
    arithmetic_factor              shift and go to state 53

state 1

    (0) S' -> program .



state 2

    (1) program -> statement_list .
    (3) statement_list -> statement_list . statement
    (4) statement -> . variable_declaration
    (5) statement -> . expression
    (6) statement -> . directive
    (40) variable_declaration -> . VAR_DECL ASSIGN value
    (7) expression -> . expression POINTER expression
    (8) expression -> . expression PPOINTER expression
    (9) expression -> . expression PARALLEL expression
    (10) expression -> . descriptor POINTER expression
    (11) expression -> . descriptor PPOINTER expression
    (12) expression -> . factor RETRY task
    (13) expression -> . task RETRY factor
    (14) expression -> . expression_groupings RETRY factor
    (15) expression -> . factor RETRY expression_groupings
    (24) expression -> . term
    (39) directive -> . VAR_DECL COLON scalar_value
    (65) descriptor -> . INT
    (66) factor -> . INT
    (67) factor -> . FLOAT
    (68) factor -> . variable_reference
    (29) task -> . meta_event
    (30) task -> . meta_event LBRACKET assigment_expression_group RBRACKET
    (69) task -> . task_name
    (70) task -> . IDENTIFIER DOUBLE_COLON task_name
    (75) task -> . task LPAREN conditional_group RPAREN
    (80) expression_groupings -> . LCURLY_BRACKET expression RCURLY_BRACKET
    (81) expression_groupings -> . LCURLY_BRACKET expression RCURLY_BRACKET LBRACKET assigment_expression_group RBRACKET
    (25) term -> . task
    (26) term -> . expression_groupings
    (27) term -> . value
    (28) term -> . variable_reference
    (63) variable_reference -> . VAR_ACCESS
    (64) variable_reference -> . VAR_ACCESS DOT IDENTIFIER
    (31) meta_event -> . meta_mode LANGLE IDENTIFIER RANGLE
    (32) meta_event -> . meta_mode LANGLE IDENTIFIER DOUBLE_COLON IDENTIFIER RANGLE
    (71) task_name -> . IDENTIFIER
    (72) task_name -> . IDENTIFIER LBRACKET assigment_expression_group RBRACKET
    (41) value -> . list
    (42) value -> . map
    (43) value -> . arithmetic_expr
    (44) value -> . null_value
    (45) value -> . comparison_expression
    (46) value -> . ternary_expression
    (47) value -> . null_coalesce_expression
    (33) meta_mode -> . MAP
    (34) meta_mode -> . FILTER
    (35) meta_mode -> . REDUCE
    (36) meta_mode -> . FOREACH
    (37) meta_mode -> . FLATMAP
    (38) meta_mode -> . FANOUT
    (53) list -> . LBRACKET list_elements RBRACKET
    (48) map -> . LCURLY_BRACKET map_entries RCURLY_BRACKET
    (82) arithmetic_expr -> . logical_or_expression
    (62) null_value -> . NULL
    (17) comparison_expression -> . expression EQ expression
    (18) comparison_expression -> . expression NE expression
    (19) comparison_expression -> . expression LANGLE expression
    (20) comparison_expression -> . expression RANGLE expression
    (21) comparison_expression -> . expression LE expression
    (22) comparison_expression -> . expression GE expression
    (16) ternary_expression -> . comparison_expression QUESTION expression COLON expression
    (23) null_coalesce_expression -> . expression NULLCOALESCE expression
    (83) logical_or_expression -> . logical_or_expression PARALLEL logical_and_expression
    (84) logical_or_expression -> . logical_and_expression
    (85) logical_and_expression -> . logical_and_expression LOGICAL_AND bitwise_or_expression
    (86) logical_and_expression -> . bitwise_or_expression
    (87) bitwise_or_expression -> . bitwise_or_expression BITWISE_OR bitwise_xor_expression
    (88) bitwise_or_expression -> . bitwise_xor_expression
    (89) bitwise_xor_expression -> . bitwise_xor_expression BITWISE_XOR bitwise_and_expression
    (90) bitwise_xor_expression -> . bitwise_and_expression
    (91) bitwise_and_expression -> . bitwise_and_expression BITWISE_AND arith_comparison_expression
    (92) bitwise_and_expression -> . arith_comparison_expression
    (93) arith_comparison_expression -> . arith_comparison_expression EQ shift_expression
    (94) arith_comparison_expression -> . arith_comparison_expression NE shift_expression
    (95) arith_comparison_expression -> . arith_comparison_expression LANGLE shift_expression
    (96) arith_comparison_expression -> . arith_comparison_expression RANGLE shift_expression
    (97) arith_comparison_expression -> . arith_comparison_expression LE shift_expression
    (98) arith_comparison_expression -> . arith_comparison_expression GE shift_expression
    (99) arith_comparison_expression -> . shift_expression
    (100) shift_expression -> . shift_expression LSHL additive_expression
    (101) shift_expression -> . shift_expression LSHR additive_expression
    (102) shift_expression -> . shift_expression ASHR additive_expression
    (103) shift_expression -> . additive_expression
    (104) additive_expression -> . additive_expression PLUS multiplicative_expression
    (105) additive_expression -> . additive_expression MINUS multiplicative_expression
    (106) additive_expression -> . multiplicative_expression
    (107) multiplicative_expression -> . multiplicative_expression DIV unary_expression
    (108) multiplicative_expression -> . multiplicative_expression MOD unary_expression
    (109) multiplicative_expression -> . multiplicative_expression RETRY unary_expression
    (110) multiplicative_expression -> . unary_expression
    (111) unary_expression -> . LOGICAL_NOT unary_expression
    (112) unary_expression -> . BITWISE_NOT unary_expression
    (113) unary_expression -> . MINUS unary_expression
    (114) unary_expression -> . primary_expression
    (115) primary_expression -> . LPAREN arithmetic_expr RPAREN
    (116) primary_expression -> . arithmetic_factor
    (117) arithmetic_factor -> . INT
    (118) arithmetic_factor -> . FLOAT
    (119) arithmetic_factor -> . STRING_LITERAL
    (120) arithmetic_factor -> . variable_reference

    $end            reduce using rule 1 (program -> statement_list .)
    VAR_DECL        shift and go to state 7
    INT             shift and go to state 14
    FLOAT           shift and go to state 15
    IDENTIFIER      shift and go to state 20
    LCURLY_BRACKET  shift and go to state 22
    VAR_ACCESS      shift and go to state 23
    MAP             shift and go to state 32
    FILTER          shift and go to state 33
    REDUCE          shift and go to state 34
    FOREACH         shift and go to state 35
    FLATMAP         shift and go to state 36
    FANOUT          shift and go to state 37
    LBRACKET        shift and go to state 18
    NULL            shift and go to state 39
    LOGICAL_NOT     shift and go to state 50
    BITWISE_NOT     shift and go to state 51
    MINUS           shift and go to state 48
    LPAREN          shift and go to state 21
    STRING_LITERAL  shift and go to state 54

    statement                      shift and go to state 55
    variable_declaration           shift and go to state 4
    expression                     shift and go to state 5
    directive                      shift and go to state 6
    value                          shift and go to state 8
    descriptor                     shift and go to state 9
    factor                         shift and go to state 10
    task                           shift and go to state 11
    expression_groupings           shift and go to state 12
    term                           shift and go to state 13
    variable_reference             shift and go to state 16
    meta_event                     shift and go to state 17
    task_name                      shift and go to state 19
    meta_mode                      shift and go to state 24
    list                           shift and go to state 25
    map                            shift and go to state 26
    arithmetic_expr                shift and go to state 27
    null_value                     shift and go to state 28
    comparison_expression          shift and go to state 29
    ternary_expression             shift and go to state 30
    null_coalesce_expression       shift and go to state 31
    logical_or_expression          shift and go to state 38
    logical_and_expression         shift and go to state 40
    bitwise_or_expression          shift and go to state 41
    bitwise_xor_expression         shift and go to state 42
    bitwise_and_expression         shift and go to state 43
    arith_comparison_expression    shift and go to state 44
    shift_expression               shift and go to state 45
    additive_expression            shift and go to state 46
    multiplicative_expression      shift and go to state 47
    unary_expression               shift and go to state 49
    primary_expression             shift and go to state 52
    arithmetic_factor              shift and go to state 53

state 3

    (2) statement_list -> statement .

    VAR_DECL        reduce using rule 2 (statement_list -> statement .)
    INT             reduce using rule 2 (statement_list -> statement .)
    FLOAT           reduce using rule 2 (statement_list -> statement .)
    IDENTIFIER      reduce using rule 2 (statement_list -> statement .)
    LCURLY_BRACKET  reduce using rule 2 (statement_list -> statement .)
    VAR_ACCESS      reduce using rule 2 (statement_list -> statement .)
    MAP             reduce using rule 2 (statement_list -> statement .)
    FILTER          reduce using rule 2 (statement_list -> statement .)
    REDUCE          reduce using rule 2 (statement_list -> statement .)
    FOREACH         reduce using rule 2 (statement_list -> statement .)
    FLATMAP         reduce using rule 2 (statement_list -> statement .)
    FANOUT          reduce using rule 2 (statement_list -> statement .)
    LBRACKET        reduce using rule 2 (statement_list -> statement .)
    NULL            reduce using rule 2 (statement_list -> statement .)
    LOGICAL_NOT     reduce using rule 2 (statement_list -> statement .)
    BITWISE_NOT     reduce using rule 2 (statement_list -> statement .)
    MINUS           reduce using rule 2 (statement_list -> statement .)
    LPAREN          reduce using rule 2 (statement_list -> statement .)
    STRING_LITERAL  reduce using rule 2 (statement_list -> statement .)
    $end            reduce using rule 2 (statement_list -> statement .)


state 4

    (4) statement -> variable_declaration .

    VAR_DECL        reduce using rule 4 (statement -> variable_declaration .)
    INT             reduce using rule 4 (statement -> variable_declaration .)
    FLOAT           reduce using rule 4 (statement -> variable_declaration .)
    IDENTIFIER      reduce using rule 4 (statement -> variable_declaration .)
    LCURLY_BRACKET  reduce using rule 4 (statement -> variable_declaration .)
    VAR_ACCESS      reduce using rule 4 (statement -> variable_declaration .)
    MAP             reduce using rule 4 (statement -> variable_declaration .)
    FILTER          reduce using rule 4 (statement -> variable_declaration .)
    REDUCE          reduce using rule 4 (statement -> variable_declaration .)
    FOREACH         reduce using rule 4 (statement -> variable_declaration .)
    FLATMAP         reduce using rule 4 (statement -> variable_declaration .)
    FANOUT          reduce using rule 4 (statement -> variable_declaration .)
    LBRACKET        reduce using rule 4 (statement -> variable_declaration .)
    NULL            reduce using rule 4 (statement -> variable_declaration .)
    LOGICAL_NOT     reduce using rule 4 (statement -> variable_declaration .)
    BITWISE_NOT     reduce using rule 4 (statement -> variable_declaration .)
    MINUS           reduce using rule 4 (statement -> variable_declaration .)
    LPAREN          reduce using rule 4 (statement -> variable_declaration .)
    STRING_LITERAL  reduce using rule 4 (statement -> variable_declaration .)
    $end            reduce using rule 4 (statement -> variable_declaration .)


state 5

    (5) statement -> expression .
    (7) expression -> expression . POINTER expression
    (8) expression -> expression . PPOINTER expression
    (9) expression -> expression . PARALLEL expression
    (17) comparison_expression -> expression . EQ expression
    (18) comparison_expression -> expression . NE expression
    (19) comparison_expression -> expression . LANGLE expression
    (20) comparison_expression -> expression . RANGLE expression
    (21) comparison_expression -> expression . LE expression
    (22) comparison_expression -> expression . GE expression
    (23) null_coalesce_expression -> expression . NULLCOALESCE expression

    VAR_DECL        reduce using rule 5 (statement -> expression .)
    INT             reduce using rule 5 (statement -> expression .)
    FLOAT           reduce using rule 5 (statement -> expression .)
    IDENTIFIER      reduce using rule 5 (statement -> expression .)
    LCURLY_BRACKET  reduce using rule 5 (statement -> expression .)
    VAR_ACCESS      reduce using rule 5 (statement -> expression .)
    MAP             reduce using rule 5 (statement -> expression .)
    FILTER          reduce using rule 5 (statement -> expression .)
    REDUCE          reduce using rule 5 (statement -> expression .)
    FOREACH         reduce using rule 5 (statement -> expression .)
    FLATMAP         reduce using rule 5 (statement -> expression .)
    FANOUT          reduce using rule 5 (statement -> expression .)
    LBRACKET        reduce using rule 5 (statement -> expression .)
    NULL            reduce using rule 5 (statement -> expression .)
    LOGICAL_NOT     reduce using rule 5 (statement -> expression .)
    BITWISE_NOT     reduce using rule 5 (statement -> expression .)
    MINUS           reduce using rule 5 (statement -> expression .)
    LPAREN          reduce using rule 5 (statement -> expression .)
    STRING_LITERAL  reduce using rule 5 (statement -> expression .)
    $end            reduce using rule 5 (statement -> expression .)
    POINTER         shift and go to state 56
    PPOINTER        shift and go to state 57
    PARALLEL        shift and go to state 58
    EQ              shift and go to state 59
    NE              shift and go to state 60
    LANGLE          shift and go to state 61
    RANGLE          shift and go to state 62
    LE              shift and go to state 63
    GE              shift and go to state 64
    NULLCOALESCE    shift and go to state 65


state 6

    (6) statement -> directive .

    VAR_DECL        reduce using rule 6 (statement -> directive .)
    INT             reduce using rule 6 (statement -> directive .)
    FLOAT           reduce using rule 6 (statement -> directive .)
    IDENTIFIER      reduce using rule 6 (statement -> directive .)
    LCURLY_BRACKET  reduce using rule 6 (statement -> directive .)
    VAR_ACCESS      reduce using rule 6 (statement -> directive .)
    MAP             reduce using rule 6 (statement -> directive .)
    FILTER          reduce using rule 6 (statement -> directive .)
    REDUCE          reduce using rule 6 (statement -> directive .)
    FOREACH         reduce using rule 6 (statement -> directive .)
    FLATMAP         reduce using rule 6 (statement -> directive .)
    FANOUT          reduce using rule 6 (statement -> directive .)
    LBRACKET        reduce using rule 6 (statement -> directive .)
    NULL            reduce using rule 6 (statement -> directive .)
    LOGICAL_NOT     reduce using rule 6 (statement -> directive .)
    BITWISE_NOT     reduce using rule 6 (statement -> directive .)
    MINUS           reduce using rule 6 (statement -> directive .)
    LPAREN          reduce using rule 6 (statement -> directive .)
    STRING_LITERAL  reduce using rule 6 (statement -> directive .)
    $end            reduce using rule 6 (statement -> directive .)


state 7

    (40) variable_declaration -> VAR_DECL . ASSIGN value
    (39) directive -> VAR_DECL . COLON scalar_value

    ASSIGN          shift and go to state 66
    COLON           shift and go to state 67


state 8

    (27) term -> value .

    POINTER         reduce using rule 27 (term -> value .)
    PPOINTER        reduce using rule 27 (term -> value .)
    PARALLEL        reduce using rule 27 (term -> value .)
    EQ              reduce using rule 27 (term -> value .)
    NE              reduce using rule 27 (term -> value .)
    LANGLE          reduce using rule 27 (term -> value .)
    RANGLE          reduce using rule 27 (term -> value .)
    LE              reduce using rule 27 (term -> value .)
    GE              reduce using rule 27 (term -> value .)
    NULLCOALESCE    reduce using rule 27 (term -> value .)
    VAR_DECL        reduce using rule 27 (term -> value .)
    INT             reduce using rule 27 (term -> value .)
    FLOAT           reduce using rule 27 (term -> value .)
    IDENTIFIER      reduce using rule 27 (term -> value .)
    LCURLY_BRACKET  reduce using rule 27 (term -> value .)
    VAR_ACCESS      reduce using rule 27 (term -> value .)
    MAP             reduce using rule 27 (term -> value .)
    FILTER          reduce using rule 27 (term -> value .)
    REDUCE          reduce using rule 27 (term -> value .)
    FOREACH         reduce using rule 27 (term -> value .)
    FLATMAP         reduce using rule 27 (term -> value .)
    FANOUT          reduce using rule 27 (term -> value .)
    LBRACKET        reduce using rule 27 (term -> value .)
    NULL            reduce using rule 27 (term -> value .)
    LOGICAL_NOT     reduce using rule 27 (term -> value .)
    BITWISE_NOT     reduce using rule 27 (term -> value .)
    MINUS           reduce using rule 27 (term -> value .)
    LPAREN          reduce using rule 27 (term -> value .)
    STRING_LITERAL  reduce using rule 27 (term -> value .)
    $end            reduce using rule 27 (term -> value .)
    RCURLY_BRACKET  reduce using rule 27 (term -> value .)
    QUESTION        reduce using rule 27 (term -> value .)
    RBRACKET        reduce using rule 27 (term -> value .)
    SEPARATOR       reduce using rule 27 (term -> value .)
    COLON           reduce using rule 27 (term -> value .)
    RPAREN          reduce using rule 27 (term -> value .)


state 9

    (10) expression -> descriptor . POINTER expression
    (11) expression -> descriptor . PPOINTER expression

    POINTER         shift and go to state 68
    PPOINTER        shift and go to state 69


state 10

    (12) expression -> factor . RETRY task
    (15) expression -> factor . RETRY expression_groupings

    RETRY           shift and go to state 70


state 11

    (13) expression -> task . RETRY factor
    (75) task -> task . LPAREN conditional_group RPAREN
    (25) term -> task .

  ! shift/reduce conflict for LPAREN resolved as shift
    RETRY           shift and go to state 71
    LPAREN          shift and go to state 72
    POINTER         reduce using rule 25 (term -> task .)
    PPOINTER        reduce using rule 25 (term -> task .)
    PARALLEL        reduce using rule 25 (term -> task .)
    EQ              reduce using rule 25 (term -> task .)
    NE              reduce using rule 25 (term -> task .)
    LANGLE          reduce using rule 25 (term -> task .)
    RANGLE          reduce using rule 25 (term -> task .)
    LE              reduce using rule 25 (term -> task .)
    GE              reduce using rule 25 (term -> task .)
    NULLCOALESCE    reduce using rule 25 (term -> task .)
    VAR_DECL        reduce using rule 25 (term -> task .)
    INT             reduce using rule 25 (term -> task .)
    FLOAT           reduce using rule 25 (term -> task .)
    IDENTIFIER      reduce using rule 25 (term -> task .)
    LCURLY_BRACKET  reduce using rule 25 (term -> task .)
    VAR_ACCESS      reduce using rule 25 (term -> task .)
    MAP             reduce using rule 25 (term -> task .)
    FILTER          reduce using rule 25 (term -> task .)
    REDUCE          reduce using rule 25 (term -> task .)
    FOREACH         reduce using rule 25 (term -> task .)
    FLATMAP         reduce using rule 25 (term -> task .)
    FANOUT          reduce using rule 25 (term -> task .)
    LBRACKET        reduce using rule 25 (term -> task .)
    NULL            reduce using rule 25 (term -> task .)
    LOGICAL_NOT     reduce using rule 25 (term -> task .)
    BITWISE_NOT     reduce using rule 25 (term -> task .)
    MINUS           reduce using rule 25 (term -> task .)
    STRING_LITERAL  reduce using rule 25 (term -> task .)
    $end            reduce using rule 25 (term -> task .)
    RCURLY_BRACKET  reduce using rule 25 (term -> task .)
    QUESTION        reduce using rule 25 (term -> task .)
    RBRACKET        reduce using rule 25 (term -> task .)
    SEPARATOR       reduce using rule 25 (term -> task .)
    COLON           reduce using rule 25 (term -> task .)
    RPAREN          reduce using rule 25 (term -> task .)

  ! LPAREN          [ reduce using rule 25 (term -> task .) ]


state 12

    (14) expression -> expression_groupings . RETRY factor
    (26) term -> expression_groupings .

    RETRY           shift and go to state 73
    POINTER         reduce using rule 26 (term -> expression_groupings .)
    PPOINTER        reduce using rule 26 (term -> expression_groupings .)
    PARALLEL        reduce using rule 26 (term -> expression_groupings .)
    EQ              reduce using rule 26 (term -> expression_groupings .)
    NE              reduce using rule 26 (term -> expression_groupings .)
    LANGLE          reduce using rule 26 (term -> expression_groupings .)
    RANGLE          reduce using rule 26 (term -> expression_groupings .)
    LE              reduce using rule 26 (term -> expression_groupings .)
    GE              reduce using rule 26 (term -> expression_groupings .)
    NULLCOALESCE    reduce using rule 26 (term -> expression_groupings .)
    VAR_DECL        reduce using rule 26 (term -> expression_groupings .)
    INT             reduce using rule 26 (term -> expression_groupings .)
    FLOAT           reduce using rule 26 (term -> expression_groupings .)
    IDENTIFIER      reduce using rule 26 (term -> expression_groupings .)
    LCURLY_BRACKET  reduce using rule 26 (term -> expression_groupings .)
    VAR_ACCESS      reduce using rule 26 (term -> expression_groupings .)
    MAP             reduce using rule 26 (term -> expression_groupings .)
    FILTER          reduce using rule 26 (term -> expression_groupings .)
    REDUCE          reduce using rule 26 (term -> expression_groupings .)
    FOREACH         reduce using rule 26 (term -> expression_groupings .)
    FLATMAP         reduce using rule 26 (term -> expression_groupings .)
    FANOUT          reduce using rule 26 (term -> expression_groupings .)
    LBRACKET        reduce using rule 26 (term -> expression_groupings .)
    NULL            reduce using rule 26 (term -> expression_groupings .)
    LOGICAL_NOT     reduce using rule 26 (term -> expression_groupings .)
    BITWISE_NOT     reduce using rule 26 (term -> expression_groupings .)
    MINUS           reduce using rule 26 (term -> expression_groupings .)
    LPAREN          reduce using rule 26 (term -> expression_groupings .)
    STRING_LITERAL  reduce using rule 26 (term -> expression_groupings .)
    $end            reduce using rule 26 (term -> expression_groupings .)
    RCURLY_BRACKET  reduce using rule 26 (term -> expression_groupings .)
    QUESTION        reduce using rule 26 (term -> expression_groupings .)
    RBRACKET        reduce using rule 26 (term -> expression_groupings .)
    SEPARATOR       reduce using rule 26 (term -> expression_groupings .)
    COLON           reduce using rule 26 (term -> expression_groupings .)
    RPAREN          reduce using rule 26 (term -> expression_groupings .)


state 13

    (24) expression -> term .

    POINTER         reduce using rule 24 (expression -> term .)
    PPOINTER        reduce using rule 24 (expression -> term .)
    PARALLEL        reduce using rule 24 (expression -> term .)
    EQ              reduce using rule 24 (expression -> term .)
    NE              reduce using rule 24 (expression -> term .)
    LANGLE          reduce using rule 24 (expression -> term .)
    RANGLE          reduce using rule 24 (expression -> term .)
    LE              reduce using rule 24 (expression -> term .)
    GE              reduce using rule 24 (expression -> term .)
    NULLCOALESCE    reduce using rule 24 (expression -> term .)
    VAR_DECL        reduce using rule 24 (expression -> term .)
    INT             reduce using rule 24 (expression -> term .)
    FLOAT           reduce using rule 24 (expression -> term .)
    IDENTIFIER      reduce using rule 24 (expression -> term .)
    LCURLY_BRACKET  reduce using rule 24 (expression -> term .)
    VAR_ACCESS      reduce using rule 24 (expression -> term .)
    MAP             reduce using rule 24 (expression -> term .)
    FILTER          reduce using rule 24 (expression -> term .)
    REDUCE          reduce using rule 24 (expression -> term .)
    FOREACH         reduce using rule 24 (expression -> term .)
    FLATMAP         reduce using rule 24 (expression -> term .)
    FANOUT          reduce using rule 24 (expression -> term .)
    LBRACKET        reduce using rule 24 (expression -> term .)
    NULL            reduce using rule 24 (expression -> term .)
    LOGICAL_NOT     reduce using rule 24 (expression -> term .)
    BITWISE_NOT     reduce using rule 24 (expression -> term .)
    MINUS           reduce using rule 24 (expression -> term .)
    LPAREN          reduce using rule 24 (expression -> term .)
    STRING_LITERAL  reduce using rule 24 (expression -> term .)
    $end            reduce using rule 24 (expression -> term .)
    RCURLY_BRACKET  reduce using rule 24 (expression -> term .)
    QUESTION        reduce using rule 24 (expression -> term .)
    RBRACKET        reduce using rule 24 (expression -> term .)
    SEPARATOR       reduce using rule 24 (expression -> term .)
    COLON           reduce using rule 24 (expression -> term .)
    RPAREN          reduce using rule 24 (expression -> term .)


state 14

    (65) descriptor -> INT .
    (66) factor -> INT .
    (117) arithmetic_factor -> INT .

  ! reduce/reduce conflict for RETRY resolved using rule 66 (factor -> INT .)
  ! reduce/reduce conflict for POINTER resolved using rule 65 (descriptor -> INT .)
  ! reduce/reduce conflict for PPOINTER resolved using rule 65 (descriptor -> INT .)
    POINTER         reduce using rule 65 (descriptor -> INT .)
    PPOINTER        reduce using rule 65 (descriptor -> INT .)
    RETRY           reduce using rule 66 (factor -> INT .)
    DIV             reduce using rule 117 (arithmetic_factor -> INT .)
    MOD             reduce using rule 117 (arithmetic_factor -> INT .)
    PLUS            reduce using rule 117 (arithmetic_factor -> INT .)
    MINUS           reduce using rule 117 (arithmetic_factor -> INT .)
    LSHL            reduce using rule 117 (arithmetic_factor -> INT .)
    LSHR            reduce using rule 117 (arithmetic_factor -> INT .)
    ASHR            reduce using rule 117 (arithmetic_factor -> INT .)
    EQ              reduce using rule 117 (arithmetic_factor -> INT .)
    NE              reduce using rule 117 (arithmetic_factor -> INT .)
    LANGLE          reduce using rule 117 (arithmetic_factor -> INT .)
    RANGLE          reduce using rule 117 (arithmetic_factor -> INT .)
    LE              reduce using rule 117 (arithmetic_factor -> INT .)
    GE              reduce using rule 117 (arithmetic_factor -> INT .)
    BITWISE_AND     reduce using rule 117 (arithmetic_factor -> INT .)
    BITWISE_XOR     reduce using rule 117 (arithmetic_factor -> INT .)
    BITWISE_OR      reduce using rule 117 (arithmetic_factor -> INT .)
    LOGICAL_AND     reduce using rule 117 (arithmetic_factor -> INT .)
    PARALLEL        reduce using rule 117 (arithmetic_factor -> INT .)
    NULLCOALESCE    reduce using rule 117 (arithmetic_factor -> INT .)
    VAR_DECL        reduce using rule 117 (arithmetic_factor -> INT .)
    INT             reduce using rule 117 (arithmetic_factor -> INT .)
    FLOAT           reduce using rule 117 (arithmetic_factor -> INT .)
    IDENTIFIER      reduce using rule 117 (arithmetic_factor -> INT .)
    LCURLY_BRACKET  reduce using rule 117 (arithmetic_factor -> INT .)
    VAR_ACCESS      reduce using rule 117 (arithmetic_factor -> INT .)
    MAP             reduce using rule 117 (arithmetic_factor -> INT .)
    FILTER          reduce using rule 117 (arithmetic_factor -> INT .)
    REDUCE          reduce using rule 117 (arithmetic_factor -> INT .)
    FOREACH         reduce using rule 117 (arithmetic_factor -> INT .)
    FLATMAP         reduce using rule 117 (arithmetic_factor -> INT .)
    FANOUT          reduce using rule 117 (arithmetic_factor -> INT .)
    LBRACKET        reduce using rule 117 (arithmetic_factor -> INT .)
    NULL            reduce using rule 117 (arithmetic_factor -> INT .)
    LOGICAL_NOT     reduce using rule 117 (arithmetic_factor -> INT .)
    BITWISE_NOT     reduce using rule 117 (arithmetic_factor -> INT .)
    LPAREN          reduce using rule 117 (arithmetic_factor -> INT .)
    STRING_LITERAL  reduce using rule 117 (arithmetic_factor -> INT .)
    $end            reduce using rule 117 (arithmetic_factor -> INT .)
    RBRACKET        reduce using rule 117 (arithmetic_factor -> INT .)
    SEPARATOR       reduce using rule 117 (arithmetic_factor -> INT .)
    RCURLY_BRACKET  reduce using rule 117 (arithmetic_factor -> INT .)
    QUESTION        reduce using rule 117 (arithmetic_factor -> INT .)
    COLON           reduce using rule 117 (arithmetic_factor -> INT .)
    RPAREN          reduce using rule 117 (arithmetic_factor -> INT .)

  ! RETRY           [ reduce using rule 117 (arithmetic_factor -> INT .) ]
  ! POINTER         [ reduce using rule 117 (arithmetic_factor -> INT .) ]
  ! PPOINTER        [ reduce using rule 117 (arithmetic_factor -> INT .) ]


state 15

    (67) factor -> FLOAT .
    (118) arithmetic_factor -> FLOAT .

  ! reduce/reduce conflict for RETRY resolved using rule 67 (factor -> FLOAT .)
    RETRY           reduce using rule 67 (factor -> FLOAT .)
    DIV             reduce using rule 118 (arithmetic_factor -> FLOAT .)
    MOD             reduce using rule 118 (arithmetic_factor -> FLOAT .)
    PLUS            reduce using rule 118 (arithmetic_factor -> FLOAT .)
    MINUS           reduce using rule 118 (arithmetic_factor -> FLOAT .)
    LSHL            reduce using rule 118 (arithmetic_factor -> FLOAT .)
    LSHR            reduce using rule 118 (arithmetic_factor -> FLOAT .)
    ASHR            reduce using rule 118 (arithmetic_factor -> FLOAT .)
    EQ              reduce using rule 118 (arithmetic_factor -> FLOAT .)
    NE              reduce using rule 118 (arithmetic_factor -> FLOAT .)
    LANGLE          reduce using rule 118 (arithmetic_factor -> FLOAT .)
    RANGLE          reduce using rule 118 (arithmetic_factor -> FLOAT .)
    LE              reduce using rule 118 (arithmetic_factor -> FLOAT .)
    GE              reduce using rule 118 (arithmetic_factor -> FLOAT .)
    BITWISE_AND     reduce using rule 118 (arithmetic_factor -> FLOAT .)
    BITWISE_XOR     reduce using rule 118 (arithmetic_factor -> FLOAT .)
    BITWISE_OR      reduce using rule 118 (arithmetic_factor -> FLOAT .)
    LOGICAL_AND     reduce using rule 118 (arithmetic_factor -> FLOAT .)
    PARALLEL        reduce using rule 118 (arithmetic_factor -> FLOAT .)
    POINTER         reduce using rule 118 (arithmetic_factor -> FLOAT .)
    PPOINTER        reduce using rule 118 (arithmetic_factor -> FLOAT .)
    NULLCOALESCE    reduce using rule 118 (arithmetic_factor -> FLOAT .)
    VAR_DECL        reduce using rule 118 (arithmetic_factor -> FLOAT .)
    INT             reduce using rule 118 (arithmetic_factor -> FLOAT .)
    FLOAT           reduce using rule 118 (arithmetic_factor -> FLOAT .)
    IDENTIFIER      reduce using rule 118 (arithmetic_factor -> FLOAT .)
    LCURLY_BRACKET  reduce using rule 118 (arithmetic_factor -> FLOAT .)
    VAR_ACCESS      reduce using rule 118 (arithmetic_factor -> FLOAT .)
    MAP             reduce using rule 118 (arithmetic_factor -> FLOAT .)
    FILTER          reduce using rule 118 (arithmetic_factor -> FLOAT .)
    REDUCE          reduce using rule 118 (arithmetic_factor -> FLOAT .)
    FOREACH         reduce using rule 118 (arithmetic_factor -> FLOAT .)
    FLATMAP         reduce using rule 118 (arithmetic_factor -> FLOAT .)
    FANOUT          reduce using rule 118 (arithmetic_factor -> FLOAT .)
    LBRACKET        reduce using rule 118 (arithmetic_factor -> FLOAT .)
    NULL            reduce using rule 118 (arithmetic_factor -> FLOAT .)
    LOGICAL_NOT     reduce using rule 118 (arithmetic_factor -> FLOAT .)
    BITWISE_NOT     reduce using rule 118 (arithmetic_factor -> FLOAT .)
    LPAREN          reduce using rule 118 (arithmetic_factor -> FLOAT .)
    STRING_LITERAL  reduce using rule 118 (arithmetic_factor -> FLOAT .)
    $end            reduce using rule 118 (arithmetic_factor -> FLOAT .)
    RBRACKET        reduce using rule 118 (arithmetic_factor -> FLOAT .)
    SEPARATOR       reduce using rule 118 (arithmetic_factor -> FLOAT .)
    RCURLY_BRACKET  reduce using rule 118 (arithmetic_factor -> FLOAT .)
    QUESTION        reduce using rule 118 (arithmetic_factor -> FLOAT .)
    COLON           reduce using rule 118 (arithmetic_factor -> FLOAT .)
    RPAREN          reduce using rule 118 (arithmetic_factor -> FLOAT .)

  ! RETRY           [ reduce using rule 118 (arithmetic_factor -> FLOAT .) ]


state 16

    (68) factor -> variable_reference .
    (28) term -> variable_reference .
    (120) arithmetic_factor -> variable_reference .

  ! reduce/reduce conflict for RETRY resolved using rule 68 (factor -> variable_reference .)
  ! reduce/reduce conflict for MINUS resolved using rule 28 (term -> variable_reference .)
  ! reduce/reduce conflict for EQ resolved using rule 28 (term -> variable_reference .)
  ! reduce/reduce conflict for NE resolved using rule 28 (term -> variable_reference .)
  ! reduce/reduce conflict for LANGLE resolved using rule 28 (term -> variable_reference .)
  ! reduce/reduce conflict for RANGLE resolved using rule 28 (term -> variable_reference .)
  ! reduce/reduce conflict for LE resolved using rule 28 (term -> variable_reference .)
  ! reduce/reduce conflict for GE resolved using rule 28 (term -> variable_reference .)
  ! reduce/reduce conflict for PARALLEL resolved using rule 28 (term -> variable_reference .)
  ! reduce/reduce conflict for POINTER resolved using rule 28 (term -> variable_reference .)
  ! reduce/reduce conflict for PPOINTER resolved using rule 28 (term -> variable_reference .)
  ! reduce/reduce conflict for NULLCOALESCE resolved using rule 28 (term -> variable_reference .)
  ! reduce/reduce conflict for VAR_DECL resolved using rule 28 (term -> variable_reference .)
  ! reduce/reduce conflict for INT resolved using rule 28 (term -> variable_reference .)
  ! reduce/reduce conflict for FLOAT resolved using rule 28 (term -> variable_reference .)
  ! reduce/reduce conflict for IDENTIFIER resolved using rule 28 (term -> variable_reference .)
  ! reduce/reduce conflict for LCURLY_BRACKET resolved using rule 28 (term -> variable_reference .)
  ! reduce/reduce conflict for VAR_ACCESS resolved using rule 28 (term -> variable_reference .)
  ! reduce/reduce conflict for MAP resolved using rule 28 (term -> variable_reference .)
  ! reduce/reduce conflict for FILTER resolved using rule 28 (term -> variable_reference .)
  ! reduce/reduce conflict for REDUCE resolved using rule 28 (term -> variable_reference .)
  ! reduce/reduce conflict for FOREACH resolved using rule 28 (term -> variable_reference .)
  ! reduce/reduce conflict for FLATMAP resolved using rule 28 (term -> variable_reference .)
  ! reduce/reduce conflict for FANOUT resolved using rule 28 (term -> variable_reference .)
  ! reduce/reduce conflict for LBRACKET resolved using rule 28 (term -> variable_reference .)
  ! reduce/reduce conflict for NULL resolved using rule 28 (term -> variable_reference .)
  ! reduce/reduce conflict for LOGICAL_NOT resolved using rule 28 (term -> variable_reference .)
  ! reduce/reduce conflict for BITWISE_NOT resolved using rule 28 (term -> variable_reference .)
  ! reduce/reduce conflict for LPAREN resolved using rule 28 (term -> variable_reference .)
  ! reduce/reduce conflict for STRING_LITERAL resolved using rule 28 (term -> variable_reference .)
  ! reduce/reduce conflict for $end resolved using rule 28 (term -> variable_reference .)
  ! reduce/reduce conflict for RBRACKET resolved using rule 28 (term -> variable_reference .)
  ! reduce/reduce conflict for SEPARATOR resolved using rule 28 (term -> variable_reference .)
  ! reduce/reduce conflict for RCURLY_BRACKET resolved using rule 28 (term -> variable_reference .)
  ! reduce/reduce conflict for QUESTION resolved using rule 28 (term -> variable_reference .)
  ! reduce/reduce conflict for COLON resolved using rule 28 (term -> variable_reference .)
  ! reduce/reduce conflict for RPAREN resolved using rule 28 (term -> variable_reference .)
    RETRY           reduce using rule 68 (factor -> variable_reference .)
    POINTER         reduce using rule 28 (term -> variable_reference .)
    PPOINTER        reduce using rule 28 (term -> variable_reference .)
    PARALLEL        reduce using rule 28 (term -> variable_reference .)
    EQ              reduce using rule 28 (term -> variable_reference .)
    NE              reduce using rule 28 (term -> variable_reference .)
    LANGLE          reduce using rule 28 (term -> variable_reference .)
    RANGLE          reduce using rule 28 (term -> variable_reference .)
    LE              reduce using rule 28 (term -> variable_reference .)
    GE              reduce using rule 28 (term -> variable_reference .)
    NULLCOALESCE    reduce using rule 28 (term -> variable_reference .)
    VAR_DECL        reduce using rule 28 (term -> variable_reference .)
    INT             reduce using rule 28 (term -> variable_reference .)
    FLOAT           reduce using rule 28 (term -> variable_reference .)
    IDENTIFIER      reduce using rule 28 (term -> variable_reference .)
    LCURLY_BRACKET  reduce using rule 28 (term -> variable_reference .)
    VAR_ACCESS      reduce using rule 28 (term -> variable_reference .)
    MAP             reduce using rule 28 (term -> variable_reference .)
    FILTER          reduce using rule 28 (term -> variable_reference .)
    REDUCE          reduce using rule 28 (term -> variable_reference .)
    FOREACH         reduce using rule 28 (term -> variable_reference .)
    FLATMAP         reduce using rule 28 (term -> variable_reference .)
    FANOUT          reduce using rule 28 (term -> variable_reference .)
    LBRACKET        reduce using rule 28 (term -> variable_reference .)
    NULL            reduce using rule 28 (term -> variable_reference .)
    LOGICAL_NOT     reduce using rule 28 (term -> variable_reference .)
    BITWISE_NOT     reduce using rule 28 (term -> variable_reference .)
    MINUS           reduce using rule 28 (term -> variable_reference .)
    LPAREN          reduce using rule 28 (term -> variable_reference .)
    STRING_LITERAL  reduce using rule 28 (term -> variable_reference .)
    $end            reduce using rule 28 (term -> variable_reference .)
    RCURLY_BRACKET  reduce using rule 28 (term -> variable_reference .)
    QUESTION        reduce using rule 28 (term -> variable_reference .)
    RBRACKET        reduce using rule 28 (term -> variable_reference .)
    SEPARATOR       reduce using rule 28 (term -> variable_reference .)
    COLON           reduce using rule 28 (term -> variable_reference .)
    RPAREN          reduce using rule 28 (term -> variable_reference .)
    DIV             reduce using rule 120 (arithmetic_factor -> variable_reference .)
    MOD             reduce using rule 120 (arithmetic_factor -> variable_reference .)
    PLUS            reduce using rule 120 (arithmetic_factor -> variable_reference .)
    LSHL            reduce using rule 120 (arithmetic_factor -> variable_reference .)
    LSHR            reduce using rule 120 (arithmetic_factor -> variable_reference .)
    ASHR            reduce using rule 120 (arithmetic_factor -> variable_reference .)
    BITWISE_AND     reduce using rule 120 (arithmetic_factor -> variable_reference .)
    BITWISE_XOR     reduce using rule 120 (arithmetic_factor -> variable_reference .)
    BITWISE_OR      reduce using rule 120 (arithmetic_factor -> variable_reference .)
    LOGICAL_AND     reduce using rule 120 (arithmetic_factor -> variable_reference .)

  ! RETRY           [ reduce using rule 120 (arithmetic_factor -> variable_reference .) ]
  ! MINUS           [ reduce using rule 120 (arithmetic_factor -> variable_reference .) ]
  ! EQ              [ reduce using rule 120 (arithmetic_factor -> variable_reference .) ]
  ! NE              [ reduce using rule 120 (arithmetic_factor -> variable_reference .) ]
  ! LANGLE          [ reduce using rule 120 (arithmetic_factor -> variable_reference .) ]
  ! RANGLE          [ reduce using rule 120 (arithmetic_factor -> variable_reference .) ]
  ! LE              [ reduce using rule 120 (arithmetic_factor -> variable_reference .) ]
  ! GE              [ reduce using rule 120 (arithmetic_factor -> variable_reference .) ]
  ! PARALLEL        [ reduce using rule 120 (arithmetic_factor -> variable_reference .) ]
  ! POINTER         [ reduce using rule 120 (arithmetic_factor -> variable_reference .) ]
  ! PPOINTER        [ reduce using rule 120 (arithmetic_factor -> variable_reference .) ]
  ! NULLCOALESCE    [ reduce using rule 120 (arithmetic_factor -> variable_reference .) ]
  ! VAR_DECL        [ reduce using rule 120 (arithmetic_factor -> variable_reference .) ]
  ! INT             [ reduce using rule 120 (arithmetic_factor -> variable_reference .) ]
  ! FLOAT           [ reduce using rule 120 (arithmetic_factor -> variable_reference .) ]
  ! IDENTIFIER      [ reduce using rule 120 (arithmetic_factor -> variable_reference .) ]
  ! LCURLY_BRACKET  [ reduce using rule 120 (arithmetic_factor -> variable_reference .) ]
  ! VAR_ACCESS      [ reduce using rule 120 (arithmetic_factor -> variable_reference .) ]
  ! MAP             [ reduce using rule 120 (arithmetic_factor -> variable_reference .) ]
  ! FILTER          [ reduce using rule 120 (arithmetic_factor -> variable_reference .) ]
  ! REDUCE          [ reduce using rule 120 (arithmetic_factor -> variable_reference .) ]
  ! FOREACH         [ reduce using rule 120 (arithmetic_factor -> variable_reference .) ]
  ! FLATMAP         [ reduce using rule 120 (arithmetic_factor -> variable_reference .) ]
  ! FANOUT          [ reduce using rule 120 (arithmetic_factor -> variable_reference .) ]
  ! LBRACKET        [ reduce using rule 120 (arithmetic_factor -> variable_reference .) ]
  ! NULL            [ reduce using rule 120 (arithmetic_factor -> variable_reference .) ]
  ! LOGICAL_NOT     [ reduce using rule 120 (arithmetic_factor -> variable_reference .) ]
  ! BITWISE_NOT     [ reduce using rule 120 (arithmetic_factor -> variable_reference .) ]
  ! LPAREN          [ reduce using rule 120 (arithmetic_factor -> variable_reference .) ]
  ! STRING_LITERAL  [ reduce using rule 120 (arithmetic_factor -> variable_reference .) ]
  ! $end            [ reduce using rule 120 (arithmetic_factor -> variable_reference .) ]
  ! RBRACKET        [ reduce using rule 120 (arithmetic_factor -> variable_reference .) ]
  ! SEPARATOR       [ reduce using rule 120 (arithmetic_factor -> variable_reference .) ]
  ! RCURLY_BRACKET  [ reduce using rule 120 (arithmetic_factor -> variable_reference .) ]
  ! QUESTION        [ reduce using rule 120 (arithmetic_factor -> variable_reference .) ]
  ! COLON           [ reduce using rule 120 (arithmetic_factor -> variable_reference .) ]
  ! RPAREN          [ reduce using rule 120 (arithmetic_factor -> variable_reference .) ]


state 17

    (29) task -> meta_event .
    (30) task -> meta_event . LBRACKET assigment_expression_group RBRACKET

  ! shift/reduce conflict for LBRACKET resolved as shift
    RETRY           reduce using rule 29 (task -> meta_event .)
    LPAREN          reduce using rule 29 (task -> meta_event .)
    POINTER         reduce using rule 29 (task -> meta_event .)
    PPOINTER        reduce using rule 29 (task -> meta_event .)
    PARALLEL        reduce using rule 29 (task -> meta_event .)
    EQ              reduce using rule 29 (task -> meta_event .)
    NE              reduce using rule 29 (task -> meta_event .)
    LANGLE          reduce using rule 29 (task -> meta_event .)
    RANGLE          reduce using rule 29 (task -> meta_event .)
    LE              reduce using rule 29 (task -> meta_event .)
    GE              reduce using rule 29 (task -> meta_event .)
    NULLCOALESCE    reduce using rule 29 (task -> meta_event .)
    VAR_DECL        reduce using rule 29 (task -> meta_event .)
    INT             reduce using rule 29 (task -> meta_event .)
    FLOAT           reduce using rule 29 (task -> meta_event .)
    IDENTIFIER      reduce using rule 29 (task -> meta_event .)
    LCURLY_BRACKET  reduce using rule 29 (task -> meta_event .)
    VAR_ACCESS      reduce using rule 29 (task -> meta_event .)
    MAP             reduce using rule 29 (task -> meta_event .)
    FILTER          reduce using rule 29 (task -> meta_event .)
    REDUCE          reduce using rule 29 (task -> meta_event .)
    FOREACH         reduce using rule 29 (task -> meta_event .)
    FLATMAP         reduce using rule 29 (task -> meta_event .)
    FANOUT          reduce using rule 29 (task -> meta_event .)
    NULL            reduce using rule 29 (task -> meta_event .)
    LOGICAL_NOT     reduce using rule 29 (task -> meta_event .)
    BITWISE_NOT     reduce using rule 29 (task -> meta_event .)
    MINUS           reduce using rule 29 (task -> meta_event .)
    STRING_LITERAL  reduce using rule 29 (task -> meta_event .)
    $end            reduce using rule 29 (task -> meta_event .)
    RCURLY_BRACKET  reduce using rule 29 (task -> meta_event .)
    QUESTION        reduce using rule 29 (task -> meta_event .)
    RBRACKET        reduce using rule 29 (task -> meta_event .)
    SEPARATOR       reduce using rule 29 (task -> meta_event .)
    COLON           reduce using rule 29 (task -> meta_event .)
    RPAREN          reduce using rule 29 (task -> meta_event .)
    LBRACKET        shift and go to state 74

  ! LBRACKET        [ reduce using rule 29 (task -> meta_event .) ]


state 18

    (53) list -> LBRACKET . list_elements RBRACKET
    (54) list_elements -> . value
    (55) list_elements -> . list_elements SEPARATOR value
    (56) list_elements -> . empty
    (41) value -> . list
    (42) value -> . map
    (43) value -> . arithmetic_expr
    (44) value -> . null_value
    (45) value -> . comparison_expression
    (46) value -> . ternary_expression
    (47) value -> . null_coalesce_expression
    (57) empty -> .
    (53) list -> . LBRACKET list_elements RBRACKET
    (48) map -> . LCURLY_BRACKET map_entries RCURLY_BRACKET
    (82) arithmetic_expr -> . logical_or_expression
    (62) null_value -> . NULL
    (17) comparison_expression -> . expression EQ expression
    (18) comparison_expression -> . expression NE expression
    (19) comparison_expression -> . expression LANGLE expression
    (20) comparison_expression -> . expression RANGLE expression
    (21) comparison_expression -> . expression LE expression
    (22) comparison_expression -> . expression GE expression
    (16) ternary_expression -> . comparison_expression QUESTION expression COLON expression
    (23) null_coalesce_expression -> . expression NULLCOALESCE expression
    (83) logical_or_expression -> . logical_or_expression PARALLEL logical_and_expression
    (84) logical_or_expression -> . logical_and_expression
    (7) expression -> . expression POINTER expression
    (8) expression -> . expression PPOINTER expression
    (9) expression -> . expression PARALLEL expression
    (10) expression -> . descriptor POINTER expression
    (11) expression -> . descriptor PPOINTER expression
    (12) expression -> . factor RETRY task
    (13) expression -> . task RETRY factor
    (14) expression -> . expression_groupings RETRY factor
    (15) expression -> . factor RETRY expression_groupings
    (24) expression -> . term
    (85) logical_and_expression -> . logical_and_expression LOGICAL_AND bitwise_or_expression
    (86) logical_and_expression -> . bitwise_or_expression
    (65) descriptor -> . INT
    (66) factor -> . INT
    (67) factor -> . FLOAT
    (68) factor -> . variable_reference
    (29) task -> . meta_event
    (30) task -> . meta_event LBRACKET assigment_expression_group RBRACKET
    (69) task -> . task_name
    (70) task -> . IDENTIFIER DOUBLE_COLON task_name
    (75) task -> . task LPAREN conditional_group RPAREN
    (80) expression_groupings -> . LCURLY_BRACKET expression RCURLY_BRACKET
    (81) expression_groupings -> . LCURLY_BRACKET expression RCURLY_BRACKET LBRACKET assigment_expression_group RBRACKET
    (25) term -> . task
    (26) term -> . expression_groupings
    (27) term -> . value
    (28) term -> . variable_reference
    (87) bitwise_or_expression -> . bitwise_or_expression BITWISE_OR bitwise_xor_expression
    (88) bitwise_or_expression -> . bitwise_xor_expression
    (63) variable_reference -> . VAR_ACCESS
    (64) variable_reference -> . VAR_ACCESS DOT IDENTIFIER
    (31) meta_event -> . meta_mode LANGLE IDENTIFIER RANGLE
    (32) meta_event -> . meta_mode LANGLE IDENTIFIER DOUBLE_COLON IDENTIFIER RANGLE
    (71) task_name -> . IDENTIFIER
    (72) task_name -> . IDENTIFIER LBRACKET assigment_expression_group RBRACKET
    (89) bitwise_xor_expression -> . bitwise_xor_expression BITWISE_XOR bitwise_and_expression
    (90) bitwise_xor_expression -> . bitwise_and_expression
    (33) meta_mode -> . MAP
    (34) meta_mode -> . FILTER
    (35) meta_mode -> . REDUCE
    (36) meta_mode -> . FOREACH
    (37) meta_mode -> . FLATMAP
    (38) meta_mode -> . FANOUT
    (91) bitwise_and_expression -> . bitwise_and_expression BITWISE_AND arith_comparison_expression
    (92) bitwise_and_expression -> . arith_comparison_expression
    (93) arith_comparison_expression -> . arith_comparison_expression EQ shift_expression
    (94) arith_comparison_expression -> . arith_comparison_expression NE shift_expression
    (95) arith_comparison_expression -> . arith_comparison_expression LANGLE shift_expression
    (96) arith_comparison_expression -> . arith_comparison_expression RANGLE shift_expression
    (97) arith_comparison_expression -> . arith_comparison_expression LE shift_expression
    (98) arith_comparison_expression -> . arith_comparison_expression GE shift_expression
    (99) arith_comparison_expression -> . shift_expression
    (100) shift_expression -> . shift_expression LSHL additive_expression
    (101) shift_expression -> . shift_expression LSHR additive_expression
    (102) shift_expression -> . shift_expression ASHR additive_expression
    (103) shift_expression -> . additive_expression
    (104) additive_expression -> . additive_expression PLUS multiplicative_expression
    (105) additive_expression -> . additive_expression MINUS multiplicative_expression
    (106) additive_expression -> . multiplicative_expression
    (107) multiplicative_expression -> . multiplicative_expression DIV unary_expression
    (108) multiplicative_expression -> . multiplicative_expression MOD unary_expression
    (109) multiplicative_expression -> . multiplicative_expression RETRY unary_expression
    (110) multiplicative_expression -> . unary_expression
    (111) unary_expression -> . LOGICAL_NOT unary_expression
    (112) unary_expression -> . BITWISE_NOT unary_expression
    (113) unary_expression -> . MINUS unary_expression
    (114) unary_expression -> . primary_expression
    (115) primary_expression -> . LPAREN arithmetic_expr RPAREN
    (116) primary_expression -> . arithmetic_factor
    (117) arithmetic_factor -> . INT
    (118) arithmetic_factor -> . FLOAT
    (119) arithmetic_factor -> . STRING_LITERAL
    (120) arithmetic_factor -> . variable_reference

    RBRACKET        reduce using rule 57 (empty -> .)
    SEPARATOR       reduce using rule 57 (empty -> .)
    LBRACKET        shift and go to state 18
    LCURLY_BRACKET  shift and go to state 78
    NULL            shift and go to state 39
    INT             shift and go to state 14
    FLOAT           shift and go to state 15
    IDENTIFIER      shift and go to state 20
    VAR_ACCESS      shift and go to state 23
    MAP             shift and go to state 32
    FILTER          shift and go to state 33
    REDUCE          shift and go to state 34
    FOREACH         shift and go to state 35
    FLATMAP         shift and go to state 36
    FANOUT          shift and go to state 37
    LOGICAL_NOT     shift and go to state 50
    BITWISE_NOT     shift and go to state 51
    MINUS           shift and go to state 48
    LPAREN          shift and go to state 21
    STRING_LITERAL  shift and go to state 54

    list_elements                  shift and go to state 75
    value                          shift and go to state 76
    empty                          shift and go to state 77
    list                           shift and go to state 25
    map                            shift and go to state 26
    arithmetic_expr                shift and go to state 27
    null_value                     shift and go to state 28
    comparison_expression          shift and go to state 29
    ternary_expression             shift and go to state 30
    null_coalesce_expression       shift and go to state 31
    logical_or_expression          shift and go to state 38
    expression                     shift and go to state 79
    logical_and_expression         shift and go to state 40
    descriptor                     shift and go to state 9
    factor                         shift and go to state 10
    task                           shift and go to state 11
    expression_groupings           shift and go to state 12
    term                           shift and go to state 13
    bitwise_or_expression          shift and go to state 41
    variable_reference             shift and go to state 16
    meta_event                     shift and go to state 17
    task_name                      shift and go to state 19
    bitwise_xor_expression         shift and go to state 42
    meta_mode                      shift and go to state 24
    bitwise_and_expression         shift and go to state 43
    arith_comparison_expression    shift and go to state 44
    shift_expression               shift and go to state 45
    additive_expression            shift and go to state 46
    multiplicative_expression      shift and go to state 47
    unary_expression               shift and go to state 49
    primary_expression             shift and go to state 52
    arithmetic_factor              shift and go to state 53

state 19

    (69) task -> task_name .

    RETRY           reduce using rule 69 (task -> task_name .)
    LPAREN          reduce using rule 69 (task -> task_name .)
    POINTER         reduce using rule 69 (task -> task_name .)
    PPOINTER        reduce using rule 69 (task -> task_name .)
    PARALLEL        reduce using rule 69 (task -> task_name .)
    EQ              reduce using rule 69 (task -> task_name .)
    NE              reduce using rule 69 (task -> task_name .)
    LANGLE          reduce using rule 69 (task -> task_name .)
    RANGLE          reduce using rule 69 (task -> task_name .)
    LE              reduce using rule 69 (task -> task_name .)
    GE              reduce using rule 69 (task -> task_name .)
    NULLCOALESCE    reduce using rule 69 (task -> task_name .)
    VAR_DECL        reduce using rule 69 (task -> task_name .)
    INT             reduce using rule 69 (task -> task_name .)
    FLOAT           reduce using rule 69 (task -> task_name .)
    IDENTIFIER      reduce using rule 69 (task -> task_name .)
    LCURLY_BRACKET  reduce using rule 69 (task -> task_name .)
    VAR_ACCESS      reduce using rule 69 (task -> task_name .)
    MAP             reduce using rule 69 (task -> task_name .)
    FILTER          reduce using rule 69 (task -> task_name .)
    REDUCE          reduce using rule 69 (task -> task_name .)
    FOREACH         reduce using rule 69 (task -> task_name .)
    FLATMAP         reduce using rule 69 (task -> task_name .)
    FANOUT          reduce using rule 69 (task -> task_name .)
    LBRACKET        reduce using rule 69 (task -> task_name .)
    NULL            reduce using rule 69 (task -> task_name .)
    LOGICAL_NOT     reduce using rule 69 (task -> task_name .)
    BITWISE_NOT     reduce using rule 69 (task -> task_name .)
    MINUS           reduce using rule 69 (task -> task_name .)
    STRING_LITERAL  reduce using rule 69 (task -> task_name .)
    $end            reduce using rule 69 (task -> task_name .)
    RCURLY_BRACKET  reduce using rule 69 (task -> task_name .)
    QUESTION        reduce using rule 69 (task -> task_name .)
    RBRACKET        reduce using rule 69 (task -> task_name .)
    SEPARATOR       reduce using rule 69 (task -> task_name .)
    COLON           reduce using rule 69 (task -> task_name .)
    RPAREN          reduce using rule 69 (task -> task_name .)


state 20

    (70) task -> IDENTIFIER . DOUBLE_COLON task_name
    (71) task_name -> IDENTIFIER .
    (72) task_name -> IDENTIFIER . LBRACKET assigment_expression_group RBRACKET

  ! shift/reduce conflict for LBRACKET resolved as shift
    DOUBLE_COLON    shift and go to state 80
    RETRY           reduce using rule 71 (task_name -> IDENTIFIER .)
    LPAREN          reduce using rule 71 (task_name -> IDENTIFIER .)
    POINTER         reduce using rule 71 (task_name -> IDENTIFIER .)
    PPOINTER        reduce using rule 71 (task_name -> IDENTIFIER .)
    PARALLEL        reduce using rule 71 (task_name -> IDENTIFIER .)
    EQ              reduce using rule 71 (task_name -> IDENTIFIER .)
    NE              reduce using rule 71 (task_name -> IDENTIFIER .)
    LANGLE          reduce using rule 71 (task_name -> IDENTIFIER .)
    RANGLE          reduce using rule 71 (task_name -> IDENTIFIER .)
    LE              reduce using rule 71 (task_name -> IDENTIFIER .)
    GE              reduce using rule 71 (task_name -> IDENTIFIER .)
    NULLCOALESCE    reduce using rule 71 (task_name -> IDENTIFIER .)
    VAR_DECL        reduce using rule 71 (task_name -> IDENTIFIER .)
    INT             reduce using rule 71 (task_name -> IDENTIFIER .)
    FLOAT           reduce using rule 71 (task_name -> IDENTIFIER .)
    IDENTIFIER      reduce using rule 71 (task_name -> IDENTIFIER .)
    LCURLY_BRACKET  reduce using rule 71 (task_name -> IDENTIFIER .)
    VAR_ACCESS      reduce using rule 71 (task_name -> IDENTIFIER .)
    MAP             reduce using rule 71 (task_name -> IDENTIFIER .)
    FILTER          reduce using rule 71 (task_name -> IDENTIFIER .)
    REDUCE          reduce using rule 71 (task_name -> IDENTIFIER .)
    FOREACH         reduce using rule 71 (task_name -> IDENTIFIER .)
    FLATMAP         reduce using rule 71 (task_name -> IDENTIFIER .)
    FANOUT          reduce using rule 71 (task_name -> IDENTIFIER .)
    NULL            reduce using rule 71 (task_name -> IDENTIFIER .)
    LOGICAL_NOT     reduce using rule 71 (task_name -> IDENTIFIER .)
    BITWISE_NOT     reduce using rule 71 (task_name -> IDENTIFIER .)
    MINUS           reduce using rule 71 (task_name -> IDENTIFIER .)
    STRING_LITERAL  reduce using rule 71 (task_name -> IDENTIFIER .)
    $end            reduce using rule 71 (task_name -> IDENTIFIER .)
    RCURLY_BRACKET  reduce using rule 71 (task_name -> IDENTIFIER .)
    QUESTION        reduce using rule 71 (task_name -> IDENTIFIER .)
    RBRACKET        reduce using rule 71 (task_name -> IDENTIFIER .)
    SEPARATOR       reduce using rule 71 (task_name -> IDENTIFIER .)
    COLON           reduce using rule 71 (task_name -> IDENTIFIER .)
    RPAREN          reduce using rule 71 (task_name -> IDENTIFIER .)
    LBRACKET        shift and go to state 81

  ! LBRACKET        [ reduce using rule 71 (task_name -> IDENTIFIER .) ]


state 21

    (115) primary_expression -> LPAREN . arithmetic_expr RPAREN
    (82) arithmetic_expr -> . logical_or_expression
    (83) logical_or_expression -> . logical_or_expression PARALLEL logical_and_expression
    (84) logical_or_expression -> . logical_and_expression
    (85) logical_and_expression -> . logical_and_expression LOGICAL_AND bitwise_or_expression
    (86) logical_and_expression -> . bitwise_or_expression
    (87) bitwise_or_expression -> . bitwise_or_expression BITWISE_OR bitwise_xor_expression
    (88) bitwise_or_expression -> . bitwise_xor_expression
    (89) bitwise_xor_expression -> . bitwise_xor_expression BITWISE_XOR bitwise_and_expression
    (90) bitwise_xor_expression -> . bitwise_and_expression
    (91) bitwise_and_expression -> . bitwise_and_expression BITWISE_AND arith_comparison_expression
    (92) bitwise_and_expression -> . arith_comparison_expression
    (93) arith_comparison_expression -> . arith_comparison_expression EQ shift_expression
    (94) arith_comparison_expression -> . arith_comparison_expression NE shift_expression
    (95) arith_comparison_expression -> . arith_comparison_expression LANGLE shift_expression
    (96) arith_comparison_expression -> . arith_comparison_expression RANGLE shift_expression
    (97) arith_comparison_expression -> . arith_comparison_expression LE shift_expression
    (98) arith_comparison_expression -> . arith_comparison_expression GE shift_expression
    (99) arith_comparison_expression -> . shift_expression
    (100) shift_expression -> . shift_expression LSHL additive_expression
    (101) shift_expression -> . shift_expression LSHR additive_expression
    (102) shift_expression -> . shift_expression ASHR additive_expression
    (103) shift_expression -> . additive_expression
    (104) additive_expression -> . additive_expression PLUS multiplicative_expression
    (105) additive_expression -> . additive_expression MINUS multiplicative_expression
    (106) additive_expression -> . multiplicative_expression
    (107) multiplicative_expression -> . multiplicative_expression DIV unary_expression
    (108) multiplicative_expression -> . multiplicative_expression MOD unary_expression
    (109) multiplicative_expression -> . multiplicative_expression RETRY unary_expression
    (110) multiplicative_expression -> . unary_expression
    (111) unary_expression -> . LOGICAL_NOT unary_expression
    (112) unary_expression -> . BITWISE_NOT unary_expression
    (113) unary_expression -> . MINUS unary_expression
    (114) unary_expression -> . primary_expression
    (115) primary_expression -> . LPAREN arithmetic_expr RPAREN
    (116) primary_expression -> . arithmetic_factor
    (117) arithmetic_factor -> . INT
    (118) arithmetic_factor -> . FLOAT
    (119) arithmetic_factor -> . STRING_LITERAL
    (120) arithmetic_factor -> . variable_reference
    (63) variable_reference -> . VAR_ACCESS
    (64) variable_reference -> . VAR_ACCESS DOT IDENTIFIER

    LOGICAL_NOT     shift and go to state 50
    BITWISE_NOT     shift and go to state 51
    MINUS           shift and go to state 48
    LPAREN          shift and go to state 21
    INT             shift and go to state 83
    FLOAT           shift and go to state 84
    STRING_LITERAL  shift and go to state 54
    VAR_ACCESS      shift and go to state 23

    arithmetic_expr                shift and go to state 82
    logical_or_expression          shift and go to state 38
    logical_and_expression         shift and go to state 40
    bitwise_or_expression          shift and go to state 41
    bitwise_xor_expression         shift and go to state 42
    bitwise_and_expression         shift and go to state 43
    arith_comparison_expression    shift and go to state 44
    shift_expression               shift and go to state 45
    additive_expression            shift and go to state 46
    multiplicative_expression      shift and go to state 47
    unary_expression               shift and go to state 49
    primary_expression             shift and go to state 52
    arithmetic_factor              shift and go to state 53
    variable_reference             shift and go to state 85

state 22

    (80) expression_groupings -> LCURLY_BRACKET . expression RCURLY_BRACKET
    (81) expression_groupings -> LCURLY_BRACKET . expression RCURLY_BRACKET LBRACKET assigment_expression_group RBRACKET
    (48) map -> LCURLY_BRACKET . map_entries RCURLY_BRACKET
    (7) expression -> . expression POINTER expression
    (8) expression -> . expression PPOINTER expression
    (9) expression -> . expression PARALLEL expression
    (10) expression -> . descriptor POINTER expression
    (11) expression -> . descriptor PPOINTER expression
    (12) expression -> . factor RETRY task
    (13) expression -> . task RETRY factor
    (14) expression -> . expression_groupings RETRY factor
    (15) expression -> . factor RETRY expression_groupings
    (24) expression -> . term
    (49) map_entries -> . empty
    (50) map_entries -> . map_entry
    (51) map_entries -> . map_entries SEPARATOR map_entry
    (65) descriptor -> . INT
    (66) factor -> . INT
    (67) factor -> . FLOAT
    (68) factor -> . variable_reference
    (29) task -> . meta_event
    (30) task -> . meta_event LBRACKET assigment_expression_group RBRACKET
    (69) task -> . task_name
    (70) task -> . IDENTIFIER DOUBLE_COLON task_name
    (75) task -> . task LPAREN conditional_group RPAREN
    (80) expression_groupings -> . LCURLY_BRACKET expression RCURLY_BRACKET
    (81) expression_groupings -> . LCURLY_BRACKET expression RCURLY_BRACKET LBRACKET assigment_expression_group RBRACKET
    (25) term -> . task
    (26) term -> . expression_groupings
    (27) term -> . value
    (28) term -> . variable_reference
    (57) empty -> .
    (52) map_entry -> . STRING_LITERAL COLON value
    (63) variable_reference -> . VAR_ACCESS
    (64) variable_reference -> . VAR_ACCESS DOT IDENTIFIER
    (31) meta_event -> . meta_mode LANGLE IDENTIFIER RANGLE
    (32) meta_event -> . meta_mode LANGLE IDENTIFIER DOUBLE_COLON IDENTIFIER RANGLE
    (71) task_name -> . IDENTIFIER
    (72) task_name -> . IDENTIFIER LBRACKET assigment_expression_group RBRACKET
    (41) value -> . list
    (42) value -> . map
    (43) value -> . arithmetic_expr
    (44) value -> . null_value
    (45) value -> . comparison_expression
    (46) value -> . ternary_expression
    (47) value -> . null_coalesce_expression
    (33) meta_mode -> . MAP
    (34) meta_mode -> . FILTER
    (35) meta_mode -> . REDUCE
    (36) meta_mode -> . FOREACH
    (37) meta_mode -> . FLATMAP
    (38) meta_mode -> . FANOUT
    (53) list -> . LBRACKET list_elements RBRACKET
    (48) map -> . LCURLY_BRACKET map_entries RCURLY_BRACKET
    (82) arithmetic_expr -> . logical_or_expression
    (62) null_value -> . NULL
    (17) comparison_expression -> . expression EQ expression
    (18) comparison_expression -> . expression NE expression
    (19) comparison_expression -> . expression LANGLE expression
    (20) comparison_expression -> . expression RANGLE expression
    (21) comparison_expression -> . expression LE expression
    (22) comparison_expression -> . expression GE expression
    (16) ternary_expression -> . comparison_expression QUESTION expression COLON expression
    (23) null_coalesce_expression -> . expression NULLCOALESCE expression
    (83) logical_or_expression -> . logical_or_expression PARALLEL logical_and_expression
    (84) logical_or_expression -> . logical_and_expression
    (85) logical_and_expression -> . logical_and_expression LOGICAL_AND bitwise_or_expression
    (86) logical_and_expression -> . bitwise_or_expression
    (87) bitwise_or_expression -> . bitwise_or_expression BITWISE_OR bitwise_xor_expression
    (88) bitwise_or_expression -> . bitwise_xor_expression
    (89) bitwise_xor_expression -> . bitwise_xor_expression BITWISE_XOR bitwise_and_expression
    (90) bitwise_xor_expression -> . bitwise_and_expression
    (91) bitwise_and_expression -> . bitwise_and_expression BITWISE_AND arith_comparison_expression
    (92) bitwise_and_expression -> . arith_comparison_expression
    (93) arith_comparison_expression -> . arith_comparison_expression EQ shift_expression
    (94) arith_comparison_expression -> . arith_comparison_expression NE shift_expression
    (95) arith_comparison_expression -> . arith_comparison_expression LANGLE shift_expression
    (96) arith_comparison_expression -> . arith_comparison_expression RANGLE shift_expression
    (97) arith_comparison_expression -> . arith_comparison_expression LE shift_expression
    (98) arith_comparison_expression -> . arith_comparison_expression GE shift_expression
    (99) arith_comparison_expression -> . shift_expression
    (100) shift_expression -> . shift_expression LSHL additive_expression
    (101) shift_expression -> . shift_expression LSHR additive_expression
    (102) shift_expression -> . shift_expression ASHR additive_expression
    (103) shift_expression -> . additive_expression
    (104) additive_expression -> . additive_expression PLUS multiplicative_expression
    (105) additive_expression -> . additive_expression MINUS multiplicative_expression
    (106) additive_expression -> . multiplicative_expression
    (107) multiplicative_expression -> . multiplicative_expression DIV unary_expression
    (108) multiplicative_expression -> . multiplicative_expression MOD unary_expression
    (109) multiplicative_expression -> . multiplicative_expression RETRY unary_expression
    (110) multiplicative_expression -> . unary_expression
    (111) unary_expression -> . LOGICAL_NOT unary_expression
    (112) unary_expression -> . BITWISE_NOT unary_expression
    (113) unary_expression -> . MINUS unary_expression
    (114) unary_expression -> . primary_expression
    (115) primary_expression -> . LPAREN arithmetic_expr RPAREN
    (116) primary_expression -> . arithmetic_factor
    (117) arithmetic_factor -> . INT
    (118) arithmetic_factor -> . FLOAT
    (119) arithmetic_factor -> . STRING_LITERAL
    (120) arithmetic_factor -> . variable_reference

    INT             shift and go to state 14
    FLOAT           shift and go to state 15
    IDENTIFIER      shift and go to state 20
    LCURLY_BRACKET  shift and go to state 22
    RCURLY_BRACKET  reduce using rule 57 (empty -> .)
    SEPARATOR       reduce using rule 57 (empty -> .)
    STRING_LITERAL  shift and go to state 90
    VAR_ACCESS      shift and go to state 23
    MAP             shift and go to state 32
    FILTER          shift and go to state 33
    REDUCE          shift and go to state 34
    FOREACH         shift and go to state 35
    FLATMAP         shift and go to state 36
    FANOUT          shift and go to state 37
    LBRACKET        shift and go to state 18
    NULL            shift and go to state 39
    LOGICAL_NOT     shift and go to state 50
    BITWISE_NOT     shift and go to state 51
    MINUS           shift and go to state 48
    LPAREN          shift and go to state 21

    expression                     shift and go to state 86
    map_entries                    shift and go to state 87
    descriptor                     shift and go to state 9
    factor                         shift and go to state 10
    task                           shift and go to state 11
    expression_groupings           shift and go to state 12
    term                           shift and go to state 13
    empty                          shift and go to state 88
    map_entry                      shift and go to state 89
    variable_reference             shift and go to state 16
    meta_event                     shift and go to state 17
    task_name                      shift and go to state 19
    value                          shift and go to state 8
    meta_mode                      shift and go to state 24
    list                           shift and go to state 25
    map                            shift and go to state 26
    arithmetic_expr                shift and go to state 27
    null_value                     shift and go to state 28
    comparison_expression          shift and go to state 29
    ternary_expression             shift and go to state 30
    null_coalesce_expression       shift and go to state 31
    logical_or_expression          shift and go to state 38
    logical_and_expression         shift and go to state 40
    bitwise_or_expression          shift and go to state 41
    bitwise_xor_expression         shift and go to state 42
    bitwise_and_expression         shift and go to state 43
    arith_comparison_expression    shift and go to state 44
    shift_expression               shift and go to state 45
    additive_expression            shift and go to state 46
    multiplicative_expression      shift and go to state 47
    unary_expression               shift and go to state 49
    primary_expression             shift and go to state 52
    arithmetic_factor              shift and go to state 53

state 23

    (63) variable_reference -> VAR_ACCESS .
    (64) variable_reference -> VAR_ACCESS . DOT IDENTIFIER

    RETRY           reduce using rule 63 (variable_reference -> VAR_ACCESS .)
    POINTER         reduce using rule 63 (variable_reference -> VAR_ACCESS .)
    PPOINTER        reduce using rule 63 (variable_reference -> VAR_ACCESS .)
    PARALLEL        reduce using rule 63 (variable_reference -> VAR_ACCESS .)
    EQ              reduce using rule 63 (variable_reference -> VAR_ACCESS .)
    NE              reduce using rule 63 (variable_reference -> VAR_ACCESS .)
    LANGLE          reduce using rule 63 (variable_reference -> VAR_ACCESS .)
    RANGLE          reduce using rule 63 (variable_reference -> VAR_ACCESS .)
    LE              reduce using rule 63 (variable_reference -> VAR_ACCESS .)
    GE              reduce using rule 63 (variable_reference -> VAR_ACCESS .)
    NULLCOALESCE    reduce using rule 63 (variable_reference -> VAR_ACCESS .)
    VAR_DECL        reduce using rule 63 (variable_reference -> VAR_ACCESS .)
    INT             reduce using rule 63 (variable_reference -> VAR_ACCESS .)
    FLOAT           reduce using rule 63 (variable_reference -> VAR_ACCESS .)
    IDENTIFIER      reduce using rule 63 (variable_reference -> VAR_ACCESS .)
    LCURLY_BRACKET  reduce using rule 63 (variable_reference -> VAR_ACCESS .)
    VAR_ACCESS      reduce using rule 63 (variable_reference -> VAR_ACCESS .)
    MAP             reduce using rule 63 (variable_reference -> VAR_ACCESS .)
    FILTER          reduce using rule 63 (variable_reference -> VAR_ACCESS .)
    REDUCE          reduce using rule 63 (variable_reference -> VAR_ACCESS .)
    FOREACH         reduce using rule 63 (variable_reference -> VAR_ACCESS .)
    FLATMAP         reduce using rule 63 (variable_reference -> VAR_ACCESS .)
    FANOUT          reduce using rule 63 (variable_reference -> VAR_ACCESS .)
    LBRACKET        reduce using rule 63 (variable_reference -> VAR_ACCESS .)
    NULL            reduce using rule 63 (variable_reference -> VAR_ACCESS .)
    LOGICAL_NOT     reduce using rule 63 (variable_reference -> VAR_ACCESS .)
    BITWISE_NOT     reduce using rule 63 (variable_reference -> VAR_ACCESS .)
    MINUS           reduce using rule 63 (variable_reference -> VAR_ACCESS .)
    LPAREN          reduce using rule 63 (variable_reference -> VAR_ACCESS .)
    STRING_LITERAL  reduce using rule 63 (variable_reference -> VAR_ACCESS .)
    $end            reduce using rule 63 (variable_reference -> VAR_ACCESS .)
    DIV             reduce using rule 63 (variable_reference -> VAR_ACCESS .)
    MOD             reduce using rule 63 (variable_reference -> VAR_ACCESS .)
    PLUS            reduce using rule 63 (variable_reference -> VAR_ACCESS .)
    LSHL            reduce using rule 63 (variable_reference -> VAR_ACCESS .)
    LSHR            reduce using rule 63 (variable_reference -> VAR_ACCESS .)
    ASHR            reduce using rule 63 (variable_reference -> VAR_ACCESS .)
    BITWISE_AND     reduce using rule 63 (variable_reference -> VAR_ACCESS .)
    BITWISE_XOR     reduce using rule 63 (variable_reference -> VAR_ACCESS .)
    BITWISE_OR      reduce using rule 63 (variable_reference -> VAR_ACCESS .)
    LOGICAL_AND     reduce using rule 63 (variable_reference -> VAR_ACCESS .)
    RBRACKET        reduce using rule 63 (variable_reference -> VAR_ACCESS .)
    SEPARATOR       reduce using rule 63 (variable_reference -> VAR_ACCESS .)
    RPAREN          reduce using rule 63 (variable_reference -> VAR_ACCESS .)
    RCURLY_BRACKET  reduce using rule 63 (variable_reference -> VAR_ACCESS .)
    QUESTION        reduce using rule 63 (variable_reference -> VAR_ACCESS .)
    COLON           reduce using rule 63 (variable_reference -> VAR_ACCESS .)
    DOT             shift and go to state 91


state 24

    (31) meta_event -> meta_mode . LANGLE IDENTIFIER RANGLE
    (32) meta_event -> meta_mode . LANGLE IDENTIFIER DOUBLE_COLON IDENTIFIER RANGLE

    LANGLE          shift and go to state 92


state 25

    (41) value -> list .

    POINTER         reduce using rule 41 (value -> list .)
    PPOINTER        reduce using rule 41 (value -> list .)
    PARALLEL        reduce using rule 41 (value -> list .)
    EQ              reduce using rule 41 (value -> list .)
    NE              reduce using rule 41 (value -> list .)
    LANGLE          reduce using rule 41 (value -> list .)
    RANGLE          reduce using rule 41 (value -> list .)
    LE              reduce using rule 41 (value -> list .)
    GE              reduce using rule 41 (value -> list .)
    NULLCOALESCE    reduce using rule 41 (value -> list .)
    VAR_DECL        reduce using rule 41 (value -> list .)
    INT             reduce using rule 41 (value -> list .)
    FLOAT           reduce using rule 41 (value -> list .)
    IDENTIFIER      reduce using rule 41 (value -> list .)
    LCURLY_BRACKET  reduce using rule 41 (value -> list .)
    VAR_ACCESS      reduce using rule 41 (value -> list .)
    MAP             reduce using rule 41 (value -> list .)
    FILTER          reduce using rule 41 (value -> list .)
    REDUCE          reduce using rule 41 (value -> list .)
    FOREACH         reduce using rule 41 (value -> list .)
    FLATMAP         reduce using rule 41 (value -> list .)
    FANOUT          reduce using rule 41 (value -> list .)
    LBRACKET        reduce using rule 41 (value -> list .)
    NULL            reduce using rule 41 (value -> list .)
    LOGICAL_NOT     reduce using rule 41 (value -> list .)
    BITWISE_NOT     reduce using rule 41 (value -> list .)
    MINUS           reduce using rule 41 (value -> list .)
    LPAREN          reduce using rule 41 (value -> list .)
    STRING_LITERAL  reduce using rule 41 (value -> list .)
    $end            reduce using rule 41 (value -> list .)
    RBRACKET        reduce using rule 41 (value -> list .)
    SEPARATOR       reduce using rule 41 (value -> list .)
    RCURLY_BRACKET  reduce using rule 41 (value -> list .)
    QUESTION        reduce using rule 41 (value -> list .)
    COLON           reduce using rule 41 (value -> list .)
    RPAREN          reduce using rule 41 (value -> list .)


state 26

    (42) value -> map .

    POINTER         reduce using rule 42 (value -> map .)
    PPOINTER        reduce using rule 42 (value -> map .)
    PARALLEL        reduce using rule 42 (value -> map .)
    EQ              reduce using rule 42 (value -> map .)
    NE              reduce using rule 42 (value -> map .)
    LANGLE          reduce using rule 42 (value -> map .)
    RANGLE          reduce using rule 42 (value -> map .)
    LE              reduce using rule 42 (value -> map .)
    GE              reduce using rule 42 (value -> map .)
    NULLCOALESCE    reduce using rule 42 (value -> map .)
    VAR_DECL        reduce using rule 42 (value -> map .)
    INT             reduce using rule 42 (value -> map .)
    FLOAT           reduce using rule 42 (value -> map .)
    IDENTIFIER      reduce using rule 42 (value -> map .)
    LCURLY_BRACKET  reduce using rule 42 (value -> map .)
    VAR_ACCESS      reduce using rule 42 (value -> map .)
    MAP             reduce using rule 42 (value -> map .)
    FILTER          reduce using rule 42 (value -> map .)
    REDUCE          reduce using rule 42 (value -> map .)
    FOREACH         reduce using rule 42 (value -> map .)
    FLATMAP         reduce using rule 42 (value -> map .)
    FANOUT          reduce using rule 42 (value -> map .)
    LBRACKET        reduce using rule 42 (value -> map .)
    NULL            reduce using rule 42 (value -> map .)
    LOGICAL_NOT     reduce using rule 42 (value -> map .)
    BITWISE_NOT     reduce using rule 42 (value -> map .)
    MINUS           reduce using rule 42 (value -> map .)
    LPAREN          reduce using rule 42 (value -> map .)
    STRING_LITERAL  reduce using rule 42 (value -> map .)
    $end            reduce using rule 42 (value -> map .)
    RBRACKET        reduce using rule 42 (value -> map .)
    SEPARATOR       reduce using rule 42 (value -> map .)
    RCURLY_BRACKET  reduce using rule 42 (value -> map .)
    QUESTION        reduce using rule 42 (value -> map .)
    COLON           reduce using rule 42 (value -> map .)
    RPAREN          reduce using rule 42 (value -> map .)


state 27

    (43) value -> arithmetic_expr .

    POINTER         reduce using rule 43 (value -> arithmetic_expr .)
    PPOINTER        reduce using rule 43 (value -> arithmetic_expr .)
    PARALLEL        reduce using rule 43 (value -> arithmetic_expr .)
    EQ              reduce using rule 43 (value -> arithmetic_expr .)
    NE              reduce using rule 43 (value -> arithmetic_expr .)
    LANGLE          reduce using rule 43 (value -> arithmetic_expr .)
    RANGLE          reduce using rule 43 (value -> arithmetic_expr .)
    LE              reduce using rule 43 (value -> arithmetic_expr .)
    GE              reduce using rule 43 (value -> arithmetic_expr .)
    NULLCOALESCE    reduce using rule 43 (value -> arithmetic_expr .)
    VAR_DECL        reduce using rule 43 (value -> arithmetic_expr .)
    INT             reduce using rule 43 (value -> arithmetic_expr .)
    FLOAT           reduce using rule 43 (value -> arithmetic_expr .)
    IDENTIFIER      reduce using rule 43 (value -> arithmetic_expr .)
    LCURLY_BRACKET  reduce using rule 43 (value -> arithmetic_expr .)
    VAR_ACCESS      reduce using rule 43 (value -> arithmetic_expr .)
    MAP             reduce using rule 43 (value -> arithmetic_expr .)
    FILTER          reduce using rule 43 (value -> arithmetic_expr .)
    REDUCE          reduce using rule 43 (value -> arithmetic_expr .)
    FOREACH         reduce using rule 43 (value -> arithmetic_expr .)
    FLATMAP         reduce using rule 43 (value -> arithmetic_expr .)
    FANOUT          reduce using rule 43 (value -> arithmetic_expr .)
    LBRACKET        reduce using rule 43 (value -> arithmetic_expr .)
    NULL            reduce using rule 43 (value -> arithmetic_expr .)
    LOGICAL_NOT     reduce using rule 43 (value -> arithmetic_expr .)
    BITWISE_NOT     reduce using rule 43 (value -> arithmetic_expr .)
    MINUS           reduce using rule 43 (value -> arithmetic_expr .)
    LPAREN          reduce using rule 43 (value -> arithmetic_expr .)
    STRING_LITERAL  reduce using rule 43 (value -> arithmetic_expr .)
    $end            reduce using rule 43 (value -> arithmetic_expr .)
    RBRACKET        reduce using rule 43 (value -> arithmetic_expr .)
    SEPARATOR       reduce using rule 43 (value -> arithmetic_expr .)
    RCURLY_BRACKET  reduce using rule 43 (value -> arithmetic_expr .)
    QUESTION        reduce using rule 43 (value -> arithmetic_expr .)
    COLON           reduce using rule 43 (value -> arithmetic_expr .)
    RPAREN          reduce using rule 43 (value -> arithmetic_expr .)


state 28

    (44) value -> null_value .

    POINTER         reduce using rule 44 (value -> null_value .)
    PPOINTER        reduce using rule 44 (value -> null_value .)
    PARALLEL        reduce using rule 44 (value -> null_value .)
    EQ              reduce using rule 44 (value -> null_value .)
    NE              reduce using rule 44 (value -> null_value .)
    LANGLE          reduce using rule 44 (value -> null_value .)
    RANGLE          reduce using rule 44 (value -> null_value .)
    LE              reduce using rule 44 (value -> null_value .)
    GE              reduce using rule 44 (value -> null_value .)
    NULLCOALESCE    reduce using rule 44 (value -> null_value .)
    VAR_DECL        reduce using rule 44 (value -> null_value .)
    INT             reduce using rule 44 (value -> null_value .)
    FLOAT           reduce using rule 44 (value -> null_value .)
    IDENTIFIER      reduce using rule 44 (value -> null_value .)
    LCURLY_BRACKET  reduce using rule 44 (value -> null_value .)
    VAR_ACCESS      reduce using rule 44 (value -> null_value .)
    MAP             reduce using rule 44 (value -> null_value .)
    FILTER          reduce using rule 44 (value -> null_value .)
    REDUCE          reduce using rule 44 (value -> null_value .)
    FOREACH         reduce using rule 44 (value -> null_value .)
    FLATMAP         reduce using rule 44 (value -> null_value .)
    FANOUT          reduce using rule 44 (value -> null_value .)
    LBRACKET        reduce using rule 44 (value -> null_value .)
    NULL            reduce using rule 44 (value -> null_value .)
    LOGICAL_NOT     reduce using rule 44 (value -> null_value .)
    BITWISE_NOT     reduce using rule 44 (value -> null_value .)
    MINUS           reduce using rule 44 (value -> null_value .)
    LPAREN          reduce using rule 44 (value -> null_value .)
    STRING_LITERAL  reduce using rule 44 (value -> null_value .)
    $end            reduce using rule 44 (value -> null_value .)
    RBRACKET        reduce using rule 44 (value -> null_value .)
    SEPARATOR       reduce using rule 44 (value -> null_value .)
    RCURLY_BRACKET  reduce using rule 44 (value -> null_value .)
    QUESTION        reduce using rule 44 (value -> null_value .)
    COLON           reduce using rule 44 (value -> null_value .)
    RPAREN          reduce using rule 44 (value -> null_value .)


state 29

    (45) value -> comparison_expression .
    (16) ternary_expression -> comparison_expression . QUESTION expression COLON expression

  ! shift/reduce conflict for QUESTION resolved as shift
    POINTER         reduce using rule 45 (value -> comparison_expression .)
    PPOINTER        reduce using rule 45 (value -> comparison_expression .)
    PARALLEL        reduce using rule 45 (value -> comparison_expression .)
    EQ              reduce using rule 45 (value -> comparison_expression .)
    NE              reduce using rule 45 (value -> comparison_expression .)
    LANGLE          reduce using rule 45 (value -> comparison_expression .)
    RANGLE          reduce using rule 45 (value -> comparison_expression .)
    LE              reduce using rule 45 (value -> comparison_expression .)
    GE              reduce using rule 45 (value -> comparison_expression .)
    NULLCOALESCE    reduce using rule 45 (value -> comparison_expression .)
    VAR_DECL        reduce using rule 45 (value -> comparison_expression .)
    INT             reduce using rule 45 (value -> comparison_expression .)
    FLOAT           reduce using rule 45 (value -> comparison_expression .)
    IDENTIFIER      reduce using rule 45 (value -> comparison_expression .)
    LCURLY_BRACKET  reduce using rule 45 (value -> comparison_expression .)
    VAR_ACCESS      reduce using rule 45 (value -> comparison_expression .)
    MAP             reduce using rule 45 (value -> comparison_expression .)
    FILTER          reduce using rule 45 (value -> comparison_expression .)
    REDUCE          reduce using rule 45 (value -> comparison_expression .)
    FOREACH         reduce using rule 45 (value -> comparison_expression .)
    FLATMAP         reduce using rule 45 (value -> comparison_expression .)
    FANOUT          reduce using rule 45 (value -> comparison_expression .)
    LBRACKET        reduce using rule 45 (value -> comparison_expression .)
    NULL            reduce using rule 45 (value -> comparison_expression .)
    LOGICAL_NOT     reduce using rule 45 (value -> comparison_expression .)
    BITWISE_NOT     reduce using rule 45 (value -> comparison_expression .)
    MINUS           reduce using rule 45 (value -> comparison_expression .)
    LPAREN          reduce using rule 45 (value -> comparison_expression .)
    STRING_LITERAL  reduce using rule 45 (value -> comparison_expression .)
    $end            reduce using rule 45 (value -> comparison_expression .)
    RBRACKET        reduce using rule 45 (value -> comparison_expression .)
    SEPARATOR       reduce using rule 45 (value -> comparison_expression .)
    RCURLY_BRACKET  reduce using rule 45 (value -> comparison_expression .)
    COLON           reduce using rule 45 (value -> comparison_expression .)
    RPAREN          reduce using rule 45 (value -> comparison_expression .)
    QUESTION        shift and go to state 93

  ! QUESTION        [ reduce using rule 45 (value -> comparison_expression .) ]


state 30

    (46) value -> ternary_expression .

    POINTER         reduce using rule 46 (value -> ternary_expression .)
    PPOINTER        reduce using rule 46 (value -> ternary_expression .)
    PARALLEL        reduce using rule 46 (value -> ternary_expression .)
    EQ              reduce using rule 46 (value -> ternary_expression .)
    NE              reduce using rule 46 (value -> ternary_expression .)
    LANGLE          reduce using rule 46 (value -> ternary_expression .)
    RANGLE          reduce using rule 46 (value -> ternary_expression .)
    LE              reduce using rule 46 (value -> ternary_expression .)
    GE              reduce using rule 46 (value -> ternary_expression .)
    NULLCOALESCE    reduce using rule 46 (value -> ternary_expression .)
    VAR_DECL        reduce using rule 46 (value -> ternary_expression .)
    INT             reduce using rule 46 (value -> ternary_expression .)
    FLOAT           reduce using rule 46 (value -> ternary_expression .)
    IDENTIFIER      reduce using rule 46 (value -> ternary_expression .)
    LCURLY_BRACKET  reduce using rule 46 (value -> ternary_expression .)
    VAR_ACCESS      reduce using rule 46 (value -> ternary_expression .)
    MAP             reduce using rule 46 (value -> ternary_expression .)
    FILTER          reduce using rule 46 (value -> ternary_expression .)
    REDUCE          reduce using rule 46 (value -> ternary_expression .)
    FOREACH         reduce using rule 46 (value -> ternary_expression .)
    FLATMAP         reduce using rule 46 (value -> ternary_expression .)
    FANOUT          reduce using rule 46 (value -> ternary_expression .)
    LBRACKET        reduce using rule 46 (value -> ternary_expression .)
    NULL            reduce using rule 46 (value -> ternary_expression .)
    LOGICAL_NOT     reduce using rule 46 (value -> ternary_expression .)
    BITWISE_NOT     reduce using rule 46 (value -> ternary_expression .)
    MINUS           reduce using rule 46 (value -> ternary_expression .)
    LPAREN          reduce using rule 46 (value -> ternary_expression .)
    STRING_LITERAL  reduce using rule 46 (value -> ternary_expression .)
    $end            reduce using rule 46 (value -> ternary_expression .)
    RBRACKET        reduce using rule 46 (value -> ternary_expression .)
    SEPARATOR       reduce using rule 46 (value -> ternary_expression .)
    RCURLY_BRACKET  reduce using rule 46 (value -> ternary_expression .)
    QUESTION        reduce using rule 46 (value -> ternary_expression .)
    COLON           reduce using rule 46 (value -> ternary_expression .)
    RPAREN          reduce using rule 46 (value -> ternary_expression .)


state 31

    (47) value -> null_coalesce_expression .

    POINTER         reduce using rule 47 (value -> null_coalesce_expression .)
    PPOINTER        reduce using rule 47 (value -> null_coalesce_expression .)
    PARALLEL        reduce using rule 47 (value -> null_coalesce_expression .)
    EQ              reduce using rule 47 (value -> null_coalesce_expression .)
    NE              reduce using rule 47 (value -> null_coalesce_expression .)
    LANGLE          reduce using rule 47 (value -> null_coalesce_expression .)
    RANGLE          reduce using rule 47 (value -> null_coalesce_expression .)
    LE              reduce using rule 47 (value -> null_coalesce_expression .)
    GE              reduce using rule 47 (value -> null_coalesce_expression .)
    NULLCOALESCE    reduce using rule 47 (value -> null_coalesce_expression .)
    VAR_DECL        reduce using rule 47 (value -> null_coalesce_expression .)
    INT             reduce using rule 47 (value -> null_coalesce_expression .)
    FLOAT           reduce using rule 47 (value -> null_coalesce_expression .)
    IDENTIFIER      reduce using rule 47 (value -> null_coalesce_expression .)
    LCURLY_BRACKET  reduce using rule 47 (value -> null_coalesce_expression .)
    VAR_ACCESS      reduce using rule 47 (value -> null_coalesce_expression .)
    MAP             reduce using rule 47 (value -> null_coalesce_expression .)
    FILTER          reduce using rule 47 (value -> null_coalesce_expression .)
    REDUCE          reduce using rule 47 (value -> null_coalesce_expression .)
    FOREACH         reduce using rule 47 (value -> null_coalesce_expression .)
    FLATMAP         reduce using rule 47 (value -> null_coalesce_expression .)
    FANOUT          reduce using rule 47 (value -> null_coalesce_expression .)
    LBRACKET        reduce using rule 47 (value -> null_coalesce_expression .)
    NULL            reduce using rule 47 (value -> null_coalesce_expression .)
    LOGICAL_NOT     reduce using rule 47 (value -> null_coalesce_expression .)
    BITWISE_NOT     reduce using rule 47 (value -> null_coalesce_expression .)
    MINUS           reduce using rule 47 (value -> null_coalesce_expression .)
    LPAREN          reduce using rule 47 (value -> null_coalesce_expression .)
    STRING_LITERAL  reduce using rule 47 (value -> null_coalesce_expression .)
    $end            reduce using rule 47 (value -> null_coalesce_expression .)
    RBRACKET        reduce using rule 47 (value -> null_coalesce_expression .)
    SEPARATOR       reduce using rule 47 (value -> null_coalesce_expression .)
    RCURLY_BRACKET  reduce using rule 47 (value -> null_coalesce_expression .)
    QUESTION        reduce using rule 47 (value -> null_coalesce_expression .)
    COLON           reduce using rule 47 (value -> null_coalesce_expression .)
    RPAREN          reduce using rule 47 (value -> null_coalesce_expression .)


state 32

    (33) meta_mode -> MAP .

    LANGLE          reduce using rule 33 (meta_mode -> MAP .)


state 33

    (34) meta_mode -> FILTER .

    LANGLE          reduce using rule 34 (meta_mode -> FILTER .)


state 34

    (35) meta_mode -> REDUCE .

    LANGLE          reduce using rule 35 (meta_mode -> REDUCE .)


state 35

    (36) meta_mode -> FOREACH .

    LANGLE          reduce using rule 36 (meta_mode -> FOREACH .)


state 36

    (37) meta_mode -> FLATMAP .

    LANGLE          reduce using rule 37 (meta_mode -> FLATMAP .)


state 37

    (38) meta_mode -> FANOUT .

    LANGLE          reduce using rule 38 (meta_mode -> FANOUT .)


state 38

    (82) arithmetic_expr -> logical_or_expression .
    (83) logical_or_expression -> logical_or_expression . PARALLEL logical_and_expression

  ! shift/reduce conflict for PARALLEL resolved as shift
    POINTER         reduce using rule 82 (arithmetic_expr -> logical_or_expression .)
    PPOINTER        reduce using rule 82 (arithmetic_expr -> logical_or_expression .)
    EQ              reduce using rule 82 (arithmetic_expr -> logical_or_expression .)
    NE              reduce using rule 82 (arithmetic_expr -> logical_or_expression .)
    LANGLE          reduce using rule 82 (arithmetic_expr -> logical_or_expression .)
    RANGLE          reduce using rule 82 (arithmetic_expr -> logical_or_expression .)
    LE              reduce using rule 82 (arithmetic_expr -> logical_or_expression .)
    GE              reduce using rule 82 (arithmetic_expr -> logical_or_expression .)
    NULLCOALESCE    reduce using rule 82 (arithmetic_expr -> logical_or_expression .)
    VAR_DECL        reduce using rule 82 (arithmetic_expr -> logical_or_expression .)
    INT             reduce using rule 82 (arithmetic_expr -> logical_or_expression .)
    FLOAT           reduce using rule 82 (arithmetic_expr -> logical_or_expression .)
    IDENTIFIER      reduce using rule 82 (arithmetic_expr -> logical_or_expression .)
    LCURLY_BRACKET  reduce using rule 82 (arithmetic_expr -> logical_or_expression .)
    VAR_ACCESS      reduce using rule 82 (arithmetic_expr -> logical_or_expression .)
    MAP             reduce using rule 82 (arithmetic_expr -> logical_or_expression .)
    FILTER          reduce using rule 82 (arithmetic_expr -> logical_or_expression .)
    REDUCE          reduce using rule 82 (arithmetic_expr -> logical_or_expression .)
    FOREACH         reduce using rule 82 (arithmetic_expr -> logical_or_expression .)
    FLATMAP         reduce using rule 82 (arithmetic_expr -> logical_or_expression .)
    FANOUT          reduce using rule 82 (arithmetic_expr -> logical_or_expression .)
    LBRACKET        reduce using rule 82 (arithmetic_expr -> logical_or_expression .)
    NULL            reduce using rule 82 (arithmetic_expr -> logical_or_expression .)
    LOGICAL_NOT     reduce using rule 82 (arithmetic_expr -> logical_or_expression .)
    BITWISE_NOT     reduce using rule 82 (arithmetic_expr -> logical_or_expression .)
    MINUS           reduce using rule 82 (arithmetic_expr -> logical_or_expression .)
    LPAREN          reduce using rule 82 (arithmetic_expr -> logical_or_expression .)
    STRING_LITERAL  reduce using rule 82 (arithmetic_expr -> logical_or_expression .)
    $end            reduce using rule 82 (arithmetic_expr -> logical_or_expression .)
    RBRACKET        reduce using rule 82 (arithmetic_expr -> logical_or_expression .)
    SEPARATOR       reduce using rule 82 (arithmetic_expr -> logical_or_expression .)
    RPAREN          reduce using rule 82 (arithmetic_expr -> logical_or_expression .)
    RCURLY_BRACKET  reduce using rule 82 (arithmetic_expr -> logical_or_expression .)
    QUESTION        reduce using rule 82 (arithmetic_expr -> logical_or_expression .)
    COLON           reduce using rule 82 (arithmetic_expr -> logical_or_expression .)
    PARALLEL        shift and go to state 94

  ! PARALLEL        [ reduce using rule 82 (arithmetic_expr -> logical_or_expression .) ]


state 39

    (62) null_value -> NULL .

    POINTER         reduce using rule 62 (null_value -> NULL .)
    PPOINTER        reduce using rule 62 (null_value -> NULL .)
    PARALLEL        reduce using rule 62 (null_value -> NULL .)
    EQ              reduce using rule 62 (null_value -> NULL .)
    NE              reduce using rule 62 (null_value -> NULL .)
    LANGLE          reduce using rule 62 (null_value -> NULL .)
    RANGLE          reduce using rule 62 (null_value -> NULL .)
    LE              reduce using rule 62 (null_value -> NULL .)
    GE              reduce using rule 62 (null_value -> NULL .)
    NULLCOALESCE    reduce using rule 62 (null_value -> NULL .)
    VAR_DECL        reduce using rule 62 (null_value -> NULL .)
    INT             reduce using rule 62 (null_value -> NULL .)
    FLOAT           reduce using rule 62 (null_value -> NULL .)
    IDENTIFIER      reduce using rule 62 (null_value -> NULL .)
    LCURLY_BRACKET  reduce using rule 62 (null_value -> NULL .)
    VAR_ACCESS      reduce using rule 62 (null_value -> NULL .)
    MAP             reduce using rule 62 (null_value -> NULL .)
    FILTER          reduce using rule 62 (null_value -> NULL .)
    REDUCE          reduce using rule 62 (null_value -> NULL .)
    FOREACH         reduce using rule 62 (null_value -> NULL .)
    FLATMAP         reduce using rule 62 (null_value -> NULL .)
    FANOUT          reduce using rule 62 (null_value -> NULL .)
    LBRACKET        reduce using rule 62 (null_value -> NULL .)
    NULL            reduce using rule 62 (null_value -> NULL .)
    LOGICAL_NOT     reduce using rule 62 (null_value -> NULL .)
    BITWISE_NOT     reduce using rule 62 (null_value -> NULL .)
    MINUS           reduce using rule 62 (null_value -> NULL .)
    LPAREN          reduce using rule 62 (null_value -> NULL .)
    STRING_LITERAL  reduce using rule 62 (null_value -> NULL .)
    $end            reduce using rule 62 (null_value -> NULL .)
    RBRACKET        reduce using rule 62 (null_value -> NULL .)
    SEPARATOR       reduce using rule 62 (null_value -> NULL .)
    RCURLY_BRACKET  reduce using rule 62 (null_value -> NULL .)
    QUESTION        reduce using rule 62 (null_value -> NULL .)
    COLON           reduce using rule 62 (null_value -> NULL .)
    RPAREN          reduce using rule 62 (null_value -> NULL .)


state 40

    (84) logical_or_expression -> logical_and_expression .
    (85) logical_and_expression -> logical_and_expression . LOGICAL_AND bitwise_or_expression

    PARALLEL        reduce using rule 84 (logical_or_expression -> logical_and_expression .)
    POINTER         reduce using rule 84 (logical_or_expression -> logical_and_expression .)
    PPOINTER        reduce using rule 84 (logical_or_expression -> logical_and_expression .)
    EQ              reduce using rule 84 (logical_or_expression -> logical_and_expression .)
    NE              reduce using rule 84 (logical_or_expression -> logical_and_expression .)
    LANGLE          reduce using rule 84 (logical_or_expression -> logical_and_expression .)
    RANGLE          reduce using rule 84 (logical_or_expression -> logical_and_expression .)
    LE              reduce using rule 84 (logical_or_expression -> logical_and_expression .)
    GE              reduce using rule 84 (logical_or_expression -> logical_and_expression .)
    NULLCOALESCE    reduce using rule 84 (logical_or_expression -> logical_and_expression .)
    VAR_DECL        reduce using rule 84 (logical_or_expression -> logical_and_expression .)
    INT             reduce using rule 84 (logical_or_expression -> logical_and_expression .)
    FLOAT           reduce using rule 84 (logical_or_expression -> logical_and_expression .)
    IDENTIFIER      reduce using rule 84 (logical_or_expression -> logical_and_expression .)
    LCURLY_BRACKET  reduce using rule 84 (logical_or_expression -> logical_and_expression .)
    VAR_ACCESS      reduce using rule 84 (logical_or_expression -> logical_and_expression .)
    MAP             reduce using rule 84 (logical_or_expression -> logical_and_expression .)
    FILTER          reduce using rule 84 (logical_or_expression -> logical_and_expression .)
    REDUCE          reduce using rule 84 (logical_or_expression -> logical_and_expression .)
    FOREACH         reduce using rule 84 (logical_or_expression -> logical_and_expression .)
    FLATMAP         reduce using rule 84 (logical_or_expression -> logical_and_expression .)
    FANOUT          reduce using rule 84 (logical_or_expression -> logical_and_expression .)
    LBRACKET        reduce using rule 84 (logical_or_expression -> logical_and_expression .)
    NULL            reduce using rule 84 (logical_or_expression -> logical_and_expression .)
    LOGICAL_NOT     reduce using rule 84 (logical_or_expression -> logical_and_expression .)
    BITWISE_NOT     reduce using rule 84 (logical_or_expression -> logical_and_expression .)
    MINUS           reduce using rule 84 (logical_or_expression -> logical_and_expression .)
    LPAREN          reduce using rule 84 (logical_or_expression -> logical_and_expression .)
    STRING_LITERAL  reduce using rule 84 (logical_or_expression -> logical_and_expression .)
    $end            reduce using rule 84 (logical_or_expression -> logical_and_expression .)
    RBRACKET        reduce using rule 84 (logical_or_expression -> logical_and_expression .)
    SEPARATOR       reduce using rule 84 (logical_or_expression -> logical_and_expression .)
    RPAREN          reduce using rule 84 (logical_or_expression -> logical_and_expression .)
    RCURLY_BRACKET  reduce using rule 84 (logical_or_expression -> logical_and_expression .)
    QUESTION        reduce using rule 84 (logical_or_expression -> logical_and_expression .)
    COLON           reduce using rule 84 (logical_or_expression -> logical_and_expression .)
    LOGICAL_AND     shift and go to state 95


state 41

    (86) logical_and_expression -> bitwise_or_expression .
    (87) bitwise_or_expression -> bitwise_or_expression . BITWISE_OR bitwise_xor_expression

    LOGICAL_AND     reduce using rule 86 (logical_and_expression -> bitwise_or_expression .)
    PARALLEL        reduce using rule 86 (logical_and_expression -> bitwise_or_expression .)
    POINTER         reduce using rule 86 (logical_and_expression -> bitwise_or_expression .)
    PPOINTER        reduce using rule 86 (logical_and_expression -> bitwise_or_expression .)
    EQ              reduce using rule 86 (logical_and_expression -> bitwise_or_expression .)
    NE              reduce using rule 86 (logical_and_expression -> bitwise_or_expression .)
    LANGLE          reduce using rule 86 (logical_and_expression -> bitwise_or_expression .)
    RANGLE          reduce using rule 86 (logical_and_expression -> bitwise_or_expression .)
    LE              reduce using rule 86 (logical_and_expression -> bitwise_or_expression .)
    GE              reduce using rule 86 (logical_and_expression -> bitwise_or_expression .)
    NULLCOALESCE    reduce using rule 86 (logical_and_expression -> bitwise_or_expression .)
    VAR_DECL        reduce using rule 86 (logical_and_expression -> bitwise_or_expression .)
    INT             reduce using rule 86 (logical_and_expression -> bitwise_or_expression .)
    FLOAT           reduce using rule 86 (logical_and_expression -> bitwise_or_expression .)
    IDENTIFIER      reduce using rule 86 (logical_and_expression -> bitwise_or_expression .)
    LCURLY_BRACKET  reduce using rule 86 (logical_and_expression -> bitwise_or_expression .)
    VAR_ACCESS      reduce using rule 86 (logical_and_expression -> bitwise_or_expression .)
    MAP             reduce using rule 86 (logical_and_expression -> bitwise_or_expression .)
    FILTER          reduce using rule 86 (logical_and_expression -> bitwise_or_expression .)
    REDUCE          reduce using rule 86 (logical_and_expression -> bitwise_or_expression .)
    FOREACH         reduce using rule 86 (logical_and_expression -> bitwise_or_expression .)
    FLATMAP         reduce using rule 86 (logical_and_expression -> bitwise_or_expression .)
    FANOUT          reduce using rule 86 (logical_and_expression -> bitwise_or_expression .)
    LBRACKET        reduce using rule 86 (logical_and_expression -> bitwise_or_expression .)
    NULL            reduce using rule 86 (logical_and_expression -> bitwise_or_expression .)
    LOGICAL_NOT     reduce using rule 86 (logical_and_expression -> bitwise_or_expression .)
    BITWISE_NOT     reduce using rule 86 (logical_and_expression -> bitwise_or_expression .)
    MINUS           reduce using rule 86 (logical_and_expression -> bitwise_or_expression .)
    LPAREN          reduce using rule 86 (logical_and_expression -> bitwise_or_expression .)
    STRING_LITERAL  reduce using rule 86 (logical_and_expression -> bitwise_or_expression .)
    $end            reduce using rule 86 (logical_and_expression -> bitwise_or_expression .)
    RBRACKET        reduce using rule 86 (logical_and_expression -> bitwise_or_expression .)
    SEPARATOR       reduce using rule 86 (logical_and_expression -> bitwise_or_expression .)
    RPAREN          reduce using rule 86 (logical_and_expression -> bitwise_or_expression .)
    RCURLY_BRACKET  reduce using rule 86 (logical_and_expression -> bitwise_or_expression .)
    QUESTION        reduce using rule 86 (logical_and_expression -> bitwise_or_expression .)
    COLON           reduce using rule 86 (logical_and_expression -> bitwise_or_expression .)
    BITWISE_OR      shift and go to state 96


state 42

    (88) bitwise_or_expression -> bitwise_xor_expression .
    (89) bitwise_xor_expression -> bitwise_xor_expression . BITWISE_XOR bitwise_and_expression

    BITWISE_OR      reduce using rule 88 (bitwise_or_expression -> bitwise_xor_expression .)
    LOGICAL_AND     reduce using rule 88 (bitwise_or_expression -> bitwise_xor_expression .)
    PARALLEL        reduce using rule 88 (bitwise_or_expression -> bitwise_xor_expression .)
    POINTER         reduce using rule 88 (bitwise_or_expression -> bitwise_xor_expression .)
    PPOINTER        reduce using rule 88 (bitwise_or_expression -> bitwise_xor_expression .)
    EQ              reduce using rule 88 (bitwise_or_expression -> bitwise_xor_expression .)
    NE              reduce using rule 88 (bitwise_or_expression -> bitwise_xor_expression .)
    LANGLE          reduce using rule 88 (bitwise_or_expression -> bitwise_xor_expression .)
    RANGLE          reduce using rule 88 (bitwise_or_expression -> bitwise_xor_expression .)
    LE              reduce using rule 88 (bitwise_or_expression -> bitwise_xor_expression .)
    GE              reduce using rule 88 (bitwise_or_expression -> bitwise_xor_expression .)
    NULLCOALESCE    reduce using rule 88 (bitwise_or_expression -> bitwise_xor_expression .)
    VAR_DECL        reduce using rule 88 (bitwise_or_expression -> bitwise_xor_expression .)
    INT             reduce using rule 88 (bitwise_or_expression -> bitwise_xor_expression .)
    FLOAT           reduce using rule 88 (bitwise_or_expression -> bitwise_xor_expression .)
    IDENTIFIER      reduce using rule 88 (bitwise_or_expression -> bitwise_xor_expression .)
    LCURLY_BRACKET  reduce using rule 88 (bitwise_or_expression -> bitwise_xor_expression .)
    VAR_ACCESS      reduce using rule 88 (bitwise_or_expression -> bitwise_xor_expression .)
    MAP             reduce using rule 88 (bitwise_or_expression -> bitwise_xor_expression .)
    FILTER          reduce using rule 88 (bitwise_or_expression -> bitwise_xor_expression .)
    REDUCE          reduce using rule 88 (bitwise_or_expression -> bitwise_xor_expression .)
    FOREACH         reduce using rule 88 (bitwise_or_expression -> bitwise_xor_expression .)
    FLATMAP         reduce using rule 88 (bitwise_or_expression -> bitwise_xor_expression .)
    FANOUT          reduce using rule 88 (bitwise_or_expression -> bitwise_xor_expression .)
    LBRACKET        reduce using rule 88 (bitwise_or_expression -> bitwise_xor_expression .)
    NULL            reduce using rule 88 (bitwise_or_expression -> bitwise_xor_expression .)
    LOGICAL_NOT     reduce using rule 88 (bitwise_or_expression -> bitwise_xor_expression .)
    BITWISE_NOT     reduce using rule 88 (bitwise_or_expression -> bitwise_xor_expression .)
    MINUS           reduce using rule 88 (bitwise_or_expression -> bitwise_xor_expression .)
    LPAREN          reduce using rule 88 (bitwise_or_expression -> bitwise_xor_expression .)
    STRING_LITERAL  reduce using rule 88 (bitwise_or_expression -> bitwise_xor_expression .)
    $end            reduce using rule 88 (bitwise_or_expression -> bitwise_xor_expression .)
    RBRACKET        reduce using rule 88 (bitwise_or_expression -> bitwise_xor_expression .)
    SEPARATOR       reduce using rule 88 (bitwise_or_expression -> bitwise_xor_expression .)
    RPAREN          reduce using rule 88 (bitwise_or_expression -> bitwise_xor_expression .)
    RCURLY_BRACKET  reduce using rule 88 (bitwise_or_expression -> bitwise_xor_expression .)
    QUESTION        reduce using rule 88 (bitwise_or_expression -> bitwise_xor_expression .)
    COLON           reduce using rule 88 (bitwise_or_expression -> bitwise_xor_expression .)
    BITWISE_XOR     shift and go to state 97


state 43

    (90) bitwise_xor_expression -> bitwise_and_expression .
    (91) bitwise_and_expression -> bitwise_and_expression . BITWISE_AND arith_comparison_expression

    BITWISE_XOR     reduce using rule 90 (bitwise_xor_expression -> bitwise_and_expression .)
    BITWISE_OR      reduce using rule 90 (bitwise_xor_expression -> bitwise_and_expression .)
    LOGICAL_AND     reduce using rule 90 (bitwise_xor_expression -> bitwise_and_expression .)
    PARALLEL        reduce using rule 90 (bitwise_xor_expression -> bitwise_and_expression .)
    POINTER         reduce using rule 90 (bitwise_xor_expression -> bitwise_and_expression .)
    PPOINTER        reduce using rule 90 (bitwise_xor_expression -> bitwise_and_expression .)
    EQ              reduce using rule 90 (bitwise_xor_expression -> bitwise_and_expression .)
    NE              reduce using rule 90 (bitwise_xor_expression -> bitwise_and_expression .)
    LANGLE          reduce using rule 90 (bitwise_xor_expression -> bitwise_and_expression .)
    RANGLE          reduce using rule 90 (bitwise_xor_expression -> bitwise_and_expression .)
    LE              reduce using rule 90 (bitwise_xor_expression -> bitwise_and_expression .)
    GE              reduce using rule 90 (bitwise_xor_expression -> bitwise_and_expression .)
    NULLCOALESCE    reduce using rule 90 (bitwise_xor_expression -> bitwise_and_expression .)
    VAR_DECL        reduce using rule 90 (bitwise_xor_expression -> bitwise_and_expression .)
    INT             reduce using rule 90 (bitwise_xor_expression -> bitwise_and_expression .)
    FLOAT           reduce using rule 90 (bitwise_xor_expression -> bitwise_and_expression .)
    IDENTIFIER      reduce using rule 90 (bitwise_xor_expression -> bitwise_and_expression .)
    LCURLY_BRACKET  reduce using rule 90 (bitwise_xor_expression -> bitwise_and_expression .)
    VAR_ACCESS      reduce using rule 90 (bitwise_xor_expression -> bitwise_and_expression .)
    MAP             reduce using rule 90 (bitwise_xor_expression -> bitwise_and_expression .)
    FILTER          reduce using rule 90 (bitwise_xor_expression -> bitwise_and_expression .)
    REDUCE          reduce using rule 90 (bitwise_xor_expression -> bitwise_and_expression .)
    FOREACH         reduce using rule 90 (bitwise_xor_expression -> bitwise_and_expression .)
    FLATMAP         reduce using rule 90 (bitwise_xor_expression -> bitwise_and_expression .)
    FANOUT          reduce using rule 90 (bitwise_xor_expression -> bitwise_and_expression .)
    LBRACKET        reduce using rule 90 (bitwise_xor_expression -> bitwise_and_expression .)
    NULL            reduce using rule 90 (bitwise_xor_expression -> bitwise_and_expression .)
    LOGICAL_NOT     reduce using rule 90 (bitwise_xor_expression -> bitwise_and_expression .)
    BITWISE_NOT     reduce using rule 90 (bitwise_xor_expression -> bitwise_and_expression .)
    MINUS           reduce using rule 90 (bitwise_xor_expression -> bitwise_and_expression .)
    LPAREN          reduce using rule 90 (bitwise_xor_expression -> bitwise_and_expression .)
    STRING_LITERAL  reduce using rule 90 (bitwise_xor_expression -> bitwise_and_expression .)
    $end            reduce using rule 90 (bitwise_xor_expression -> bitwise_and_expression .)
    RBRACKET        reduce using rule 90 (bitwise_xor_expression -> bitwise_and_expression .)
    SEPARATOR       reduce using rule 90 (bitwise_xor_expression -> bitwise_and_expression .)
    RPAREN          reduce using rule 90 (bitwise_xor_expression -> bitwise_and_expression .)
    RCURLY_BRACKET  reduce using rule 90 (bitwise_xor_expression -> bitwise_and_expression .)
    QUESTION        reduce using rule 90 (bitwise_xor_expression -> bitwise_and_expression .)
    COLON           reduce using rule 90 (bitwise_xor_expression -> bitwise_and_expression .)
    BITWISE_AND     shift and go to state 98


state 44

    (92) bitwise_and_expression -> arith_comparison_expression .
    (93) arith_comparison_expression -> arith_comparison_expression . EQ shift_expression
    (94) arith_comparison_expression -> arith_comparison_expression . NE shift_expression
    (95) arith_comparison_expression -> arith_comparison_expression . LANGLE shift_expression
    (96) arith_comparison_expression -> arith_comparison_expression . RANGLE shift_expression
    (97) arith_comparison_expression -> arith_comparison_expression . LE shift_expression
    (98) arith_comparison_expression -> arith_comparison_expression . GE shift_expression

  ! shift/reduce conflict for EQ resolved as shift
  ! shift/reduce conflict for NE resolved as shift
  ! shift/reduce conflict for LANGLE resolved as shift
  ! shift/reduce conflict for RANGLE resolved as shift
  ! shift/reduce conflict for LE resolved as shift
  ! shift/reduce conflict for GE resolved as shift
    BITWISE_AND     reduce using rule 92 (bitwise_and_expression -> arith_comparison_expression .)
    BITWISE_XOR     reduce using rule 92 (bitwise_and_expression -> arith_comparison_expression .)
    BITWISE_OR      reduce using rule 92 (bitwise_and_expression -> arith_comparison_expression .)
    LOGICAL_AND     reduce using rule 92 (bitwise_and_expression -> arith_comparison_expression .)
    PARALLEL        reduce using rule 92 (bitwise_and_expression -> arith_comparison_expression .)
    POINTER         reduce using rule 92 (bitwise_and_expression -> arith_comparison_expression .)
    PPOINTER        reduce using rule 92 (bitwise_and_expression -> arith_comparison_expression .)
    NULLCOALESCE    reduce using rule 92 (bitwise_and_expression -> arith_comparison_expression .)
    VAR_DECL        reduce using rule 92 (bitwise_and_expression -> arith_comparison_expression .)
    INT             reduce using rule 92 (bitwise_and_expression -> arith_comparison_expression .)
    FLOAT           reduce using rule 92 (bitwise_and_expression -> arith_comparison_expression .)
    IDENTIFIER      reduce using rule 92 (bitwise_and_expression -> arith_comparison_expression .)
    LCURLY_BRACKET  reduce using rule 92 (bitwise_and_expression -> arith_comparison_expression .)
    VAR_ACCESS      reduce using rule 92 (bitwise_and_expression -> arith_comparison_expression .)
    MAP             reduce using rule 92 (bitwise_and_expression -> arith_comparison_expression .)
    FILTER          reduce using rule 92 (bitwise_and_expression -> arith_comparison_expression .)
    REDUCE          reduce using rule 92 (bitwise_and_expression -> arith_comparison_expression .)
    FOREACH         reduce using rule 92 (bitwise_and_expression -> arith_comparison_expression .)
    FLATMAP         reduce using rule 92 (bitwise_and_expression -> arith_comparison_expression .)
    FANOUT          reduce using rule 92 (bitwise_and_expression -> arith_comparison_expression .)
    LBRACKET        reduce using rule 92 (bitwise_and_expression -> arith_comparison_expression .)
    NULL            reduce using rule 92 (bitwise_and_expression -> arith_comparison_expression .)
    LOGICAL_NOT     reduce using rule 92 (bitwise_and_expression -> arith_comparison_expression .)
    BITWISE_NOT     reduce using rule 92 (bitwise_and_expression -> arith_comparison_expression .)
    MINUS           reduce using rule 92 (bitwise_and_expression -> arith_comparison_expression .)
    LPAREN          reduce using rule 92 (bitwise_and_expression -> arith_comparison_expression .)
    STRING_LITERAL  reduce using rule 92 (bitwise_and_expression -> arith_comparison_expression .)
    $end            reduce using rule 92 (bitwise_and_expression -> arith_comparison_expression .)
    RBRACKET        reduce using rule 92 (bitwise_and_expression -> arith_comparison_expression .)
    SEPARATOR       reduce using rule 92 (bitwise_and_expression -> arith_comparison_expression .)
    RPAREN          reduce using rule 92 (bitwise_and_expression -> arith_comparison_expression .)
    RCURLY_BRACKET  reduce using rule 92 (bitwise_and_expression -> arith_comparison_expression .)
    QUESTION        reduce using rule 92 (bitwise_and_expression -> arith_comparison_expression .)
    COLON           reduce using rule 92 (bitwise_and_expression -> arith_comparison_expression .)
    EQ              shift and go to state 99
    NE              shift and go to state 100
    LANGLE          shift and go to state 101
    RANGLE          shift and go to state 102
    LE              shift and go to state 103
    GE              shift and go to state 104

  ! EQ              [ reduce using rule 92 (bitwise_and_expression -> arith_comparison_expression .) ]
  ! NE              [ reduce using rule 92 (bitwise_and_expression -> arith_comparison_expression .) ]
  ! LANGLE          [ reduce using rule 92 (bitwise_and_expression -> arith_comparison_expression .) ]
  ! RANGLE          [ reduce using rule 92 (bitwise_and_expression -> arith_comparison_expression .) ]
  ! LE              [ reduce using rule 92 (bitwise_and_expression -> arith_comparison_expression .) ]
  ! GE              [ reduce using rule 92 (bitwise_and_expression -> arith_comparison_expression .) ]


state 45

    (99) arith_comparison_expression -> shift_expression .
    (100) shift_expression -> shift_expression . LSHL additive_expression
    (101) shift_expression -> shift_expression . LSHR additive_expression
    (102) shift_expression -> shift_expression . ASHR additive_expression

    EQ              reduce using rule 99 (arith_comparison_expression -> shift_expression .)
    NE              reduce using rule 99 (arith_comparison_expression -> shift_expression .)
    LANGLE          reduce using rule 99 (arith_comparison_expression -> shift_expression .)
    RANGLE          reduce using rule 99 (arith_comparison_expression -> shift_expression .)
    LE              reduce using rule 99 (arith_comparison_expression -> shift_expression .)
    GE              reduce using rule 99 (arith_comparison_expression -> shift_expression .)
    BITWISE_AND     reduce using rule 99 (arith_comparison_expression -> shift_expression .)
    BITWISE_XOR     reduce using rule 99 (arith_comparison_expression -> shift_expression .)
    BITWISE_OR      reduce using rule 99 (arith_comparison_expression -> shift_expression .)
    LOGICAL_AND     reduce using rule 99 (arith_comparison_expression -> shift_expression .)
    PARALLEL        reduce using rule 99 (arith_comparison_expression -> shift_expression .)
    POINTER         reduce using rule 99 (arith_comparison_expression -> shift_expression .)
    PPOINTER        reduce using rule 99 (arith_comparison_expression -> shift_expression .)
    NULLCOALESCE    reduce using rule 99 (arith_comparison_expression -> shift_expression .)
    VAR_DECL        reduce using rule 99 (arith_comparison_expression -> shift_expression .)
    INT             reduce using rule 99 (arith_comparison_expression -> shift_expression .)
    FLOAT           reduce using rule 99 (arith_comparison_expression -> shift_expression .)
    IDENTIFIER      reduce using rule 99 (arith_comparison_expression -> shift_expression .)
    LCURLY_BRACKET  reduce using rule 99 (arith_comparison_expression -> shift_expression .)
    VAR_ACCESS      reduce using rule 99 (arith_comparison_expression -> shift_expression .)
    MAP             reduce using rule 99 (arith_comparison_expression -> shift_expression .)
    FILTER          reduce using rule 99 (arith_comparison_expression -> shift_expression .)
    REDUCE          reduce using rule 99 (arith_comparison_expression -> shift_expression .)
    FOREACH         reduce using rule 99 (arith_comparison_expression -> shift_expression .)
    FLATMAP         reduce using rule 99 (arith_comparison_expression -> shift_expression .)
    FANOUT          reduce using rule 99 (arith_comparison_expression -> shift_expression .)
    LBRACKET        reduce using rule 99 (arith_comparison_expression -> shift_expression .)
    NULL            reduce using rule 99 (arith_comparison_expression -> shift_expression .)
    LOGICAL_NOT     reduce using rule 99 (arith_comparison_expression -> shift_expression .)
    BITWISE_NOT     reduce using rule 99 (arith_comparison_expression -> shift_expression .)
    MINUS           reduce using rule 99 (arith_comparison_expression -> shift_expression .)
    LPAREN          reduce using rule 99 (arith_comparison_expression -> shift_expression .)
    STRING_LITERAL  reduce using rule 99 (arith_comparison_expression -> shift_expression .)
    $end            reduce using rule 99 (arith_comparison_expression -> shift_expression .)
    RBRACKET        reduce using rule 99 (arith_comparison_expression -> shift_expression .)
    SEPARATOR       reduce using rule 99 (arith_comparison_expression -> shift_expression .)
    RPAREN          reduce using rule 99 (arith_comparison_expression -> shift_expression .)
    RCURLY_BRACKET  reduce using rule 99 (arith_comparison_expression -> shift_expression .)
    QUESTION        reduce using rule 99 (arith_comparison_expression -> shift_expression .)
    COLON           reduce using rule 99 (arith_comparison_expression -> shift_expression .)
    LSHL            shift and go to state 105
    LSHR            shift and go to state 106
    ASHR            shift and go to state 107


state 46

    (103) shift_expression -> additive_expression .
    (104) additive_expression -> additive_expression . PLUS multiplicative_expression
    (105) additive_expression -> additive_expression . MINUS multiplicative_expression

  ! shift/reduce conflict for MINUS resolved as shift
    LSHL            reduce using rule 103 (shift_expression -> additive_expression .)
    LSHR            reduce using rule 103 (shift_expression -> additive_expression .)
    ASHR            reduce using rule 103 (shift_expression -> additive_expression .)
    EQ              reduce using rule 103 (shift_expression -> additive_expression .)
    NE              reduce using rule 103 (shift_expression -> additive_expression .)
    LANGLE          reduce using rule 103 (shift_expression -> additive_expression .)
    RANGLE          reduce using rule 103 (shift_expression -> additive_expression .)
    LE              reduce using rule 103 (shift_expression -> additive_expression .)
    GE              reduce using rule 103 (shift_expression -> additive_expression .)
    BITWISE_AND     reduce using rule 103 (shift_expression -> additive_expression .)
    BITWISE_XOR     reduce using rule 103 (shift_expression -> additive_expression .)
    BITWISE_OR      reduce using rule 103 (shift_expression -> additive_expression .)
    LOGICAL_AND     reduce using rule 103 (shift_expression -> additive_expression .)
    PARALLEL        reduce using rule 103 (shift_expression -> additive_expression .)
    POINTER         reduce using rule 103 (shift_expression -> additive_expression .)
    PPOINTER        reduce using rule 103 (shift_expression -> additive_expression .)
    NULLCOALESCE    reduce using rule 103 (shift_expression -> additive_expression .)
    VAR_DECL        reduce using rule 103 (shift_expression -> additive_expression .)
    INT             reduce using rule 103 (shift_expression -> additive_expression .)
    FLOAT           reduce using rule 103 (shift_expression -> additive_expression .)
    IDENTIFIER      reduce using rule 103 (shift_expression -> additive_expression .)
    LCURLY_BRACKET  reduce using rule 103 (shift_expression -> additive_expression .)
    VAR_ACCESS      reduce using rule 103 (shift_expression -> additive_expression .)
    MAP             reduce using rule 103 (shift_expression -> additive_expression .)
    FILTER          reduce using rule 103 (shift_expression -> additive_expression .)
    REDUCE          reduce using rule 103 (shift_expression -> additive_expression .)
    FOREACH         reduce using rule 103 (shift_expression -> additive_expression .)
    FLATMAP         reduce using rule 103 (shift_expression -> additive_expression .)
    FANOUT          reduce using rule 103 (shift_expression -> additive_expression .)
    LBRACKET        reduce using rule 103 (shift_expression -> additive_expression .)
    NULL            reduce using rule 103 (shift_expression -> additive_expression .)
    LOGICAL_NOT     reduce using rule 103 (shift_expression -> additive_expression .)
    BITWISE_NOT     reduce using rule 103 (shift_expression -> additive_expression .)
    LPAREN          reduce using rule 103 (shift_expression -> additive_expression .)
    STRING_LITERAL  reduce using rule 103 (shift_expression -> additive_expression .)
    $end            reduce using rule 103 (shift_expression -> additive_expression .)
    RBRACKET        reduce using rule 103 (shift_expression -> additive_expression .)
    SEPARATOR       reduce using rule 103 (shift_expression -> additive_expression .)
    RPAREN          reduce using rule 103 (shift_expression -> additive_expression .)
    RCURLY_BRACKET  reduce using rule 103 (shift_expression -> additive_expression .)
    QUESTION        reduce using rule 103 (shift_expression -> additive_expression .)
    COLON           reduce using rule 103 (shift_expression -> additive_expression .)
    PLUS            shift and go to state 108
    MINUS           shift and go to state 109

  ! MINUS           [ reduce using rule 103 (shift_expression -> additive_expression .) ]


state 47

    (106) additive_expression -> multiplicative_expression .
    (107) multiplicative_expression -> multiplicative_expression . DIV unary_expression
    (108) multiplicative_expression -> multiplicative_expression . MOD unary_expression
    (109) multiplicative_expression -> multiplicative_expression . RETRY unary_expression

    PLUS            reduce using rule 106 (additive_expression -> multiplicative_expression .)
    MINUS           reduce using rule 106 (additive_expression -> multiplicative_expression .)
    LSHL            reduce using rule 106 (additive_expression -> multiplicative_expression .)
    LSHR            reduce using rule 106 (additive_expression -> multiplicative_expression .)
    ASHR            reduce using rule 106 (additive_expression -> multiplicative_expression .)
    EQ              reduce using rule 106 (additive_expression -> multiplicative_expression .)
    NE              reduce using rule 106 (additive_expression -> multiplicative_expression .)
    LANGLE          reduce using rule 106 (additive_expression -> multiplicative_expression .)
    RANGLE          reduce using rule 106 (additive_expression -> multiplicative_expression .)
    LE              reduce using rule 106 (additive_expression -> multiplicative_expression .)
    GE              reduce using rule 106 (additive_expression -> multiplicative_expression .)
    BITWISE_AND     reduce using rule 106 (additive_expression -> multiplicative_expression .)
    BITWISE_XOR     reduce using rule 106 (additive_expression -> multiplicative_expression .)
    BITWISE_OR      reduce using rule 106 (additive_expression -> multiplicative_expression .)
    LOGICAL_AND     reduce using rule 106 (additive_expression -> multiplicative_expression .)
    PARALLEL        reduce using rule 106 (additive_expression -> multiplicative_expression .)
    POINTER         reduce using rule 106 (additive_expression -> multiplicative_expression .)
    PPOINTER        reduce using rule 106 (additive_expression -> multiplicative_expression .)
    NULLCOALESCE    reduce using rule 106 (additive_expression -> multiplicative_expression .)
    VAR_DECL        reduce using rule 106 (additive_expression -> multiplicative_expression .)
    INT             reduce using rule 106 (additive_expression -> multiplicative_expression .)
    FLOAT           reduce using rule 106 (additive_expression -> multiplicative_expression .)
    IDENTIFIER      reduce using rule 106 (additive_expression -> multiplicative_expression .)
    LCURLY_BRACKET  reduce using rule 106 (additive_expression -> multiplicative_expression .)
    VAR_ACCESS      reduce using rule 106 (additive_expression -> multiplicative_expression .)
    MAP             reduce using rule 106 (additive_expression -> multiplicative_expression .)
    FILTER          reduce using rule 106 (additive_expression -> multiplicative_expression .)
    REDUCE          reduce using rule 106 (additive_expression -> multiplicative_expression .)
    FOREACH         reduce using rule 106 (additive_expression -> multiplicative_expression .)
    FLATMAP         reduce using rule 106 (additive_expression -> multiplicative_expression .)
    FANOUT          reduce using rule 106 (additive_expression -> multiplicative_expression .)
    LBRACKET        reduce using rule 106 (additive_expression -> multiplicative_expression .)
    NULL            reduce using rule 106 (additive_expression -> multiplicative_expression .)
    LOGICAL_NOT     reduce using rule 106 (additive_expression -> multiplicative_expression .)
    BITWISE_NOT     reduce using rule 106 (additive_expression -> multiplicative_expression .)
    LPAREN          reduce using rule 106 (additive_expression -> multiplicative_expression .)
    STRING_LITERAL  reduce using rule 106 (additive_expression -> multiplicative_expression .)
    $end            reduce using rule 106 (additive_expression -> multiplicative_expression .)
    RBRACKET        reduce using rule 106 (additive_expression -> multiplicative_expression .)
    SEPARATOR       reduce using rule 106 (additive_expression -> multiplicative_expression .)
    RPAREN          reduce using rule 106 (additive_expression -> multiplicative_expression .)
    RCURLY_BRACKET  reduce using rule 106 (additive_expression -> multiplicative_expression .)
    QUESTION        reduce using rule 106 (additive_expression -> multiplicative_expression .)
    COLON           reduce using rule 106 (additive_expression -> multiplicative_expression .)
    DIV             shift and go to state 110
    MOD             shift and go to state 111
    RETRY           shift and go to state 112


state 48

    (113) unary_expression -> MINUS . unary_expression
    (111) unary_expression -> . LOGICAL_NOT unary_expression
    (112) unary_expression -> . BITWISE_NOT unary_expression
    (113) unary_expression -> . MINUS unary_expression
    (114) unary_expression -> . primary_expression
    (115) primary_expression -> . LPAREN arithmetic_expr RPAREN
    (116) primary_expression -> . arithmetic_factor
    (117) arithmetic_factor -> . INT
    (118) arithmetic_factor -> . FLOAT
    (119) arithmetic_factor -> . STRING_LITERAL
    (120) arithmetic_factor -> . variable_reference
    (63) variable_reference -> . VAR_ACCESS
    (64) variable_reference -> . VAR_ACCESS DOT IDENTIFIER

    LOGICAL_NOT     shift and go to state 50
    BITWISE_NOT     shift and go to state 51
    MINUS           shift and go to state 48
    LPAREN          shift and go to state 21
    INT             shift and go to state 83
    FLOAT           shift and go to state 84
    STRING_LITERAL  shift and go to state 54
    VAR_ACCESS      shift and go to state 23

    unary_expression               shift and go to state 113
    primary_expression             shift and go to state 52
    arithmetic_factor              shift and go to state 53
    variable_reference             shift and go to state 85

state 49

    (110) multiplicative_expression -> unary_expression .

    DIV             reduce using rule 110 (multiplicative_expression -> unary_expression .)
    MOD             reduce using rule 110 (multiplicative_expression -> unary_expression .)
    RETRY           reduce using rule 110 (multiplicative_expression -> unary_expression .)
    PLUS            reduce using rule 110 (multiplicative_expression -> unary_expression .)
    MINUS           reduce using rule 110 (multiplicative_expression -> unary_expression .)
    LSHL            reduce using rule 110 (multiplicative_expression -> unary_expression .)
    LSHR            reduce using rule 110 (multiplicative_expression -> unary_expression .)
    ASHR            reduce using rule 110 (multiplicative_expression -> unary_expression .)
    EQ              reduce using rule 110 (multiplicative_expression -> unary_expression .)
    NE              reduce using rule 110 (multiplicative_expression -> unary_expression .)
    LANGLE          reduce using rule 110 (multiplicative_expression -> unary_expression .)
    RANGLE          reduce using rule 110 (multiplicative_expression -> unary_expression .)
    LE              reduce using rule 110 (multiplicative_expression -> unary_expression .)
    GE              reduce using rule 110 (multiplicative_expression -> unary_expression .)
    BITWISE_AND     reduce using rule 110 (multiplicative_expression -> unary_expression .)
    BITWISE_XOR     reduce using rule 110 (multiplicative_expression -> unary_expression .)
    BITWISE_OR      reduce using rule 110 (multiplicative_expression -> unary_expression .)
    LOGICAL_AND     reduce using rule 110 (multiplicative_expression -> unary_expression .)
    PARALLEL        reduce using rule 110 (multiplicative_expression -> unary_expression .)
    POINTER         reduce using rule 110 (multiplicative_expression -> unary_expression .)
    PPOINTER        reduce using rule 110 (multiplicative_expression -> unary_expression .)
    NULLCOALESCE    reduce using rule 110 (multiplicative_expression -> unary_expression .)
    VAR_DECL        reduce using rule 110 (multiplicative_expression -> unary_expression .)
    INT             reduce using rule 110 (multiplicative_expression -> unary_expression .)
    FLOAT           reduce using rule 110 (multiplicative_expression -> unary_expression .)
    IDENTIFIER      reduce using rule 110 (multiplicative_expression -> unary_expression .)
    LCURLY_BRACKET  reduce using rule 110 (multiplicative_expression -> unary_expression .)
    VAR_ACCESS      reduce using rule 110 (multiplicative_expression -> unary_expression .)
    MAP             reduce using rule 110 (multiplicative_expression -> unary_expression .)
    FILTER          reduce using rule 110 (multiplicative_expression -> unary_expression .)
    REDUCE          reduce using rule 110 (multiplicative_expression -> unary_expression .)
    FOREACH         reduce using rule 110 (multiplicative_expression -> unary_expression .)
    FLATMAP         reduce using rule 110 (multiplicative_expression -> unary_expression .)
    FANOUT          reduce using rule 110 (multiplicative_expression -> unary_expression .)
    LBRACKET        reduce using rule 110 (multiplicative_expression -> unary_expression .)
    NULL            reduce using rule 110 (multiplicative_expression -> unary_expression .)
    LOGICAL_NOT     reduce using rule 110 (multiplicative_expression -> unary_expression .)
    BITWISE_NOT     reduce using rule 110 (multiplicative_expression -> unary_expression .)
    LPAREN          reduce using rule 110 (multiplicative_expression -> unary_expression .)
    STRING_LITERAL  reduce using rule 110 (multiplicative_expression -> unary_expression .)
    $end            reduce using rule 110 (multiplicative_expression -> unary_expression .)
    RBRACKET        reduce using rule 110 (multiplicative_expression -> unary_expression .)
    SEPARATOR       reduce using rule 110 (multiplicative_expression -> unary_expression .)
    RPAREN          reduce using rule 110 (multiplicative_expression -> unary_expression .)
    RCURLY_BRACKET  reduce using rule 110 (multiplicative_expression -> unary_expression .)
    QUESTION        reduce using rule 110 (multiplicative_expression -> unary_expression .)
    COLON           reduce using rule 110 (multiplicative_expression -> unary_expression .)


state 50

    (111) unary_expression -> LOGICAL_NOT . unary_expression
    (111) unary_expression -> . LOGICAL_NOT unary_expression
    (112) unary_expression -> . BITWISE_NOT unary_expression
    (113) unary_expression -> . MINUS unary_expression
    (114) unary_expression -> . primary_expression
    (115) primary_expression -> . LPAREN arithmetic_expr RPAREN
    (116) primary_expression -> . arithmetic_factor
    (117) arithmetic_factor -> . INT
    (118) arithmetic_factor -> . FLOAT
    (119) arithmetic_factor -> . STRING_LITERAL
    (120) arithmetic_factor -> . variable_reference
    (63) variable_reference -> . VAR_ACCESS
    (64) variable_reference -> . VAR_ACCESS DOT IDENTIFIER

    LOGICAL_NOT     shift and go to state 50
    BITWISE_NOT     shift and go to state 51
    MINUS           shift and go to state 48
    LPAREN          shift and go to state 21
    INT             shift and go to state 83
    FLOAT           shift and go to state 84
    STRING_LITERAL  shift and go to state 54
    VAR_ACCESS      shift and go to state 23

    unary_expression               shift and go to state 114
    primary_expression             shift and go to state 52
    arithmetic_factor              shift and go to state 53
    variable_reference             shift and go to state 85

state 51

    (112) unary_expression -> BITWISE_NOT . unary_expression
    (111) unary_expression -> . LOGICAL_NOT unary_expression
    (112) unary_expression -> . BITWISE_NOT unary_expression
    (113) unary_expression -> . MINUS unary_expression
    (114) unary_expression -> . primary_expression
    (115) primary_expression -> . LPAREN arithmetic_expr RPAREN
    (116) primary_expression -> . arithmetic_factor
    (117) arithmetic_factor -> . INT
    (118) arithmetic_factor -> . FLOAT
    (119) arithmetic_factor -> . STRING_LITERAL
    (120) arithmetic_factor -> . variable_reference
    (63) variable_reference -> . VAR_ACCESS
    (64) variable_reference -> . VAR_ACCESS DOT IDENTIFIER

    LOGICAL_NOT     shift and go to state 50
    BITWISE_NOT     shift and go to state 51
    MINUS           shift and go to state 48
    LPAREN          shift and go to state 21
    INT             shift and go to state 83
    FLOAT           shift and go to state 84
    STRING_LITERAL  shift and go to state 54
    VAR_ACCESS      shift and go to state 23

    unary_expression               shift and go to state 115
    primary_expression             shift and go to state 52
    arithmetic_factor              shift and go to state 53
    variable_reference             shift and go to state 85

state 52

    (114) unary_expression -> primary_expression .

    DIV             reduce using rule 114 (unary_expression -> primary_expression .)
    MOD             reduce using rule 114 (unary_expression -> primary_expression .)
    RETRY           reduce using rule 114 (unary_expression -> primary_expression .)
    PLUS            reduce using rule 114 (unary_expression -> primary_expression .)
    MINUS           reduce using rule 114 (unary_expression -> primary_expression .)
    LSHL            reduce using rule 114 (unary_expression -> primary_expression .)
    LSHR            reduce using rule 114 (unary_expression -> primary_expression .)
    ASHR            reduce using rule 114 (unary_expression -> primary_expression .)
    EQ              reduce using rule 114 (unary_expression -> primary_expression .)
    NE              reduce using rule 114 (unary_expression -> primary_expression .)
    LANGLE          reduce using rule 114 (unary_expression -> primary_expression .)
    RANGLE          reduce using rule 114 (unary_expression -> primary_expression .)
    LE              reduce using rule 114 (unary_expression -> primary_expression .)
    GE              reduce using rule 114 (unary_expression -> primary_expression .)
    BITWISE_AND     reduce using rule 114 (unary_expression -> primary_expression .)
    BITWISE_XOR     reduce using rule 114 (unary_expression -> primary_expression .)
    BITWISE_OR      reduce using rule 114 (unary_expression -> primary_expression .)
    LOGICAL_AND     reduce using rule 114 (unary_expression -> primary_expression .)
    PARALLEL        reduce using rule 114 (unary_expression -> primary_expression .)
    POINTER         reduce using rule 114 (unary_expression -> primary_expression .)
    PPOINTER        reduce using rule 114 (unary_expression -> primary_expression .)
    NULLCOALESCE    reduce using rule 114 (unary_expression -> primary_expression .)
    VAR_DECL        reduce using rule 114 (unary_expression -> primary_expression .)
    INT             reduce using rule 114 (unary_expression -> primary_expression .)
    FLOAT           reduce using rule 114 (unary_expression -> primary_expression .)
    IDENTIFIER      reduce using rule 114 (unary_expression -> primary_expression .)
    LCURLY_BRACKET  reduce using rule 114 (unary_expression -> primary_expression .)
    VAR_ACCESS      reduce using rule 114 (unary_expression -> primary_expression .)
    MAP             reduce using rule 114 (unary_expression -> primary_expression .)
    FILTER          reduce using rule 114 (unary_expression -> primary_expression .)
    REDUCE          reduce using rule 114 (unary_expression -> primary_expression .)
    FOREACH         reduce using rule 114 (unary_expression -> primary_expression .)
    FLATMAP         reduce using rule 114 (unary_expression -> primary_expression .)
    FANOUT          reduce using rule 114 (unary_expression -> primary_expression .)
    LBRACKET        reduce using rule 114 (unary_expression -> primary_expression .)
    NULL            reduce using rule 114 (unary_expression -> primary_expression .)
    LOGICAL_NOT     reduce using rule 114 (unary_expression -> primary_expression .)
    BITWISE_NOT     reduce using rule 114 (unary_expression -> primary_expression .)
    LPAREN          reduce using rule 114 (unary_expression -> primary_expression .)
    STRING_LITERAL  reduce using rule 114 (unary_expression -> primary_expression .)
    $end            reduce using rule 114 (unary_expression -> primary_expression .)
    RBRACKET        reduce using rule 114 (unary_expression -> primary_expression .)
    SEPARATOR       reduce using rule 114 (unary_expression -> primary_expression .)
    RPAREN          reduce using rule 114 (unary_expression -> primary_expression .)
    RCURLY_BRACKET  reduce using rule 114 (unary_expression -> primary_expression .)
    QUESTION        reduce using rule 114 (unary_expression -> primary_expression .)
    COLON           reduce using rule 114 (unary_expression -> primary_expression .)


state 53

    (116) primary_expression -> arithmetic_factor .

    DIV             reduce using rule 116 (primary_expression -> arithmetic_factor .)
    MOD             reduce using rule 116 (primary_expression -> arithmetic_factor .)
    RETRY           reduce using rule 116 (primary_expression -> arithmetic_factor .)
    PLUS            reduce using rule 116 (primary_expression -> arithmetic_factor .)
    MINUS           reduce using rule 116 (primary_expression -> arithmetic_factor .)
    LSHL            reduce using rule 116 (primary_expression -> arithmetic_factor .)
    LSHR            reduce using rule 116 (primary_expression -> arithmetic_factor .)
    ASHR            reduce using rule 116 (primary_expression -> arithmetic_factor .)
    EQ              reduce using rule 116 (primary_expression -> arithmetic_factor .)
    NE              reduce using rule 116 (primary_expression -> arithmetic_factor .)
    LANGLE          reduce using rule 116 (primary_expression -> arithmetic_factor .)
    RANGLE          reduce using rule 116 (primary_expression -> arithmetic_factor .)
    LE              reduce using rule 116 (primary_expression -> arithmetic_factor .)
    GE              reduce using rule 116 (primary_expression -> arithmetic_factor .)
    BITWISE_AND     reduce using rule 116 (primary_expression -> arithmetic_factor .)
    BITWISE_XOR     reduce using rule 116 (primary_expression -> arithmetic_factor .)
    BITWISE_OR      reduce using rule 116 (primary_expression -> arithmetic_factor .)
    LOGICAL_AND     reduce using rule 116 (primary_expression -> arithmetic_factor .)
    PARALLEL        reduce using rule 116 (primary_expression -> arithmetic_factor .)
    POINTER         reduce using rule 116 (primary_expression -> arithmetic_factor .)
    PPOINTER        reduce using rule 116 (primary_expression -> arithmetic_factor .)
    NULLCOALESCE    reduce using rule 116 (primary_expression -> arithmetic_factor .)
    VAR_DECL        reduce using rule 116 (primary_expression -> arithmetic_factor .)
    INT             reduce using rule 116 (primary_expression -> arithmetic_factor .)
    FLOAT           reduce using rule 116 (primary_expression -> arithmetic_factor .)
    IDENTIFIER      reduce using rule 116 (primary_expression -> arithmetic_factor .)
    LCURLY_BRACKET  reduce using rule 116 (primary_expression -> arithmetic_factor .)
    VAR_ACCESS      reduce using rule 116 (primary_expression -> arithmetic_factor .)
    MAP             reduce using rule 116 (primary_expression -> arithmetic_factor .)
    FILTER          reduce using rule 116 (primary_expression -> arithmetic_factor .)
    REDUCE          reduce using rule 116 (primary_expression -> arithmetic_factor .)
    FOREACH         reduce using rule 116 (primary_expression -> arithmetic_factor .)
    FLATMAP         reduce using rule 116 (primary_expression -> arithmetic_factor .)
    FANOUT          reduce using rule 116 (primary_expression -> arithmetic_factor .)
    LBRACKET        reduce using rule 116 (primary_expression -> arithmetic_factor .)
    NULL            reduce using rule 116 (primary_expression -> arithmetic_factor .)
    LOGICAL_NOT     reduce using rule 116 (primary_expression -> arithmetic_factor .)
    BITWISE_NOT     reduce using rule 116 (primary_expression -> arithmetic_factor .)
    LPAREN          reduce using rule 116 (primary_expression -> arithmetic_factor .)
    STRING_LITERAL  reduce using rule 116 (primary_expression -> arithmetic_factor .)
    $end            reduce using rule 116 (primary_expression -> arithmetic_factor .)
    RBRACKET        reduce using rule 116 (primary_expression -> arithmetic_factor .)
    SEPARATOR       reduce using rule 116 (primary_expression -> arithmetic_factor .)
    RPAREN          reduce using rule 116 (primary_expression -> arithmetic_factor .)
    RCURLY_BRACKET  reduce using rule 116 (primary_expression -> arithmetic_factor .)
    QUESTION        reduce using rule 116 (primary_expression -> arithmetic_factor .)
    COLON           reduce using rule 116 (primary_expression -> arithmetic_factor .)


state 54

    (119) arithmetic_factor -> STRING_LITERAL .

    DIV             reduce using rule 119 (arithmetic_factor -> STRING_LITERAL .)
    MOD             reduce using rule 119 (arithmetic_factor -> STRING_LITERAL .)
    RETRY           reduce using rule 119 (arithmetic_factor -> STRING_LITERAL .)
    PLUS            reduce using rule 119 (arithmetic_factor -> STRING_LITERAL .)
    MINUS           reduce using rule 119 (arithmetic_factor -> STRING_LITERAL .)
    LSHL            reduce using rule 119 (arithmetic_factor -> STRING_LITERAL .)
    LSHR            reduce using rule 119 (arithmetic_factor -> STRING_LITERAL .)
    ASHR            reduce using rule 119 (arithmetic_factor -> STRING_LITERAL .)
    EQ              reduce using rule 119 (arithmetic_factor -> STRING_LITERAL .)
    NE              reduce using rule 119 (arithmetic_factor -> STRING_LITERAL .)
    LANGLE          reduce using rule 119 (arithmetic_factor -> STRING_LITERAL .)
    RANGLE          reduce using rule 119 (arithmetic_factor -> STRING_LITERAL .)
    LE              reduce using rule 119 (arithmetic_factor -> STRING_LITERAL .)
    GE              reduce using rule 119 (arithmetic_factor -> STRING_LITERAL .)
    BITWISE_AND     reduce using rule 119 (arithmetic_factor -> STRING_LITERAL .)
    BITWISE_XOR     reduce using rule 119 (arithmetic_factor -> STRING_LITERAL .)
    BITWISE_OR      reduce using rule 119 (arithmetic_factor -> STRING_LITERAL .)
    LOGICAL_AND     reduce using rule 119 (arithmetic_factor -> STRING_LITERAL .)
    PARALLEL        reduce using rule 119 (arithmetic_factor -> STRING_LITERAL .)
    POINTER         reduce using rule 119 (arithmetic_factor -> STRING_LITERAL .)
    PPOINTER        reduce using rule 119 (arithmetic_factor -> STRING_LITERAL .)
    NULLCOALESCE    reduce using rule 119 (arithmetic_factor -> STRING_LITERAL .)
    VAR_DECL        reduce using rule 119 (arithmetic_factor -> STRING_LITERAL .)
    INT             reduce using rule 119 (arithmetic_factor -> STRING_LITERAL .)
    FLOAT           reduce using rule 119 (arithmetic_factor -> STRING_LITERAL .)
    IDENTIFIER      reduce using rule 119 (arithmetic_factor -> STRING_LITERAL .)
    LCURLY_BRACKET  reduce using rule 119 (arithmetic_factor -> STRING_LITERAL .)
    VAR_ACCESS      reduce using rule 119 (arithmetic_factor -> STRING_LITERAL .)
    MAP             reduce using rule 119 (arithmetic_factor -> STRING_LITERAL .)
    FILTER          reduce using rule 119 (arithmetic_factor -> STRING_LITERAL .)
    REDUCE          reduce using rule 119 (arithmetic_factor -> STRING_LITERAL .)
    FOREACH         reduce using rule 119 (arithmetic_factor -> STRING_LITERAL .)
    FLATMAP         reduce using rule 119 (arithmetic_factor -> STRING_LITERAL .)
    FANOUT          reduce using rule 119 (arithmetic_factor -> STRING_LITERAL .)
    LBRACKET        reduce using rule 119 (arithmetic_factor -> STRING_LITERAL .)
    NULL            reduce using rule 119 (arithmetic_factor -> STRING_LITERAL .)
    LOGICAL_NOT     reduce using rule 119 (arithmetic_factor -> STRING_LITERAL .)
    BITWISE_NOT     reduce using rule 119 (arithmetic_factor -> STRING_LITERAL .)
    LPAREN          reduce using rule 119 (arithmetic_factor -> STRING_LITERAL .)
    STRING_LITERAL  reduce using rule 119 (arithmetic_factor -> STRING_LITERAL .)
    $end            reduce using rule 119 (arithmetic_factor -> STRING_LITERAL .)
    RBRACKET        reduce using rule 119 (arithmetic_factor -> STRING_LITERAL .)
    SEPARATOR       reduce using rule 119 (arithmetic_factor -> STRING_LITERAL .)
    RPAREN          reduce using rule 119 (arithmetic_factor -> STRING_LITERAL .)
    RCURLY_BRACKET  reduce using rule 119 (arithmetic_factor -> STRING_LITERAL .)
    QUESTION        reduce using rule 119 (arithmetic_factor -> STRING_LITERAL .)
    COLON           reduce using rule 119 (arithmetic_factor -> STRING_LITERAL .)


state 55

    (3) statement_list -> statement_list statement .

    VAR_DECL        reduce using rule 3 (statement_list -> statement_list statement .)
    INT             reduce using rule 3 (statement_list -> statement_list statement .)
    FLOAT           reduce using rule 3 (statement_list -> statement_list statement .)
    IDENTIFIER      reduce using rule 3 (statement_list -> statement_list statement .)
    LCURLY_BRACKET  reduce using rule 3 (statement_list -> statement_list statement .)
    VAR_ACCESS      reduce using rule 3 (statement_list -> statement_list statement .)
    MAP             reduce using rule 3 (statement_list -> statement_list statement .)
    FILTER          reduce using rule 3 (statement_list -> statement_list statement .)
    REDUCE          reduce using rule 3 (statement_list -> statement_list statement .)
    FOREACH         reduce using rule 3 (statement_list -> statement_list statement .)
    FLATMAP         reduce using rule 3 (statement_list -> statement_list statement .)
    FANOUT          reduce using rule 3 (statement_list -> statement_list statement .)
    LBRACKET        reduce using rule 3 (statement_list -> statement_list statement .)
    NULL            reduce using rule 3 (statement_list -> statement_list statement .)
    LOGICAL_NOT     reduce using rule 3 (statement_list -> statement_list statement .)
    BITWISE_NOT     reduce using rule 3 (statement_list -> statement_list statement .)
    MINUS           reduce using rule 3 (statement_list -> statement_list statement .)
    LPAREN          reduce using rule 3 (statement_list -> statement_list statement .)
    STRING_LITERAL  reduce using rule 3 (statement_list -> statement_list statement .)
    $end            reduce using rule 3 (statement_list -> statement_list statement .)


state 56

    (7) expression -> expression POINTER . expression
    (7) expression -> . expression POINTER expression
    (8) expression -> . expression PPOINTER expression
    (9) expression -> . expression PARALLEL expression
    (10) expression -> . descriptor POINTER expression
    (11) expression -> . descriptor PPOINTER expression
    (12) expression -> . factor RETRY task
    (13) expression -> . task RETRY factor
    (14) expression -> . expression_groupings RETRY factor
    (15) expression -> . factor RETRY expression_groupings
    (24) expression -> . term
    (65) descriptor -> . INT
    (66) factor -> . INT
    (67) factor -> . FLOAT
    (68) factor -> . variable_reference
    (29) task -> . meta_event
    (30) task -> . meta_event LBRACKET assigment_expression_group RBRACKET
    (69) task -> . task_name
    (70) task -> . IDENTIFIER DOUBLE_COLON task_name
    (75) task -> . task LPAREN conditional_group RPAREN
    (80) expression_groupings -> . LCURLY_BRACKET expression RCURLY_BRACKET
    (81) expression_groupings -> . LCURLY_BRACKET expression RCURLY_BRACKET LBRACKET assigment_expression_group RBRACKET
    (25) term -> . task
    (26) term -> . expression_groupings
    (27) term -> . value
    (28) term -> . variable_reference
    (63) variable_reference -> . VAR_ACCESS
    (64) variable_reference -> . VAR_ACCESS DOT IDENTIFIER
    (31) meta_event -> . meta_mode LANGLE IDENTIFIER RANGLE
    (32) meta_event -> . meta_mode LANGLE IDENTIFIER DOUBLE_COLON IDENTIFIER RANGLE
    (71) task_name -> . IDENTIFIER
    (72) task_name -> . IDENTIFIER LBRACKET assigment_expression_group RBRACKET
    (41) value -> . list
    (42) value -> . map
    (43) value -> . arithmetic_expr
    (44) value -> . null_value
    (45) value -> . comparison_expression
    (46) value -> . ternary_expression
    (47) value -> . null_coalesce_expression
    (33) meta_mode -> . MAP
    (34) meta_mode -> . FILTER
    (35) meta_mode -> . REDUCE
    (36) meta_mode -> . FOREACH
    (37) meta_mode -> . FLATMAP
    (38) meta_mode -> . FANOUT
    (53) list -> . LBRACKET list_elements RBRACKET
    (48) map -> . LCURLY_BRACKET map_entries RCURLY_BRACKET
    (82) arithmetic_expr -> . logical_or_expression
    (62) null_value -> . NULL
    (17) comparison_expression -> . expression EQ expression
    (18) comparison_expression -> . expression NE expression
    (19) comparison_expression -> . expression LANGLE expression
    (20) comparison_expression -> . expression RANGLE expression
    (21) comparison_expression -> . expression LE expression
    (22) comparison_expression -> . expression GE expression
    (16) ternary_expression -> . comparison_expression QUESTION expression COLON expression
    (23) null_coalesce_expression -> . expression NULLCOALESCE expression
    (83) logical_or_expression -> . logical_or_expression PARALLEL logical_and_expression
    (84) logical_or_expression -> . logical_and_expression
    (85) logical_and_expression -> . logical_and_expression LOGICAL_AND bitwise_or_expression
    (86) logical_and_expression -> . bitwise_or_expression
    (87) bitwise_or_expression -> . bitwise_or_expression BITWISE_OR bitwise_xor_expression
    (88) bitwise_or_expression -> . bitwise_xor_expression
    (89) bitwise_xor_expression -> . bitwise_xor_expression BITWISE_XOR bitwise_and_expression
    (90) bitwise_xor_expression -> . bitwise_and_expression
    (91) bitwise_and_expression -> . bitwise_and_expression BITWISE_AND arith_comparison_expression
    (92) bitwise_and_expression -> . arith_comparison_expression
    (93) arith_comparison_expression -> . arith_comparison_expression EQ shift_expression
    (94) arith_comparison_expression -> . arith_comparison_expression NE shift_expression
    (95) arith_comparison_expression -> . arith_comparison_expression LANGLE shift_expression
    (96) arith_comparison_expression -> . arith_comparison_expression RANGLE shift_expression
    (97) arith_comparison_expression -> . arith_comparison_expression LE shift_expression
    (98) arith_comparison_expression -> . arith_comparison_expression GE shift_expression
    (99) arith_comparison_expression -> . shift_expression
    (100) shift_expression -> . shift_expression LSHL additive_expression
    (101) shift_expression -> . shift_expression LSHR additive_expression
    (102) shift_expression -> . shift_expression ASHR additive_expression
    (103) shift_expression -> . additive_expression
    (104) additive_expression -> . additive_expression PLUS multiplicative_expression
    (105) additive_expression -> . additive_expression MINUS multiplicative_expression
    (106) additive_expression -> . multiplicative_expression
    (107) multiplicative_expression -> . multiplicative_expression DIV unary_expression
    (108) multiplicative_expression -> . multiplicative_expression MOD unary_expression
    (109) multiplicative_expression -> . multiplicative_expression RETRY unary_expression
    (110) multiplicative_expression -> . unary_expression
    (111) unary_expression -> . LOGICAL_NOT unary_expression
    (112) unary_expression -> . BITWISE_NOT unary_expression
    (113) unary_expression -> . MINUS unary_expression
    (114) unary_expression -> . primary_expression
    (115) primary_expression -> . LPAREN arithmetic_expr RPAREN
    (116) primary_expression -> . arithmetic_factor
    (117) arithmetic_factor -> . INT
    (118) arithmetic_factor -> . FLOAT
    (119) arithmetic_factor -> . STRING_LITERAL
    (120) arithmetic_factor -> . variable_reference

    INT             shift and go to state 14
    FLOAT           shift and go to state 15
    IDENTIFIER      shift and go to state 20
    LCURLY_BRACKET  shift and go to state 22
    VAR_ACCESS      shift and go to state 23
    MAP             shift and go to state 32
    FILTER          shift and go to state 33
    REDUCE          shift and go to state 34
    FOREACH         shift and go to state 35
    FLATMAP         shift and go to state 36
    FANOUT          shift and go to state 37
    LBRACKET        shift and go to state 18
    NULL            shift and go to state 39
    LOGICAL_NOT     shift and go to state 50
    BITWISE_NOT     shift and go to state 51
    MINUS           shift and go to state 48
    LPAREN          shift and go to state 21
    STRING_LITERAL  shift and go to state 54

    expression                     shift and go to state 116
    descriptor                     shift and go to state 9
    factor                         shift and go to state 10
    task                           shift and go to state 11
    expression_groupings           shift and go to state 12
    term                           shift and go to state 13
    variable_reference             shift and go to state 16
    meta_event                     shift and go to state 17
    task_name                      shift and go to state 19
    value                          shift and go to state 8
    meta_mode                      shift and go to state 24
    list                           shift and go to state 25
    map                            shift and go to state 26
    arithmetic_expr                shift and go to state 27
    null_value                     shift and go to state 28
    comparison_expression          shift and go to state 29
    ternary_expression             shift and go to state 30
    null_coalesce_expression       shift and go to state 31
    logical_or_expression          shift and go to state 38
    logical_and_expression         shift and go to state 40
    bitwise_or_expression          shift and go to state 41
    bitwise_xor_expression         shift and go to state 42
    bitwise_and_expression         shift and go to state 43
    arith_comparison_expression    shift and go to state 44
    shift_expression               shift and go to state 45
    additive_expression            shift and go to state 46
    multiplicative_expression      shift and go to state 47
    unary_expression               shift and go to state 49
    primary_expression             shift and go to state 52
    arithmetic_factor              shift and go to state 53

state 57

    (8) expression -> expression PPOINTER . expression
    (7) expression -> . expression POINTER expression
    (8) expression -> . expression PPOINTER expression
    (9) expression -> . expression PARALLEL expression
    (10) expression -> . descriptor POINTER expression
    (11) expression -> . descriptor PPOINTER expression
    (12) expression -> . factor RETRY task
    (13) expression -> . task RETRY factor
    (14) expression -> . expression_groupings RETRY factor
    (15) expression -> . factor RETRY expression_groupings
    (24) expression -> . term
    (65) descriptor -> . INT
    (66) factor -> . INT
    (67) factor -> . FLOAT
    (68) factor -> . variable_reference
    (29) task -> . meta_event
    (30) task -> . meta_event LBRACKET assigment_expression_group RBRACKET
    (69) task -> . task_name
    (70) task -> . IDENTIFIER DOUBLE_COLON task_name
    (75) task -> . task LPAREN conditional_group RPAREN
    (80) expression_groupings -> . LCURLY_BRACKET expression RCURLY_BRACKET
    (81) expression_groupings -> . LCURLY_BRACKET expression RCURLY_BRACKET LBRACKET assigment_expression_group RBRACKET
    (25) term -> . task
    (26) term -> . expression_groupings
    (27) term -> . value
    (28) term -> . variable_reference
    (63) variable_reference -> . VAR_ACCESS
    (64) variable_reference -> . VAR_ACCESS DOT IDENTIFIER
    (31) meta_event -> . meta_mode LANGLE IDENTIFIER RANGLE
    (32) meta_event -> . meta_mode LANGLE IDENTIFIER DOUBLE_COLON IDENTIFIER RANGLE
    (71) task_name -> . IDENTIFIER
    (72) task_name -> . IDENTIFIER LBRACKET assigment_expression_group RBRACKET
    (41) value -> . list
    (42) value -> . map
    (43) value -> . arithmetic_expr
    (44) value -> . null_value
    (45) value -> . comparison_expression
    (46) value -> . ternary_expression
    (47) value -> . null_coalesce_expression
    (33) meta_mode -> . MAP
    (34) meta_mode -> . FILTER
    (35) meta_mode -> . REDUCE
    (36) meta_mode -> . FOREACH
    (37) meta_mode -> . FLATMAP
    (38) meta_mode -> . FANOUT
    (53) list -> . LBRACKET list_elements RBRACKET
    (48) map -> . LCURLY_BRACKET map_entries RCURLY_BRACKET
    (82) arithmetic_expr -> . logical_or_expression
    (62) null_value -> . NULL
    (17) comparison_expression -> . expression EQ expression
    (18) comparison_expression -> . expression NE expression
    (19) comparison_expression -> . expression LANGLE expression
    (20) comparison_expression -> . expression RANGLE expression
    (21) comparison_expression -> . expression LE expression
    (22) comparison_expression -> . expression GE expression
    (16) ternary_expression -> . comparison_expression QUESTION expression COLON expression
    (23) null_coalesce_expression -> . expression NULLCOALESCE expression
    (83) logical_or_expression -> . logical_or_expression PARALLEL logical_and_expression
    (84) logical_or_expression -> . logical_and_expression
    (85) logical_and_expression -> . logical_and_expression LOGICAL_AND bitwise_or_expression
    (86) logical_and_expression -> . bitwise_or_expression
    (87) bitwise_or_expression -> . bitwise_or_expression BITWISE_OR bitwise_xor_expression
    (88) bitwise_or_expression -> . bitwise_xor_expression
    (89) bitwise_xor_expression -> . bitwise_xor_expression BITWISE_XOR bitwise_and_expression
    (90) bitwise_xor_expression -> . bitwise_and_expression
    (91) bitwise_and_expression -> . bitwise_and_expression BITWISE_AND arith_comparison_expression
    (92) bitwise_and_expression -> . arith_comparison_expression
    (93) arith_comparison_expression -> . arith_comparison_expression EQ shift_expression
    (94) arith_comparison_expression -> . arith_comparison_expression NE shift_expression
    (95) arith_comparison_expression -> . arith_comparison_expression LANGLE shift_expression
    (96) arith_comparison_expression -> . arith_comparison_expression RANGLE shift_expression
    (97) arith_comparison_expression -> . arith_comparison_expression LE shift_expression
    (98) arith_comparison_expression -> . arith_comparison_expression GE shift_expression
    (99) arith_comparison_expression -> . shift_expression
    (100) shift_expression -> . shift_expression LSHL additive_expression
    (101) shift_expression -> . shift_expression LSHR additive_expression
    (102) shift_expression -> . shift_expression ASHR additive_expression
    (103) shift_expression -> . additive_expression
    (104) additive_expression -> . additive_expression PLUS multiplicative_expression
    (105) additive_expression -> . additive_expression MINUS multiplicative_expression
    (106) additive_expression -> . multiplicative_expression
    (107) multiplicative_expression -> . multiplicative_expression DIV unary_expression
    (108) multiplicative_expression -> . multiplicative_expression MOD unary_expression
    (109) multiplicative_expression -> . multiplicative_expression RETRY unary_expression
    (110) multiplicative_expression -> . unary_expression
    (111) unary_expression -> . LOGICAL_NOT unary_expression
    (112) unary_expression -> . BITWISE_NOT unary_expression
    (113) unary_expression -> . MINUS unary_expression
    (114) unary_expression -> . primary_expression
    (115) primary_expression -> . LPAREN arithmetic_expr RPAREN
    (116) primary_expression -> . arithmetic_factor
    (117) arithmetic_factor -> . INT
    (118) arithmetic_factor -> . FLOAT
    (119) arithmetic_factor -> . STRING_LITERAL
    (120) arithmetic_factor -> . variable_reference

    INT             shift and go to state 14
    FLOAT           shift and go to state 15
    IDENTIFIER      shift and go to state 20
    LCURLY_BRACKET  shift and go to state 22
    VAR_ACCESS      shift and go to state 23
    MAP             shift and go to state 32
    FILTER          shift and go to state 33
    REDUCE          shift and go to state 34
    FOREACH         shift and go to state 35
    FLATMAP         shift and go to state 36
    FANOUT          shift and go to state 37
    LBRACKET        shift and go to state 18
    NULL            shift and go to state 39
    LOGICAL_NOT     shift and go to state 50
    BITWISE_NOT     shift and go to state 51
    MINUS           shift and go to state 48
    LPAREN          shift and go to state 21
    STRING_LITERAL  shift and go to state 54

    expression                     shift and go to state 117
    descriptor                     shift and go to state 9
    factor                         shift and go to state 10
    task                           shift and go to state 11
    expression_groupings           shift and go to state 12
    term                           shift and go to state 13
    variable_reference             shift and go to state 16
    meta_event                     shift and go to state 17
    task_name                      shift and go to state 19
    value                          shift and go to state 8
    meta_mode                      shift and go to state 24
    list                           shift and go to state 25
    map                            shift and go to state 26
    arithmetic_expr                shift and go to state 27
    null_value                     shift and go to state 28
    comparison_expression          shift and go to state 29
    ternary_expression             shift and go to state 30
    null_coalesce_expression       shift and go to state 31
    logical_or_expression          shift and go to state 38
    logical_and_expression         shift and go to state 40
    bitwise_or_expression          shift and go to state 41
    bitwise_xor_expression         shift and go to state 42
    bitwise_and_expression         shift and go to state 43
    arith_comparison_expression    shift and go to state 44
    shift_expression               shift and go to state 45
    additive_expression            shift and go to state 46
    multiplicative_expression      shift and go to state 47
    unary_expression               shift and go to state 49
    primary_expression             shift and go to state 52
    arithmetic_factor              shift and go to state 53

state 58

    (9) expression -> expression PARALLEL . expression
    (7) expression -> . expression POINTER expression
    (8) expression -> . expression PPOINTER expression
    (9) expression -> . expression PARALLEL expression
    (10) expression -> . descriptor POINTER expression
    (11) expression -> . descriptor PPOINTER expression
    (12) expression -> . factor RETRY task
    (13) expression -> . task RETRY factor
    (14) expression -> . expression_groupings RETRY factor
    (15) expression -> . factor RETRY expression_groupings
    (24) expression -> . term
    (65) descriptor -> . INT
    (66) factor -> . INT
    (67) factor -> . FLOAT
    (68) factor -> . variable_reference
    (29) task -> . meta_event
    (30) task -> . meta_event LBRACKET assigment_expression_group RBRACKET
    (69) task -> . task_name
    (70) task -> . IDENTIFIER DOUBLE_COLON task_name
    (75) task -> . task LPAREN conditional_group RPAREN
    (80) expression_groupings -> . LCURLY_BRACKET expression RCURLY_BRACKET
    (81) expression_groupings -> . LCURLY_BRACKET expression RCURLY_BRACKET LBRACKET assigment_expression_group RBRACKET
    (25) term -> . task
    (26) term -> . expression_groupings
    (27) term -> . value
    (28) term -> . variable_reference
    (63) variable_reference -> . VAR_ACCESS
    (64) variable_reference -> . VAR_ACCESS DOT IDENTIFIER
    (31) meta_event -> . meta_mode LANGLE IDENTIFIER RANGLE
    (32) meta_event -> . meta_mode LANGLE IDENTIFIER DOUBLE_COLON IDENTIFIER RANGLE
    (71) task_name -> . IDENTIFIER
    (72) task_name -> . IDENTIFIER LBRACKET assigment_expression_group RBRACKET
    (41) value -> . list
    (42) value -> . map
    (43) value -> . arithmetic_expr
    (44) value -> . null_value
    (45) value -> . comparison_expression
    (46) value -> . ternary_expression
    (47) value -> . null_coalesce_expression
    (33) meta_mode -> . MAP
    (34) meta_mode -> . FILTER
    (35) meta_mode -> . REDUCE
    (36) meta_mode -> . FOREACH
    (37) meta_mode -> . FLATMAP
    (38) meta_mode -> . FANOUT
    (53) list -> . LBRACKET list_elements RBRACKET
    (48) map -> . LCURLY_BRACKET map_entries RCURLY_BRACKET
    (82) arithmetic_expr -> . logical_or_expression
    (62) null_value -> . NULL
    (17) comparison_expression -> . expression EQ expression
    (18) comparison_expression -> . expression NE expression
    (19) comparison_expression -> . expression LANGLE expression
    (20) comparison_expression -> . expression RANGLE expression
    (21) comparison_expression -> . expression LE expression
    (22) comparison_expression -> . expression GE expression
    (16) ternary_expression -> . comparison_expression QUESTION expression COLON expression
    (23) null_coalesce_expression -> . expression NULLCOALESCE expression
    (83) logical_or_expression -> . logical_or_expression PARALLEL logical_and_expression
    (84) logical_or_expression -> . logical_and_expression
    (85) logical_and_expression -> . logical_and_expression LOGICAL_AND bitwise_or_expression
    (86) logical_and_expression -> . bitwise_or_expression
    (87) bitwise_or_expression -> . bitwise_or_expression BITWISE_OR bitwise_xor_expression
    (88) bitwise_or_expression -> . bitwise_xor_expression
    (89) bitwise_xor_expression -> . bitwise_xor_expression BITWISE_XOR bitwise_and_expression
    (90) bitwise_xor_expression -> . bitwise_and_expression
    (91) bitwise_and_expression -> . bitwise_and_expression BITWISE_AND arith_comparison_expression
    (92) bitwise_and_expression -> . arith_comparison_expression
    (93) arith_comparison_expression -> . arith_comparison_expression EQ shift_expression
    (94) arith_comparison_expression -> . arith_comparison_expression NE shift_expression
    (95) arith_comparison_expression -> . arith_comparison_expression LANGLE shift_expression
    (96) arith_comparison_expression -> . arith_comparison_expression RANGLE shift_expression
    (97) arith_comparison_expression -> . arith_comparison_expression LE shift_expression
    (98) arith_comparison_expression -> . arith_comparison_expression GE shift_expression
    (99) arith_comparison_expression -> . shift_expression
    (100) shift_expression -> . shift_expression LSHL additive_expression
    (101) shift_expression -> . shift_expression LSHR additive_expression
    (102) shift_expression -> . shift_expression ASHR additive_expression
    (103) shift_expression -> . additive_expression
    (104) additive_expression -> . additive_expression PLUS multiplicative_expression
    (105) additive_expression -> . additive_expression MINUS multiplicative_expression
    (106) additive_expression -> . multiplicative_expression
    (107) multiplicative_expression -> . multiplicative_expression DIV unary_expression
    (108) multiplicative_expression -> . multiplicative_expression MOD unary_expression
    (109) multiplicative_expression -> . multiplicative_expression RETRY unary_expression
    (110) multiplicative_expression -> . unary_expression
    (111) unary_expression -> . LOGICAL_NOT unary_expression
    (112) unary_expression -> . BITWISE_NOT unary_expression
    (113) unary_expression -> . MINUS unary_expression
    (114) unary_expression -> . primary_expression
    (115) primary_expression -> . LPAREN arithmetic_expr RPAREN
    (116) primary_expression -> . arithmetic_factor
    (117) arithmetic_factor -> . INT
    (118) arithmetic_factor -> . FLOAT
    (119) arithmetic_factor -> . STRING_LITERAL
    (120) arithmetic_factor -> . variable_reference

    INT             shift and go to state 14
    FLOAT           shift and go to state 15
    IDENTIFIER      shift and go to state 20
    LCURLY_BRACKET  shift and go to state 22
    VAR_ACCESS      shift and go to state 23
    MAP             shift and go to state 32
    FILTER          shift and go to state 33
    REDUCE          shift and go to state 34
    FOREACH         shift and go to state 35
    FLATMAP         shift and go to state 36
    FANOUT          shift and go to state 37
    LBRACKET        shift and go to state 18
    NULL            shift and go to state 39
    LOGICAL_NOT     shift and go to state 50
    BITWISE_NOT     shift and go to state 51
    MINUS           shift and go to state 48
    LPAREN          shift and go to state 21
    STRING_LITERAL  shift and go to state 54

    expression                     shift and go to state 118
    descriptor                     shift and go to state 9
    factor                         shift and go to state 10
    task                           shift and go to state 11
    expression_groupings           shift and go to state 12
    term                           shift and go to state 13
    variable_reference             shift and go to state 16
    meta_event                     shift and go to state 17
    task_name                      shift and go to state 19
    value                          shift and go to state 8
    meta_mode                      shift and go to state 24
    list                           shift and go to state 25
    map                            shift and go to state 26
    arithmetic_expr                shift and go to state 27
    null_value                     shift and go to state 28
    comparison_expression          shift and go to state 29
    ternary_expression             shift and go to state 30
    null_coalesce_expression       shift and go to state 31
    logical_or_expression          shift and go to state 38
    logical_and_expression         shift and go to state 40
    bitwise_or_expression          shift and go to state 41
    bitwise_xor_expression         shift and go to state 42
    bitwise_and_expression         shift and go to state 43
    arith_comparison_expression    shift and go to state 44
    shift_expression               shift and go to state 45
    additive_expression            shift and go to state 46
    multiplicative_expression      shift and go to state 47
    unary_expression               shift and go to state 49
    primary_expression             shift and go to state 52
    arithmetic_factor              shift and go to state 53

state 59

    (17) comparison_expression -> expression EQ . expression
    (7) expression -> . expression POINTER expression
    (8) expression -> . expression PPOINTER expression
    (9) expression -> . expression PARALLEL expression
    (10) expression -> . descriptor POINTER expression
    (11) expression -> . descriptor PPOINTER expression
    (12) expression -> . factor RETRY task
    (13) expression -> . task RETRY factor
    (14) expression -> . expression_groupings RETRY factor
    (15) expression -> . factor RETRY expression_groupings
    (24) expression -> . term
    (65) descriptor -> . INT
    (66) factor -> . INT
    (67) factor -> . FLOAT
    (68) factor -> . variable_reference
    (29) task -> . meta_event
    (30) task -> . meta_event LBRACKET assigment_expression_group RBRACKET
    (69) task -> . task_name
    (70) task -> . IDENTIFIER DOUBLE_COLON task_name
    (75) task -> . task LPAREN conditional_group RPAREN
    (80) expression_groupings -> . LCURLY_BRACKET expression RCURLY_BRACKET
    (81) expression_groupings -> . LCURLY_BRACKET expression RCURLY_BRACKET LBRACKET assigment_expression_group RBRACKET
    (25) term -> . task
    (26) term -> . expression_groupings
    (27) term -> . value
    (28) term -> . variable_reference
    (63) variable_reference -> . VAR_ACCESS
    (64) variable_reference -> . VAR_ACCESS DOT IDENTIFIER
    (31) meta_event -> . meta_mode LANGLE IDENTIFIER RANGLE
    (32) meta_event -> . meta_mode LANGLE IDENTIFIER DOUBLE_COLON IDENTIFIER RANGLE
    (71) task_name -> . IDENTIFIER
    (72) task_name -> . IDENTIFIER LBRACKET assigment_expression_group RBRACKET
    (41) value -> . list
    (42) value -> . map
    (43) value -> . arithmetic_expr
    (44) value -> . null_value
    (45) value -> . comparison_expression
    (46) value -> . ternary_expression
    (47) value -> . null_coalesce_expression
    (33) meta_mode -> . MAP
    (34) meta_mode -> . FILTER
    (35) meta_mode -> . REDUCE
    (36) meta_mode -> . FOREACH
    (37) meta_mode -> . FLATMAP
    (38) meta_mode -> . FANOUT
    (53) list -> . LBRACKET list_elements RBRACKET
    (48) map -> . LCURLY_BRACKET map_entries RCURLY_BRACKET
    (82) arithmetic_expr -> . logical_or_expression
    (62) null_value -> . NULL
    (17) comparison_expression -> . expression EQ expression
    (18) comparison_expression -> . expression NE expression
    (19) comparison_expression -> . expression LANGLE expression
    (20) comparison_expression -> . expression RANGLE expression
    (21) comparison_expression -> . expression LE expression
    (22) comparison_expression -> . expression GE expression
    (16) ternary_expression -> . comparison_expression QUESTION expression COLON expression
    (23) null_coalesce_expression -> . expression NULLCOALESCE expression
    (83) logical_or_expression -> . logical_or_expression PARALLEL logical_and_expression
    (84) logical_or_expression -> . logical_and_expression
    (85) logical_and_expression -> . logical_and_expression LOGICAL_AND bitwise_or_expression
    (86) logical_and_expression -> . bitwise_or_expression
    (87) bitwise_or_expression -> . bitwise_or_expression BITWISE_OR bitwise_xor_expression
    (88) bitwise_or_expression -> . bitwise_xor_expression
    (89) bitwise_xor_expression -> . bitwise_xor_expression BITWISE_XOR bitwise_and_expression
    (90) bitwise_xor_expression -> . bitwise_and_expression
    (91) bitwise_and_expression -> . bitwise_and_expression BITWISE_AND arith_comparison_expression
    (92) bitwise_and_expression -> . arith_comparison_expression
    (93) arith_comparison_expression -> . arith_comparison_expression EQ shift_expression
    (94) arith_comparison_expression -> . arith_comparison_expression NE shift_expression
    (95) arith_comparison_expression -> . arith_comparison_expression LANGLE shift_expression
    (96) arith_comparison_expression -> . arith_comparison_expression RANGLE shift_expression
    (97) arith_comparison_expression -> . arith_comparison_expression LE shift_expression
    (98) arith_comparison_expression -> . arith_comparison_expression GE shift_expression
    (99) arith_comparison_expression -> . shift_expression
    (100) shift_expression -> . shift_expression LSHL additive_expression
    (101) shift_expression -> . shift_expression LSHR additive_expression
    (102) shift_expression -> . shift_expression ASHR additive_expression
    (103) shift_expression -> . additive_expression
    (104) additive_expression -> . additive_expression PLUS multiplicative_expression
    (105) additive_expression -> . additive_expression MINUS multiplicative_expression
    (106) additive_expression -> . multiplicative_expression
    (107) multiplicative_expression -> . multiplicative_expression DIV unary_expression
    (108) multiplicative_expression -> . multiplicative_expression MOD unary_expression
    (109) multiplicative_expression -> . multiplicative_expression RETRY unary_expression
    (110) multiplicative_expression -> . unary_expression
    (111) unary_expression -> . LOGICAL_NOT unary_expression
    (112) unary_expression -> . BITWISE_NOT unary_expression
    (113) unary_expression -> . MINUS unary_expression
    (114) unary_expression -> . primary_expression
    (115) primary_expression -> . LPAREN arithmetic_expr RPAREN
    (116) primary_expression -> . arithmetic_factor
    (117) arithmetic_factor -> . INT
    (118) arithmetic_factor -> . FLOAT
    (119) arithmetic_factor -> . STRING_LITERAL
    (120) arithmetic_factor -> . variable_reference

    INT             shift and go to state 14
    FLOAT           shift and go to state 15
    IDENTIFIER      shift and go to state 20
    LCURLY_BRACKET  shift and go to state 22
    VAR_ACCESS      shift and go to state 23
    MAP             shift and go to state 32
    FILTER          shift and go to state 33
    REDUCE          shift and go to state 34
    FOREACH         shift and go to state 35
    FLATMAP         shift and go to state 36
    FANOUT          shift and go to state 37
    LBRACKET        shift and go to state 18
    NULL            shift and go to state 39
    LOGICAL_NOT     shift and go to state 50
    BITWISE_NOT     shift and go to state 51
    MINUS           shift and go to state 48
    LPAREN          shift and go to state 21
    STRING_LITERAL  shift and go to state 54

    expression                     shift and go to state 119
    descriptor                     shift and go to state 9
    factor                         shift and go to state 10
    task                           shift and go to state 11
    expression_groupings           shift and go to state 12
    term                           shift and go to state 13
    variable_reference             shift and go to state 16
    meta_event                     shift and go to state 17
    task_name                      shift and go to state 19
    value                          shift and go to state 8
    meta_mode                      shift and go to state 24
    list                           shift and go to state 25
    map                            shift and go to state 26
    arithmetic_expr                shift and go to state 27
    null_value                     shift and go to state 28
    comparison_expression          shift and go to state 29
    ternary_expression             shift and go to state 30
    null_coalesce_expression       shift and go to state 31
    logical_or_expression          shift and go to state 38
    logical_and_expression         shift and go to state 40
    bitwise_or_expression          shift and go to state 41
    bitwise_xor_expression         shift and go to state 42
    bitwise_and_expression         shift and go to state 43
    arith_comparison_expression    shift and go to state 44
    shift_expression               shift and go to state 45
    additive_expression            shift and go to state 46
    multiplicative_expression      shift and go to state 47
    unary_expression               shift and go to state 49
    primary_expression             shift and go to state 52
    arithmetic_factor              shift and go to state 53

state 60

    (18) comparison_expression -> expression NE . expression
    (7) expression -> . expression POINTER expression
    (8) expression -> . expression PPOINTER expression
    (9) expression -> . expression PARALLEL expression
    (10) expression -> . descriptor POINTER expression
    (11) expression -> . descriptor PPOINTER expression
    (12) expression -> . factor RETRY task
    (13) expression -> . task RETRY factor
    (14) expression -> . expression_groupings RETRY factor
    (15) expression -> . factor RETRY expression_groupings
    (24) expression -> . term
    (65) descriptor -> . INT
    (66) factor -> . INT
    (67) factor -> . FLOAT
    (68) factor -> . variable_reference
    (29) task -> . meta_event
    (30) task -> . meta_event LBRACKET assigment_expression_group RBRACKET
    (69) task -> . task_name
    (70) task -> . IDENTIFIER DOUBLE_COLON task_name
    (75) task -> . task LPAREN conditional_group RPAREN
    (80) expression_groupings -> . LCURLY_BRACKET expression RCURLY_BRACKET
    (81) expression_groupings -> . LCURLY_BRACKET expression RCURLY_BRACKET LBRACKET assigment_expression_group RBRACKET
    (25) term -> . task
    (26) term -> . expression_groupings
    (27) term -> . value
    (28) term -> . variable_reference
    (63) variable_reference -> . VAR_ACCESS
    (64) variable_reference -> . VAR_ACCESS DOT IDENTIFIER
    (31) meta_event -> . meta_mode LANGLE IDENTIFIER RANGLE
    (32) meta_event -> . meta_mode LANGLE IDENTIFIER DOUBLE_COLON IDENTIFIER RANGLE
    (71) task_name -> . IDENTIFIER
    (72) task_name -> . IDENTIFIER LBRACKET assigment_expression_group RBRACKET
    (41) value -> . list
    (42) value -> . map
    (43) value -> . arithmetic_expr
    (44) value -> . null_value
    (45) value -> . comparison_expression
    (46) value -> . ternary_expression
    (47) value -> . null_coalesce_expression
    (33) meta_mode -> . MAP
    (34) meta_mode -> . FILTER
    (35) meta_mode -> . REDUCE
    (36) meta_mode -> . FOREACH
    (37) meta_mode -> . FLATMAP
    (38) meta_mode -> . FANOUT
    (53) list -> . LBRACKET list_elements RBRACKET
    (48) map -> . LCURLY_BRACKET map_entries RCURLY_BRACKET
    (82) arithmetic_expr -> . logical_or_expression
    (62) null_value -> . NULL
    (17) comparison_expression -> . expression EQ expression
    (18) comparison_expression -> . expression NE expression
    (19) comparison_expression -> . expression LANGLE expression
    (20) comparison_expression -> . expression RANGLE expression
    (21) comparison_expression -> . expression LE expression
    (22) comparison_expression -> . expression GE expression
    (16) ternary_expression -> . comparison_expression QUESTION expression COLON expression
    (23) null_coalesce_expression -> . expression NULLCOALESCE expression
    (83) logical_or_expression -> . logical_or_expression PARALLEL logical_and_expression
    (84) logical_or_expression -> . logical_and_expression
    (85) logical_and_expression -> . logical_and_expression LOGICAL_AND bitwise_or_expression
    (86) logical_and_expression -> . bitwise_or_expression
    (87) bitwise_or_expression -> . bitwise_or_expression BITWISE_OR bitwise_xor_expression
    (88) bitwise_or_expression -> . bitwise_xor_expression
    (89) bitwise_xor_expression -> . bitwise_xor_expression BITWISE_XOR bitwise_and_expression
    (90) bitwise_xor_expression -> . bitwise_and_expression
    (91) bitwise_and_expression -> . bitwise_and_expression BITWISE_AND arith_comparison_expression
    (92) bitwise_and_expression -> . arith_comparison_expression
    (93) arith_comparison_expression -> . arith_comparison_expression EQ shift_expression
    (94) arith_comparison_expression -> . arith_comparison_expression NE shift_expression
    (95) arith_comparison_expression -> . arith_comparison_expression LANGLE shift_expression
    (96) arith_comparison_expression -> . arith_comparison_expression RANGLE shift_expression
    (97) arith_comparison_expression -> . arith_comparison_expression LE shift_expression
    (98) arith_comparison_expression -> . arith_comparison_expression GE shift_expression
    (99) arith_comparison_expression -> . shift_expression
    (100) shift_expression -> . shift_expression LSHL additive_expression
    (101) shift_expression -> . shift_expression LSHR additive_expression
    (102) shift_expression -> . shift_expression ASHR additive_expression
    (103) shift_expression -> . additive_expression
    (104) additive_expression -> . additive_expression PLUS multiplicative_expression
    (105) additive_expression -> . additive_expression MINUS multiplicative_expression
    (106) additive_expression -> . multiplicative_expression
    (107) multiplicative_expression -> . multiplicative_expression DIV unary_expression
    (108) multiplicative_expression -> . multiplicative_expression MOD unary_expression
    (109) multiplicative_expression -> . multiplicative_expression RETRY unary_expression
    (110) multiplicative_expression -> . unary_expression
    (111) unary_expression -> . LOGICAL_NOT unary_expression
    (112) unary_expression -> . BITWISE_NOT unary_expression
    (113) unary_expression -> . MINUS unary_expression
    (114) unary_expression -> . primary_expression
    (115) primary_expression -> . LPAREN arithmetic_expr RPAREN
    (116) primary_expression -> . arithmetic_factor
    (117) arithmetic_factor -> . INT
    (118) arithmetic_factor -> . FLOAT
    (119) arithmetic_factor -> . STRING_LITERAL
    (120) arithmetic_factor -> . variable_reference

    INT             shift and go to state 14
    FLOAT           shift and go to state 15
    IDENTIFIER      shift and go to state 20
    LCURLY_BRACKET  shift and go to state 22
    VAR_ACCESS      shift and go to state 23
    MAP             shift and go to state 32
    FILTER          shift and go to state 33
    REDUCE          shift and go to state 34
    FOREACH         shift and go to state 35
    FLATMAP         shift and go to state 36
    FANOUT          shift and go to state 37
    LBRACKET        shift and go to state 18
    NULL            shift and go to state 39
    LOGICAL_NOT     shift and go to state 50
    BITWISE_NOT     shift and go to state 51
    MINUS           shift and go to state 48
    LPAREN          shift and go to state 21
    STRING_LITERAL  shift and go to state 54

    expression                     shift and go to state 120
    descriptor                     shift and go to state 9
    factor                         shift and go to state 10
    task                           shift and go to state 11
    expression_groupings           shift and go to state 12
    term                           shift and go to state 13
    variable_reference             shift and go to state 16
    meta_event                     shift and go to state 17
    task_name                      shift and go to state 19
    value                          shift and go to state 8
    meta_mode                      shift and go to state 24
    list                           shift and go to state 25
    map                            shift and go to state 26
    arithmetic_expr                shift and go to state 27
    null_value                     shift and go to state 28
    comparison_expression          shift and go to state 29
    ternary_expression             shift and go to state 30
    null_coalesce_expression       shift and go to state 31
    logical_or_expression          shift and go to state 38
    logical_and_expression         shift and go to state 40
    bitwise_or_expression          shift and go to state 41
    bitwise_xor_expression         shift and go to state 42
    bitwise_and_expression         shift and go to state 43
    arith_comparison_expression    shift and go to state 44
    shift_expression               shift and go to state 45
    additive_expression            shift and go to state 46
    multiplicative_expression      shift and go to state 47
    unary_expression               shift and go to state 49
    primary_expression             shift and go to state 52
    arithmetic_factor              shift and go to state 53

state 61

    (19) comparison_expression -> expression LANGLE . expression
    (7) expression -> . expression POINTER expression
    (8) expression -> . expression PPOINTER expression
    (9) expression -> . expression PARALLEL expression
    (10) expression -> . descriptor POINTER expression
    (11) expression -> . descriptor PPOINTER expression
    (12) expression -> . factor RETRY task
    (13) expression -> . task RETRY factor
    (14) expression -> . expression_groupings RETRY factor
    (15) expression -> . factor RETRY expression_groupings
    (24) expression -> . term
    (65) descriptor -> . INT
    (66) factor -> . INT
    (67) factor -> . FLOAT
    (68) factor -> . variable_reference
    (29) task -> . meta_event
    (30) task -> . meta_event LBRACKET assigment_expression_group RBRACKET
    (69) task -> . task_name
    (70) task -> . IDENTIFIER DOUBLE_COLON task_name
    (75) task -> . task LPAREN conditional_group RPAREN
    (80) expression_groupings -> . LCURLY_BRACKET expression RCURLY_BRACKET
    (81) expression_groupings -> . LCURLY_BRACKET expression RCURLY_BRACKET LBRACKET assigment_expression_group RBRACKET
    (25) term -> . task
    (26) term -> . expression_groupings
    (27) term -> . value
    (28) term -> . variable_reference
    (63) variable_reference -> . VAR_ACCESS
    (64) variable_reference -> . VAR_ACCESS DOT IDENTIFIER
    (31) meta_event -> . meta_mode LANGLE IDENTIFIER RANGLE
    (32) meta_event -> . meta_mode LANGLE IDENTIFIER DOUBLE_COLON IDENTIFIER RANGLE
    (71) task_name -> . IDENTIFIER
    (72) task_name -> . IDENTIFIER LBRACKET assigment_expression_group RBRACKET
    (41) value -> . list
    (42) value -> . map
    (43) value -> . arithmetic_expr
    (44) value -> . null_value
    (45) value -> . comparison_expression
    (46) value -> . ternary_expression
    (47) value -> . null_coalesce_expression
    (33) meta_mode -> . MAP
    (34) meta_mode -> . FILTER
    (35) meta_mode -> . REDUCE
    (36) meta_mode -> . FOREACH
    (37) meta_mode -> . FLATMAP
    (38) meta_mode -> . FANOUT
    (53) list -> . LBRACKET list_elements RBRACKET
    (48) map -> . LCURLY_BRACKET map_entries RCURLY_BRACKET
    (82) arithmetic_expr -> . logical_or_expression
    (62) null_value -> . NULL
    (17) comparison_expression -> . expression EQ expression
    (18) comparison_expression -> . expression NE expression
    (19) comparison_expression -> . expression LANGLE expression
    (20) comparison_expression -> . expression RANGLE expression
    (21) comparison_expression -> . expression LE expression
    (22) comparison_expression -> . expression GE expression
    (16) ternary_expression -> . comparison_expression QUESTION expression COLON expression
    (23) null_coalesce_expression -> . expression NULLCOALESCE expression
    (83) logical_or_expression -> . logical_or_expression PARALLEL logical_and_expression
    (84) logical_or_expression -> . logical_and_expression
    (85) logical_and_expression -> . logical_and_expression LOGICAL_AND bitwise_or_expression
    (86) logical_and_expression -> . bitwise_or_expression
    (87) bitwise_or_expression -> . bitwise_or_expression BITWISE_OR bitwise_xor_expression
    (88) bitwise_or_expression -> . bitwise_xor_expression
    (89) bitwise_xor_expression -> . bitwise_xor_expression BITWISE_XOR bitwise_and_expression
    (90) bitwise_xor_expression -> . bitwise_and_expression
    (91) bitwise_and_expression -> . bitwise_and_expression BITWISE_AND arith_comparison_expression
    (92) bitwise_and_expression -> . arith_comparison_expression
    (93) arith_comparison_expression -> . arith_comparison_expression EQ shift_expression
    (94) arith_comparison_expression -> . arith_comparison_expression NE shift_expression
    (95) arith_comparison_expression -> . arith_comparison_expression LANGLE shift_expression
    (96) arith_comparison_expression -> . arith_comparison_expression RANGLE shift_expression
    (97) arith_comparison_expression -> . arith_comparison_expression LE shift_expression
    (98) arith_comparison_expression -> . arith_comparison_expression GE shift_expression
    (99) arith_comparison_expression -> . shift_expression
    (100) shift_expression -> . shift_expression LSHL additive_expression
    (101) shift_expression -> . shift_expression LSHR additive_expression
    (102) shift_expression -> . shift_expression ASHR additive_expression
    (103) shift_expression -> . additive_expression
    (104) additive_expression -> . additive_expression PLUS multiplicative_expression
    (105) additive_expression -> . additive_expression MINUS multiplicative_expression
    (106) additive_expression -> . multiplicative_expression
    (107) multiplicative_expression -> . multiplicative_expression DIV unary_expression
    (108) multiplicative_expression -> . multiplicative_expression MOD unary_expression
    (109) multiplicative_expression -> . multiplicative_expression RETRY unary_expression
    (110) multiplicative_expression -> . unary_expression
    (111) unary_expression -> . LOGICAL_NOT unary_expression
    (112) unary_expression -> . BITWISE_NOT unary_expression
    (113) unary_expression -> . MINUS unary_expression
    (114) unary_expression -> . primary_expression
    (115) primary_expression -> . LPAREN arithmetic_expr RPAREN
    (116) primary_expression -> . arithmetic_factor
    (117) arithmetic_factor -> . INT
    (118) arithmetic_factor -> . FLOAT
    (119) arithmetic_factor -> . STRING_LITERAL
    (120) arithmetic_factor -> . variable_reference

    INT             shift and go to state 14
    FLOAT           shift and go to state 15
    IDENTIFIER      shift and go to state 20
    LCURLY_BRACKET  shift and go to state 22
    VAR_ACCESS      shift and go to state 23
    MAP             shift and go to state 32
    FILTER          shift and go to state 33
    REDUCE          shift and go to state 34
    FOREACH         shift and go to state 35
    FLATMAP         shift and go to state 36
    FANOUT          shift and go to state 37
    LBRACKET        shift and go to state 18
    NULL            shift and go to state 39
    LOGICAL_NOT     shift and go to state 50
    BITWISE_NOT     shift and go to state 51
    MINUS           shift and go to state 48
    LPAREN          shift and go to state 21
    STRING_LITERAL  shift and go to state 54

    expression                     shift and go to state 121
    descriptor                     shift and go to state 9
    factor                         shift and go to state 10
    task                           shift and go to state 11
    expression_groupings           shift and go to state 12
    term                           shift and go to state 13
    variable_reference             shift and go to state 16
    meta_event                     shift and go to state 17
    task_name                      shift and go to state 19
    value                          shift and go to state 8
    meta_mode                      shift and go to state 24
    list                           shift and go to state 25
    map                            shift and go to state 26
    arithmetic_expr                shift and go to state 27
    null_value                     shift and go to state 28
    comparison_expression          shift and go to state 29
    ternary_expression             shift and go to state 30
    null_coalesce_expression       shift and go to state 31
    logical_or_expression          shift and go to state 38
    logical_and_expression         shift and go to state 40
    bitwise_or_expression          shift and go to state 41
    bitwise_xor_expression         shift and go to state 42
    bitwise_and_expression         shift and go to state 43
    arith_comparison_expression    shift and go to state 44
    shift_expression               shift and go to state 45
    additive_expression            shift and go to state 46
    multiplicative_expression      shift and go to state 47
    unary_expression               shift and go to state 49
    primary_expression             shift and go to state 52
    arithmetic_factor              shift and go to state 53

state 62

    (20) comparison_expression -> expression RANGLE . expression
    (7) expression -> . expression POINTER expression
    (8) expression -> . expression PPOINTER expression
    (9) expression -> . expression PARALLEL expression
    (10) expression -> . descriptor POINTER expression
    (11) expression -> . descriptor PPOINTER expression
    (12) expression -> . factor RETRY task
    (13) expression -> . task RETRY factor
    (14) expression -> . expression_groupings RETRY factor
    (15) expression -> . factor RETRY expression_groupings
    (24) expression -> . term
    (65) descriptor -> . INT
    (66) factor -> . INT
    (67) factor -> . FLOAT
    (68) factor -> . variable_reference
    (29) task -> . meta_event
    (30) task -> . meta_event LBRACKET assigment_expression_group RBRACKET
    (69) task -> . task_name
    (70) task -> . IDENTIFIER DOUBLE_COLON task_name
    (75) task -> . task LPAREN conditional_group RPAREN
    (80) expression_groupings -> . LCURLY_BRACKET expression RCURLY_BRACKET
    (81) expression_groupings -> . LCURLY_BRACKET expression RCURLY_BRACKET LBRACKET assigment_expression_group RBRACKET
    (25) term -> . task
    (26) term -> . expression_groupings
    (27) term -> . value
    (28) term -> . variable_reference
    (63) variable_reference -> . VAR_ACCESS
    (64) variable_reference -> . VAR_ACCESS DOT IDENTIFIER
    (31) meta_event -> . meta_mode LANGLE IDENTIFIER RANGLE
    (32) meta_event -> . meta_mode LANGLE IDENTIFIER DOUBLE_COLON IDENTIFIER RANGLE
    (71) task_name -> . IDENTIFIER
    (72) task_name -> . IDENTIFIER LBRACKET assigment_expression_group RBRACKET
    (41) value -> . list
    (42) value -> . map
    (43) value -> . arithmetic_expr
    (44) value -> . null_value
    (45) value -> . comparison_expression
    (46) value -> . ternary_expression
    (47) value -> . null_coalesce_expression
    (33) meta_mode -> . MAP
    (34) meta_mode -> . FILTER
    (35) meta_mode -> . REDUCE
    (36) meta_mode -> . FOREACH
    (37) meta_mode -> . FLATMAP
    (38) meta_mode -> . FANOUT
    (53) list -> . LBRACKET list_elements RBRACKET
    (48) map -> . LCURLY_BRACKET map_entries RCURLY_BRACKET
    (82) arithmetic_expr -> . logical_or_expression
    (62) null_value -> . NULL
    (17) comparison_expression -> . expression EQ expression
    (18) comparison_expression -> . expression NE expression
    (19) comparison_expression -> . expression LANGLE expression
    (20) comparison_expression -> . expression RANGLE expression
    (21) comparison_expression -> . expression LE expression
    (22) comparison_expression -> . expression GE expression
    (16) ternary_expression -> . comparison_expression QUESTION expression COLON expression
    (23) null_coalesce_expression -> . expression NULLCOALESCE expression
    (83) logical_or_expression -> . logical_or_expression PARALLEL logical_and_expression
    (84) logical_or_expression -> . logical_and_expression
    (85) logical_and_expression -> . logical_and_expression LOGICAL_AND bitwise_or_expression
    (86) logical_and_expression -> . bitwise_or_expression
    (87) bitwise_or_expression -> . bitwise_or_expression BITWISE_OR bitwise_xor_expression
    (88) bitwise_or_expression -> . bitwise_xor_expression
    (89) bitwise_xor_expression -> . bitwise_xor_expression BITWISE_XOR bitwise_and_expression
    (90) bitwise_xor_expression -> . bitwise_and_expression
    (91) bitwise_and_expression -> . bitwise_and_expression BITWISE_AND arith_comparison_expression
    (92) bitwise_and_expression -> . arith_comparison_expression
    (93) arith_comparison_expression -> . arith_comparison_expression EQ shift_expression
    (94) arith_comparison_expression -> . arith_comparison_expression NE shift_expression
    (95) arith_comparison_expression -> . arith_comparison_expression LANGLE shift_expression
    (96) arith_comparison_expression -> . arith_comparison_expression RANGLE shift_expression
    (97) arith_comparison_expression -> . arith_comparison_expression LE shift_expression
    (98) arith_comparison_expression -> . arith_comparison_expression GE shift_expression
    (99) arith_comparison_expression -> . shift_expression
    (100) shift_expression -> . shift_expression LSHL additive_expression
    (101) shift_expression -> . shift_expression LSHR additive_expression
    (102) shift_expression -> . shift_expression ASHR additive_expression
    (103) shift_expression -> . additive_expression
    (104) additive_expression -> . additive_expression PLUS multiplicative_expression
    (105) additive_expression -> . additive_expression MINUS multiplicative_expression
    (106) additive_expression -> . multiplicative_expression
    (107) multiplicative_expression -> . multiplicative_expression DIV unary_expression
    (108) multiplicative_expression -> . multiplicative_expression MOD unary_expression
    (109) multiplicative_expression -> . multiplicative_expression RETRY unary_expression
    (110) multiplicative_expression -> . unary_expression
    (111) unary_expression -> . LOGICAL_NOT unary_expression
    (112) unary_expression -> . BITWISE_NOT unary_expression
    (113) unary_expression -> . MINUS unary_expression
    (114) unary_expression -> . primary_expression
    (115) primary_expression -> . LPAREN arithmetic_expr RPAREN
    (116) primary_expression -> . arithmetic_factor
    (117) arithmetic_factor -> . INT
    (118) arithmetic_factor -> . FLOAT
    (119) arithmetic_factor -> . STRING_LITERAL
    (120) arithmetic_factor -> . variable_reference

    INT             shift and go to state 14
    FLOAT           shift and go to state 15
    IDENTIFIER      shift and go to state 20
    LCURLY_BRACKET  shift and go to state 22
    VAR_ACCESS      shift and go to state 23
    MAP             shift and go to state 32
    FILTER          shift and go to state 33
    REDUCE          shift and go to state 34
    FOREACH         shift and go to state 35
    FLATMAP         shift and go to state 36
    FANOUT          shift and go to state 37
    LBRACKET        shift and go to state 18
    NULL            shift and go to state 39
    LOGICAL_NOT     shift and go to state 50
    BITWISE_NOT     shift and go to state 51
    MINUS           shift and go to state 48
    LPAREN          shift and go to state 21
    STRING_LITERAL  shift and go to state 54

    expression                     shift and go to state 122
    descriptor                     shift and go to state 9
    factor                         shift and go to state 10
    task                           shift and go to state 11
    expression_groupings           shift and go to state 12
    term                           shift and go to state 13
    variable_reference             shift and go to state 16
    meta_event                     shift and go to state 17
    task_name                      shift and go to state 19
    value                          shift and go to state 8
    meta_mode                      shift and go to state 24
    list                           shift and go to state 25
    map                            shift and go to state 26
    arithmetic_expr                shift and go to state 27
    null_value                     shift and go to state 28
    comparison_expression          shift and go to state 29
    ternary_expression             shift and go to state 30
    null_coalesce_expression       shift and go to state 31
    logical_or_expression          shift and go to state 38
    logical_and_expression         shift and go to state 40
    bitwise_or_expression          shift and go to state 41
    bitwise_xor_expression         shift and go to state 42
    bitwise_and_expression         shift and go to state 43
    arith_comparison_expression    shift and go to state 44
    shift_expression               shift and go to state 45
    additive_expression            shift and go to state 46
    multiplicative_expression      shift and go to state 47
    unary_expression               shift and go to state 49
    primary_expression             shift and go to state 52
    arithmetic_factor              shift and go to state 53

state 63

    (21) comparison_expression -> expression LE . expression
    (7) expression -> . expression POINTER expression
    (8) expression -> . expression PPOINTER expression
    (9) expression -> . expression PARALLEL expression
    (10) expression -> . descriptor POINTER expression
    (11) expression -> . descriptor PPOINTER expression
    (12) expression -> . factor RETRY task
    (13) expression -> . task RETRY factor
    (14) expression -> . expression_groupings RETRY factor
    (15) expression -> . factor RETRY expression_groupings
    (24) expression -> . term
    (65) descriptor -> . INT
    (66) factor -> . INT
    (67) factor -> . FLOAT
    (68) factor -> . variable_reference
    (29) task -> . meta_event
    (30) task -> . meta_event LBRACKET assigment_expression_group RBRACKET
    (69) task -> . task_name
    (70) task -> . IDENTIFIER DOUBLE_COLON task_name
    (75) task -> . task LPAREN conditional_group RPAREN
    (80) expression_groupings -> . LCURLY_BRACKET expression RCURLY_BRACKET
    (81) expression_groupings -> . LCURLY_BRACKET expression RCURLY_BRACKET LBRACKET assigment_expression_group RBRACKET
    (25) term -> . task
    (26) term -> . expression_groupings
    (27) term -> . value
    (28) term -> . variable_reference
    (63) variable_reference -> . VAR_ACCESS
    (64) variable_reference -> . VAR_ACCESS DOT IDENTIFIER
    (31) meta_event -> . meta_mode LANGLE IDENTIFIER RANGLE
    (32) meta_event -> . meta_mode LANGLE IDENTIFIER DOUBLE_COLON IDENTIFIER RANGLE
    (71) task_name -> . IDENTIFIER
    (72) task_name -> . IDENTIFIER LBRACKET assigment_expression_group RBRACKET
    (41) value -> . list
    (42) value -> . map
    (43) value -> . arithmetic_expr
    (44) value -> . null_value
    (45) value -> . comparison_expression
    (46) value -> . ternary_expression
    (47) value -> . null_coalesce_expression
    (33) meta_mode -> . MAP
    (34) meta_mode -> . FILTER
    (35) meta_mode -> . REDUCE
    (36) meta_mode -> . FOREACH
    (37) meta_mode -> . FLATMAP
    (38) meta_mode -> . FANOUT
    (53) list -> . LBRACKET list_elements RBRACKET
    (48) map -> . LCURLY_BRACKET map_entries RCURLY_BRACKET
    (82) arithmetic_expr -> . logical_or_expression
    (62) null_value -> . NULL
    (17) comparison_expression -> . expression EQ expression
    (18) comparison_expression -> . expression NE expression
    (19) comparison_expression -> . expression LANGLE expression
    (20) comparison_expression -> . expression RANGLE expression
    (21) comparison_expression -> . expression LE expression
    (22) comparison_expression -> . expression GE expression
    (16) ternary_expression -> . comparison_expression QUESTION expression COLON expression
    (23) null_coalesce_expression -> . expression NULLCOALESCE expression
    (83) logical_or_expression -> . logical_or_expression PARALLEL logical_and_expression
    (84) logical_or_expression -> . logical_and_expression
    (85) logical_and_expression -> . logical_and_expression LOGICAL_AND bitwise_or_expression
    (86) logical_and_expression -> . bitwise_or_expression
    (87) bitwise_or_expression -> . bitwise_or_expression BITWISE_OR bitwise_xor_expression
    (88) bitwise_or_expression -> . bitwise_xor_expression
    (89) bitwise_xor_expression -> . bitwise_xor_expression BITWISE_XOR bitwise_and_expression
    (90) bitwise_xor_expression -> . bitwise_and_expression
    (91) bitwise_and_expression -> . bitwise_and_expression BITWISE_AND arith_comparison_expression
    (92) bitwise_and_expression -> . arith_comparison_expression
    (93) arith_comparison_expression -> . arith_comparison_expression EQ shift_expression
    (94) arith_comparison_expression -> . arith_comparison_expression NE shift_expression
    (95) arith_comparison_expression -> . arith_comparison_expression LANGLE shift_expression
    (96) arith_comparison_expression -> . arith_comparison_expression RANGLE shift_expression
    (97) arith_comparison_expression -> . arith_comparison_expression LE shift_expression
    (98) arith_comparison_expression -> . arith_comparison_expression GE shift_expression
    (99) arith_comparison_expression -> . shift_expression
    (100) shift_expression -> . shift_expression LSHL additive_expression
    (101) shift_expression -> . shift_expression LSHR additive_expression
    (102) shift_expression -> . shift_expression ASHR additive_expression
    (103) shift_expression -> . additive_expression
    (104) additive_expression -> . additive_expression PLUS multiplicative_expression
    (105) additive_expression -> . additive_expression MINUS multiplicative_expression
    (106) additive_expression -> . multiplicative_expression
    (107) multiplicative_expression -> . multiplicative_expression DIV unary_expression
    (108) multiplicative_expression -> . multiplicative_expression MOD unary_expression
    (109) multiplicative_expression -> . multiplicative_expression RETRY unary_expression
    (110) multiplicative_expression -> . unary_expression
    (111) unary_expression -> . LOGICAL_NOT unary_expression
    (112) unary_expression -> . BITWISE_NOT unary_expression
    (113) unary_expression -> . MINUS unary_expression
    (114) unary_expression -> . primary_expression
    (115) primary_expression -> . LPAREN arithmetic_expr RPAREN
    (116) primary_expression -> . arithmetic_factor
    (117) arithmetic_factor -> . INT
    (118) arithmetic_factor -> . FLOAT
    (119) arithmetic_factor -> . STRING_LITERAL
    (120) arithmetic_factor -> . variable_reference

    INT             shift and go to state 14
    FLOAT           shift and go to state 15
    IDENTIFIER      shift and go to state 20
    LCURLY_BRACKET  shift and go to state 22
    VAR_ACCESS      shift and go to state 23
    MAP             shift and go to state 32
    FILTER          shift and go to state 33
    REDUCE          shift and go to state 34
    FOREACH         shift and go to state 35
    FLATMAP         shift and go to state 36
    FANOUT          shift and go to state 37
    LBRACKET        shift and go to state 18
    NULL            shift and go to state 39
    LOGICAL_NOT     shift and go to state 50
    BITWISE_NOT     shift and go to state 51
    MINUS           shift and go to state 48
    LPAREN          shift and go to state 21
    STRING_LITERAL  shift and go to state 54

    expression                     shift and go to state 123
    descriptor                     shift and go to state 9
    factor                         shift and go to state 10
    task                           shift and go to state 11
    expression_groupings           shift and go to state 12
    term                           shift and go to state 13
    variable_reference             shift and go to state 16
    meta_event                     shift and go to state 17
    task_name                      shift and go to state 19
    value                          shift and go to state 8
    meta_mode                      shift and go to state 24
    list                           shift and go to state 25
    map                            shift and go to state 26
    arithmetic_expr                shift and go to state 27
    null_value                     shift and go to state 28
    comparison_expression          shift and go to state 29
    ternary_expression             shift and go to state 30
    null_coalesce_expression       shift and go to state 31
    logical_or_expression          shift and go to state 38
    logical_and_expression         shift and go to state 40
    bitwise_or_expression          shift and go to state 41
    bitwise_xor_expression         shift and go to state 42
    bitwise_and_expression         shift and go to state 43
    arith_comparison_expression    shift and go to state 44
    shift_expression               shift and go to state 45
    additive_expression            shift and go to state 46
    multiplicative_expression      shift and go to state 47
    unary_expression               shift and go to state 49
    primary_expression             shift and go to state 52
    arithmetic_factor              shift and go to state 53

state 64

    (22) comparison_expression -> expression GE . expression
    (7) expression -> . expression POINTER expression
    (8) expression -> . expression PPOINTER expression
    (9) expression -> . expression PARALLEL expression
    (10) expression -> . descriptor POINTER expression
    (11) expression -> . descriptor PPOINTER expression
    (12) expression -> . factor RETRY task
    (13) expression -> . task RETRY factor
    (14) expression -> . expression_groupings RETRY factor
    (15) expression -> . factor RETRY expression_groupings
    (24) expression -> . term
    (65) descriptor -> . INT
    (66) factor -> . INT
    (67) factor -> . FLOAT
    (68) factor -> . variable_reference
    (29) task -> . meta_event
    (30) task -> . meta_event LBRACKET assigment_expression_group RBRACKET
    (69) task -> . task_name
    (70) task -> . IDENTIFIER DOUBLE_COLON task_name
    (75) task -> . task LPAREN conditional_group RPAREN
    (80) expression_groupings -> . LCURLY_BRACKET expression RCURLY_BRACKET
    (81) expression_groupings -> . LCURLY_BRACKET expression RCURLY_BRACKET LBRACKET assigment_expression_group RBRACKET
    (25) term -> . task
    (26) term -> . expression_groupings
    (27) term -> . value
    (28) term -> . variable_reference
    (63) variable_reference -> . VAR_ACCESS
    (64) variable_reference -> . VAR_ACCESS DOT IDENTIFIER
    (31) meta_event -> . meta_mode LANGLE IDENTIFIER RANGLE
    (32) meta_event -> . meta_mode LANGLE IDENTIFIER DOUBLE_COLON IDENTIFIER RANGLE
    (71) task_name -> . IDENTIFIER
    (72) task_name -> . IDENTIFIER LBRACKET assigment_expression_group RBRACKET
    (41) value -> . list
    (42) value -> . map
    (43) value -> . arithmetic_expr
    (44) value -> . null_value
    (45) value -> . comparison_expression
    (46) value -> . ternary_expression
    (47) value -> . null_coalesce_expression
    (33) meta_mode -> . MAP
    (34) meta_mode -> . FILTER
    (35) meta_mode -> . REDUCE
    (36) meta_mode -> . FOREACH
    (37) meta_mode -> . FLATMAP
    (38) meta_mode -> . FANOUT
    (53) list -> . LBRACKET list_elements RBRACKET
    (48) map -> . LCURLY_BRACKET map_entries RCURLY_BRACKET
    (82) arithmetic_expr -> . logical_or_expression
    (62) null_value -> . NULL
    (17) comparison_expression -> . expression EQ expression
    (18) comparison_expression -> . expression NE expression
    (19) comparison_expression -> . expression LANGLE expression
    (20) comparison_expression -> . expression RANGLE expression
    (21) comparison_expression -> . expression LE expression
    (22) comparison_expression -> . expression GE expression
    (16) ternary_expression -> . comparison_expression QUESTION expression COLON expression
    (23) null_coalesce_expression -> . expression NULLCOALESCE expression
    (83) logical_or_expression -> . logical_or_expression PARALLEL logical_and_expression
    (84) logical_or_expression -> . logical_and_expression
    (85) logical_and_expression -> . logical_and_expression LOGICAL_AND bitwise_or_expression
    (86) logical_and_expression -> . bitwise_or_expression
    (87) bitwise_or_expression -> . bitwise_or_expression BITWISE_OR bitwise_xor_expression
    (88) bitwise_or_expression -> . bitwise_xor_expression
    (89) bitwise_xor_expression -> . bitwise_xor_expression BITWISE_XOR bitwise_and_expression
    (90) bitwise_xor_expression -> . bitwise_and_expression
    (91) bitwise_and_expression -> . bitwise_and_expression BITWISE_AND arith_comparison_expression
    (92) bitwise_and_expression -> . arith_comparison_expression
    (93) arith_comparison_expression -> . arith_comparison_expression EQ shift_expression
    (94) arith_comparison_expression -> . arith_comparison_expression NE shift_expression
    (95) arith_comparison_expression -> . arith_comparison_expression LANGLE shift_expression
    (96) arith_comparison_expression -> . arith_comparison_expression RANGLE shift_expression
    (97) arith_comparison_expression -> . arith_comparison_expression LE shift_expression
    (98) arith_comparison_expression -> . arith_comparison_expression GE shift_expression
    (99) arith_comparison_expression -> . shift_expression
    (100) shift_expression -> . shift_expression LSHL additive_expression
    (101) shift_expression -> . shift_expression LSHR additive_expression
    (102) shift_expression -> . shift_expression ASHR additive_expression
    (103) shift_expression -> . additive_expression
    (104) additive_expression -> . additive_expression PLUS multiplicative_expression
    (105) additive_expression -> . additive_expression MINUS multiplicative_expression
    (106) additive_expression -> . multiplicative_expression
    (107) multiplicative_expression -> . multiplicative_expression DIV unary_expression
    (108) multiplicative_expression -> . multiplicative_expression MOD unary_expression
    (109) multiplicative_expression -> . multiplicative_expression RETRY unary_expression
    (110) multiplicative_expression -> . unary_expression
    (111) unary_expression -> . LOGICAL_NOT unary_expression
    (112) unary_expression -> . BITWISE_NOT unary_expression
    (113) unary_expression -> . MINUS unary_expression
    (114) unary_expression -> . primary_expression
    (115) primary_expression -> . LPAREN arithmetic_expr RPAREN
    (116) primary_expression -> . arithmetic_factor
    (117) arithmetic_factor -> . INT
    (118) arithmetic_factor -> . FLOAT
    (119) arithmetic_factor -> . STRING_LITERAL
    (120) arithmetic_factor -> . variable_reference

    INT             shift and go to state 14
    FLOAT           shift and go to state 15
    IDENTIFIER      shift and go to state 20
    LCURLY_BRACKET  shift and go to state 22
    VAR_ACCESS      shift and go to state 23
    MAP             shift and go to state 32
    FILTER          shift and go to state 33
    REDUCE          shift and go to state 34
    FOREACH         shift and go to state 35
    FLATMAP         shift and go to state 36
    FANOUT          shift and go to state 37
    LBRACKET        shift and go to state 18
    NULL            shift and go to state 39
    LOGICAL_NOT     shift and go to state 50
    BITWISE_NOT     shift and go to state 51
    MINUS           shift and go to state 48
    LPAREN          shift and go to state 21
    STRING_LITERAL  shift and go to state 54

    expression                     shift and go to state 124
    descriptor                     shift and go to state 9
    factor                         shift and go to state 10
    task                           shift and go to state 11
    expression_groupings           shift and go to state 12
    term                           shift and go to state 13
    variable_reference             shift and go to state 16
    meta_event                     shift and go to state 17
    task_name                      shift and go to state 19
    value                          shift and go to state 8
    meta_mode                      shift and go to state 24
    list                           shift and go to state 25
    map                            shift and go to state 26
    arithmetic_expr                shift and go to state 27
    null_value                     shift and go to state 28
    comparison_expression          shift and go to state 29
    ternary_expression             shift and go to state 30
    null_coalesce_expression       shift and go to state 31
    logical_or_expression          shift and go to state 38
    logical_and_expression         shift and go to state 40
    bitwise_or_expression          shift and go to state 41
    bitwise_xor_expression         shift and go to state 42
    bitwise_and_expression         shift and go to state 43
    arith_comparison_expression    shift and go to state 44
    shift_expression               shift and go to state 45
    additive_expression            shift and go to state 46
    multiplicative_expression      shift and go to state 47
    unary_expression               shift and go to state 49
    primary_expression             shift and go to state 52
    arithmetic_factor              shift and go to state 53

state 65

    (23) null_coalesce_expression -> expression NULLCOALESCE . expression
    (7) expression -> . expression POINTER expression
    (8) expression -> . expression PPOINTER expression
    (9) expression -> . expression PARALLEL expression
    (10) expression -> . descriptor POINTER expression
    (11) expression -> . descriptor PPOINTER expression
    (12) expression -> . factor RETRY task
    (13) expression -> . task RETRY factor
    (14) expression -> . expression_groupings RETRY factor
    (15) expression -> . factor RETRY expression_groupings
    (24) expression -> . term
    (65) descriptor -> . INT
    (66) factor -> . INT
    (67) factor -> . FLOAT
    (68) factor -> . variable_reference
    (29) task -> . meta_event
    (30) task -> . meta_event LBRACKET assigment_expression_group RBRACKET
    (69) task -> . task_name
    (70) task -> . IDENTIFIER DOUBLE_COLON task_name
    (75) task -> . task LPAREN conditional_group RPAREN
    (80) expression_groupings -> . LCURLY_BRACKET expression RCURLY_BRACKET
    (81) expression_groupings -> . LCURLY_BRACKET expression RCURLY_BRACKET LBRACKET assigment_expression_group RBRACKET
    (25) term -> . task
    (26) term -> . expression_groupings
    (27) term -> . value
    (28) term -> . variable_reference
    (63) variable_reference -> . VAR_ACCESS
    (64) variable_reference -> . VAR_ACCESS DOT IDENTIFIER
    (31) meta_event -> . meta_mode LANGLE IDENTIFIER RANGLE
    (32) meta_event -> . meta_mode LANGLE IDENTIFIER DOUBLE_COLON IDENTIFIER RANGLE
    (71) task_name -> . IDENTIFIER
    (72) task_name -> . IDENTIFIER LBRACKET assigment_expression_group RBRACKET
    (41) value -> . list
    (42) value -> . map
    (43) value -> . arithmetic_expr
    (44) value -> . null_value
    (45) value -> . comparison_expression
    (46) value -> . ternary_expression
    (47) value -> . null_coalesce_expression
    (33) meta_mode -> . MAP
    (34) meta_mode -> . FILTER
    (35) meta_mode -> . REDUCE
    (36) meta_mode -> . FOREACH
    (37) meta_mode -> . FLATMAP
    (38) meta_mode -> . FANOUT
    (53) list -> . LBRACKET list_elements RBRACKET
    (48) map -> . LCURLY_BRACKET map_entries RCURLY_BRACKET
    (82) arithmetic_expr -> . logical_or_expression
    (62) null_value -> . NULL
    (17) comparison_expression -> . expression EQ expression
    (18) comparison_expression -> . expression NE expression
    (19) comparison_expression -> . expression LANGLE expression
    (20) comparison_expression -> . expression RANGLE expression
    (21) comparison_expression -> . expression LE expression
    (22) comparison_expression -> . expression GE expression
    (16) ternary_expression -> . comparison_expression QUESTION expression COLON expression
    (23) null_coalesce_expression -> . expression NULLCOALESCE expression
    (83) logical_or_expression -> . logical_or_expression PARALLEL logical_and_expression
    (84) logical_or_expression -> . logical_and_expression
    (85) logical_and_expression -> . logical_and_expression LOGICAL_AND bitwise_or_expression
    (86) logical_and_expression -> . bitwise_or_expression
    (87) bitwise_or_expression -> . bitwise_or_expression BITWISE_OR bitwise_xor_expression
    (88) bitwise_or_expression -> . bitwise_xor_expression
    (89) bitwise_xor_expression -> . bitwise_xor_expression BITWISE_XOR bitwise_and_expression
    (90) bitwise_xor_expression -> . bitwise_and_expression
    (91) bitwise_and_expression -> . bitwise_and_expression BITWISE_AND arith_comparison_expression
    (92) bitwise_and_expression -> . arith_comparison_expression
    (93) arith_comparison_expression -> . arith_comparison_expression EQ shift_expression
    (94) arith_comparison_expression -> . arith_comparison_expression NE shift_expression
    (95) arith_comparison_expression -> . arith_comparison_expression LANGLE shift_expression
    (96) arith_comparison_expression -> . arith_comparison_expression RANGLE shift_expression
    (97) arith_comparison_expression -> . arith_comparison_expression LE shift_expression
    (98) arith_comparison_expression -> . arith_comparison_expression GE shift_expression
    (99) arith_comparison_expression -> . shift_expression
    (100) shift_expression -> . shift_expression LSHL additive_expression
    (101) shift_expression -> . shift_expression LSHR additive_expression
    (102) shift_expression -> . shift_expression ASHR additive_expression
    (103) shift_expression -> . additive_expression
    (104) additive_expression -> . additive_expression PLUS multiplicative_expression
    (105) additive_expression -> . additive_expression MINUS multiplicative_expression
    (106) additive_expression -> . multiplicative_expression
    (107) multiplicative_expression -> . multiplicative_expression DIV unary_expression
    (108) multiplicative_expression -> . multiplicative_expression MOD unary_expression
    (109) multiplicative_expression -> . multiplicative_expression RETRY unary_expression
    (110) multiplicative_expression -> . unary_expression
    (111) unary_expression -> . LOGICAL_NOT unary_expression
    (112) unary_expression -> . BITWISE_NOT unary_expression
    (113) unary_expression -> . MINUS unary_expression
    (114) unary_expression -> . primary_expression
    (115) primary_expression -> . LPAREN arithmetic_expr RPAREN
    (116) primary_expression -> . arithmetic_factor
    (117) arithmetic_factor -> . INT
    (118) arithmetic_factor -> . FLOAT
    (119) arithmetic_factor -> . STRING_LITERAL
    (120) arithmetic_factor -> . variable_reference

    INT             shift and go to state 14
    FLOAT           shift and go to state 15
    IDENTIFIER      shift and go to state 20
    LCURLY_BRACKET  shift and go to state 22
    VAR_ACCESS      shift and go to state 23
    MAP             shift and go to state 32
    FILTER          shift and go to state 33
    REDUCE          shift and go to state 34
    FOREACH         shift and go to state 35
    FLATMAP         shift and go to state 36
    FANOUT          shift and go to state 37
    LBRACKET        shift and go to state 18
    NULL            shift and go to state 39
    LOGICAL_NOT     shift and go to state 50
    BITWISE_NOT     shift and go to state 51
    MINUS           shift and go to state 48
    LPAREN          shift and go to state 21
    STRING_LITERAL  shift and go to state 54

    expression                     shift and go to state 125
    descriptor                     shift and go to state 9
    factor                         shift and go to state 10
    task                           shift and go to state 11
    expression_groupings           shift and go to state 12
    term                           shift and go to state 13
    variable_reference             shift and go to state 16
    meta_event                     shift and go to state 17
    task_name                      shift and go to state 19
    value                          shift and go to state 8
    meta_mode                      shift and go to state 24
    list                           shift and go to state 25
    map                            shift and go to state 26
    arithmetic_expr                shift and go to state 27
    null_value                     shift and go to state 28
    comparison_expression          shift and go to state 29
    ternary_expression             shift and go to state 30
    null_coalesce_expression       shift and go to state 31
    logical_or_expression          shift and go to state 38
    logical_and_expression         shift and go to state 40
    bitwise_or_expression          shift and go to state 41
    bitwise_xor_expression         shift and go to state 42
    bitwise_and_expression         shift and go to state 43
    arith_comparison_expression    shift and go to state 44
    shift_expression               shift and go to state 45
    additive_expression            shift and go to state 46
    multiplicative_expression      shift and go to state 47
    unary_expression               shift and go to state 49
    primary_expression             shift and go to state 52
    arithmetic_factor              shift and go to state 53

state 66

    (40) variable_declaration -> VAR_DECL ASSIGN . value
    (41) value -> . list
    (42) value -> . map
    (43) value -> . arithmetic_expr
    (44) value -> . null_value
    (45) value -> . comparison_expression
    (46) value -> . ternary_expression
    (47) value -> . null_coalesce_expression
    (53) list -> . LBRACKET list_elements RBRACKET
    (48) map -> . LCURLY_BRACKET map_entries RCURLY_BRACKET
    (82) arithmetic_expr -> . logical_or_expression
    (62) null_value -> . NULL
    (17) comparison_expression -> . expression EQ expression
    (18) comparison_expression -> . expression NE expression
    (19) comparison_expression -> . expression LANGLE expression
    (20) comparison_expression -> . expression RANGLE expression
    (21) comparison_expression -> . expression LE expression
    (22) comparison_expression -> . expression GE expression
    (16) ternary_expression -> . comparison_expression QUESTION expression COLON expression
    (23) null_coalesce_expression -> . expression NULLCOALESCE expression
    (83) logical_or_expression -> . logical_or_expression PARALLEL logical_and_expression
    (84) logical_or_expression -> . logical_and_expression
    (7) expression -> . expression POINTER expression
    (8) expression -> . expression PPOINTER expression
    (9) expression -> . expression PARALLEL expression
    (10) expression -> . descriptor POINTER expression
    (11) expression -> . descriptor PPOINTER expression
    (12) expression -> . factor RETRY task
    (13) expression -> . task RETRY factor
    (14) expression -> . expression_groupings RETRY factor
    (15) expression -> . factor RETRY expression_groupings
    (24) expression -> . term
    (85) logical_and_expression -> . logical_and_expression LOGICAL_AND bitwise_or_expression
    (86) logical_and_expression -> . bitwise_or_expression
    (65) descriptor -> . INT
    (66) factor -> . INT
    (67) factor -> . FLOAT
    (68) factor -> . variable_reference
    (29) task -> . meta_event
    (30) task -> . meta_event LBRACKET assigment_expression_group RBRACKET
    (69) task -> . task_name
    (70) task -> . IDENTIFIER DOUBLE_COLON task_name
    (75) task -> . task LPAREN conditional_group RPAREN
    (80) expression_groupings -> . LCURLY_BRACKET expression RCURLY_BRACKET
    (81) expression_groupings -> . LCURLY_BRACKET expression RCURLY_BRACKET LBRACKET assigment_expression_group RBRACKET
    (25) term -> . task
    (26) term -> . expression_groupings
    (27) term -> . value
    (28) term -> . variable_reference
    (87) bitwise_or_expression -> . bitwise_or_expression BITWISE_OR bitwise_xor_expression
    (88) bitwise_or_expression -> . bitwise_xor_expression
    (63) variable_reference -> . VAR_ACCESS
    (64) variable_reference -> . VAR_ACCESS DOT IDENTIFIER
    (31) meta_event -> . meta_mode LANGLE IDENTIFIER RANGLE
    (32) meta_event -> . meta_mode LANGLE IDENTIFIER DOUBLE_COLON IDENTIFIER RANGLE
    (71) task_name -> . IDENTIFIER
    (72) task_name -> . IDENTIFIER LBRACKET assigment_expression_group RBRACKET
    (89) bitwise_xor_expression -> . bitwise_xor_expression BITWISE_XOR bitwise_and_expression
    (90) bitwise_xor_expression -> . bitwise_and_expression
    (33) meta_mode -> . MAP
    (34) meta_mode -> . FILTER
    (35) meta_mode -> . REDUCE
    (36) meta_mode -> . FOREACH
    (37) meta_mode -> . FLATMAP
    (38) meta_mode -> . FANOUT
    (91) bitwise_and_expression -> . bitwise_and_expression BITWISE_AND arith_comparison_expression
    (92) bitwise_and_expression -> . arith_comparison_expression
    (93) arith_comparison_expression -> . arith_comparison_expression EQ shift_expression
    (94) arith_comparison_expression -> . arith_comparison_expression NE shift_expression
    (95) arith_comparison_expression -> . arith_comparison_expression LANGLE shift_expression
    (96) arith_comparison_expression -> . arith_comparison_expression RANGLE shift_expression
    (97) arith_comparison_expression -> . arith_comparison_expression LE shift_expression
    (98) arith_comparison_expression -> . arith_comparison_expression GE shift_expression
    (99) arith_comparison_expression -> . shift_expression
    (100) shift_expression -> . shift_expression LSHL additive_expression
    (101) shift_expression -> . shift_expression LSHR additive_expression
    (102) shift_expression -> . shift_expression ASHR additive_expression
    (103) shift_expression -> . additive_expression
    (104) additive_expression -> . additive_expression PLUS multiplicative_expression
    (105) additive_expression -> . additive_expression MINUS multiplicative_expression
    (106) additive_expression -> . multiplicative_expression
    (107) multiplicative_expression -> . multiplicative_expression DIV unary_expression
    (108) multiplicative_expression -> . multiplicative_expression MOD unary_expression
    (109) multiplicative_expression -> . multiplicative_expression RETRY unary_expression
    (110) multiplicative_expression -> . unary_expression
    (111) unary_expression -> . LOGICAL_NOT unary_expression
    (112) unary_expression -> . BITWISE_NOT unary_expression
    (113) unary_expression -> . MINUS unary_expression
    (114) unary_expression -> . primary_expression
    (115) primary_expression -> . LPAREN arithmetic_expr RPAREN
    (116) primary_expression -> . arithmetic_factor
    (117) arithmetic_factor -> . INT
    (118) arithmetic_factor -> . FLOAT
    (119) arithmetic_factor -> . STRING_LITERAL
    (120) arithmetic_factor -> . variable_reference

    LBRACKET        shift and go to state 18
    LCURLY_BRACKET  shift and go to state 78
    NULL            shift and go to state 39
    INT             shift and go to state 14
    FLOAT           shift and go to state 15
    IDENTIFIER      shift and go to state 20
    VAR_ACCESS      shift and go to state 23
    MAP             shift and go to state 32
    FILTER          shift and go to state 33
    REDUCE          shift and go to state 34
    FOREACH         shift and go to state 35
    FLATMAP         shift and go to state 36
    FANOUT          shift and go to state 37
    LOGICAL_NOT     shift and go to state 50
    BITWISE_NOT     shift and go to state 51
    MINUS           shift and go to state 48
    LPAREN          shift and go to state 21
    STRING_LITERAL  shift and go to state 54

    value                          shift and go to state 126
    list                           shift and go to state 25
    map                            shift and go to state 26
    arithmetic_expr                shift and go to state 27
    null_value                     shift and go to state 28
    comparison_expression          shift and go to state 29
    ternary_expression             shift and go to state 30
    null_coalesce_expression       shift and go to state 31
    logical_or_expression          shift and go to state 38
    expression                     shift and go to state 79
    logical_and_expression         shift and go to state 40
    descriptor                     shift and go to state 9
    factor                         shift and go to state 10
    task                           shift and go to state 11
    expression_groupings           shift and go to state 12
    term                           shift and go to state 13
    bitwise_or_expression          shift and go to state 41
    variable_reference             shift and go to state 16
    meta_event                     shift and go to state 17
    task_name                      shift and go to state 19
    bitwise_xor_expression         shift and go to state 42
    meta_mode                      shift and go to state 24
    bitwise_and_expression         shift and go to state 43
    arith_comparison_expression    shift and go to state 44
    shift_expression               shift and go to state 45
    additive_expression            shift and go to state 46
    multiplicative_expression      shift and go to state 47
    unary_expression               shift and go to state 49
    primary_expression             shift and go to state 52
    arithmetic_factor              shift and go to state 53

state 67

    (39) directive -> VAR_DECL COLON . scalar_value
    (58) scalar_value -> . INT
    (59) scalar_value -> . FLOAT
    (60) scalar_value -> . BOOLEAN
    (61) scalar_value -> . STRING_LITERAL

    INT             shift and go to state 128
    FLOAT           shift and go to state 129
    BOOLEAN         shift and go to state 130
    STRING_LITERAL  shift and go to state 131

    scalar_value                   shift and go to state 127

state 68

    (10) expression -> descriptor POINTER . expression
    (7) expression -> . expression POINTER expression
    (8) expression -> . expression PPOINTER expression
    (9) expression -> . expression PARALLEL expression
    (10) expression -> . descriptor POINTER expression
    (11) expression -> . descriptor PPOINTER expression
    (12) expression -> . factor RETRY task
    (13) expression -> . task RETRY factor
    (14) expression -> . expression_groupings RETRY factor
    (15) expression -> . factor RETRY expression_groupings
    (24) expression -> . term
    (65) descriptor -> . INT
    (66) factor -> . INT
    (67) factor -> . FLOAT
    (68) factor -> . variable_reference
    (29) task -> . meta_event
    (30) task -> . meta_event LBRACKET assigment_expression_group RBRACKET
    (69) task -> . task_name
    (70) task -> . IDENTIFIER DOUBLE_COLON task_name
    (75) task -> . task LPAREN conditional_group RPAREN
    (80) expression_groupings -> . LCURLY_BRACKET expression RCURLY_BRACKET
    (81) expression_groupings -> . LCURLY_BRACKET expression RCURLY_BRACKET LBRACKET assigment_expression_group RBRACKET
    (25) term -> . task
    (26) term -> . expression_groupings
    (27) term -> . value
    (28) term -> . variable_reference
    (63) variable_reference -> . VAR_ACCESS
    (64) variable_reference -> . VAR_ACCESS DOT IDENTIFIER
    (31) meta_event -> . meta_mode LANGLE IDENTIFIER RANGLE
    (32) meta_event -> . meta_mode LANGLE IDENTIFIER DOUBLE_COLON IDENTIFIER RANGLE
    (71) task_name -> . IDENTIFIER
    (72) task_name -> . IDENTIFIER LBRACKET assigment_expression_group RBRACKET
    (41) value -> . list
    (42) value -> . map
    (43) value -> . arithmetic_expr
    (44) value -> . null_value
    (45) value -> . comparison_expression
    (46) value -> . ternary_expression
    (47) value -> . null_coalesce_expression
    (33) meta_mode -> . MAP
    (34) meta_mode -> . FILTER
    (35) meta_mode -> . REDUCE
    (36) meta_mode -> . FOREACH
    (37) meta_mode -> . FLATMAP
    (38) meta_mode -> . FANOUT
    (53) list -> . LBRACKET list_elements RBRACKET
    (48) map -> . LCURLY_BRACKET map_entries RCURLY_BRACKET
    (82) arithmetic_expr -> . logical_or_expression
    (62) null_value -> . NULL
    (17) comparison_expression -> . expression EQ expression
    (18) comparison_expression -> . expression NE expression
    (19) comparison_expression -> . expression LANGLE expression
    (20) comparison_expression -> . expression RANGLE expression
    (21) comparison_expression -> . expression LE expression
    (22) comparison_expression -> . expression GE expression
    (16) ternary_expression -> . comparison_expression QUESTION expression COLON expression
    (23) null_coalesce_expression -> . expression NULLCOALESCE expression
    (83) logical_or_expression -> . logical_or_expression PARALLEL logical_and_expression
    (84) logical_or_expression -> . logical_and_expression
    (85) logical_and_expression -> . logical_and_expression LOGICAL_AND bitwise_or_expression
    (86) logical_and_expression -> . bitwise_or_expression
    (87) bitwise_or_expression -> . bitwise_or_expression BITWISE_OR bitwise_xor_expression
    (88) bitwise_or_expression -> . bitwise_xor_expression
    (89) bitwise_xor_expression -> . bitwise_xor_expression BITWISE_XOR bitwise_and_expression
    (90) bitwise_xor_expression -> . bitwise_and_expression
    (91) bitwise_and_expression -> . bitwise_and_expression BITWISE_AND arith_comparison_expression
    (92) bitwise_and_expression -> . arith_comparison_expression
    (93) arith_comparison_expression -> . arith_comparison_expression EQ shift_expression
    (94) arith_comparison_expression -> . arith_comparison_expression NE shift_expression
    (95) arith_comparison_expression -> . arith_comparison_expression LANGLE shift_expression
    (96) arith_comparison_expression -> . arith_comparison_expression RANGLE shift_expression
    (97) arith_comparison_expression -> . arith_comparison_expression LE shift_expression
    (98) arith_comparison_expression -> . arith_comparison_expression GE shift_expression
    (99) arith_comparison_expression -> . shift_expression
    (100) shift_expression -> . shift_expression LSHL additive_expression
    (101) shift_expression -> . shift_expression LSHR additive_expression
    (102) shift_expression -> . shift_expression ASHR additive_expression
    (103) shift_expression -> . additive_expression
    (104) additive_expression -> . additive_expression PLUS multiplicative_expression
    (105) additive_expression -> . additive_expression MINUS multiplicative_expression
    (106) additive_expression -> . multiplicative_expression
    (107) multiplicative_expression -> . multiplicative_expression DIV unary_expression
    (108) multiplicative_expression -> . multiplicative_expression MOD unary_expression
    (109) multiplicative_expression -> . multiplicative_expression RETRY unary_expression
    (110) multiplicative_expression -> . unary_expression
    (111) unary_expression -> . LOGICAL_NOT unary_expression
    (112) unary_expression -> . BITWISE_NOT unary_expression
    (113) unary_expression -> . MINUS unary_expression
    (114) unary_expression -> . primary_expression
    (115) primary_expression -> . LPAREN arithmetic_expr RPAREN
    (116) primary_expression -> . arithmetic_factor
    (117) arithmetic_factor -> . INT
    (118) arithmetic_factor -> . FLOAT
    (119) arithmetic_factor -> . STRING_LITERAL
    (120) arithmetic_factor -> . variable_reference

    INT             shift and go to state 14
    FLOAT           shift and go to state 15
    IDENTIFIER      shift and go to state 20
    LCURLY_BRACKET  shift and go to state 22
    VAR_ACCESS      shift and go to state 23
    MAP             shift and go to state 32
    FILTER          shift and go to state 33
    REDUCE          shift and go to state 34
    FOREACH         shift and go to state 35
    FLATMAP         shift and go to state 36
    FANOUT          shift and go to state 37
    LBRACKET        shift and go to state 18
    NULL            shift and go to state 39
    LOGICAL_NOT     shift and go to state 50
    BITWISE_NOT     shift and go to state 51
    MINUS           shift and go to state 48
    LPAREN          shift and go to state 21
    STRING_LITERAL  shift and go to state 54

    descriptor                     shift and go to state 9
    expression                     shift and go to state 132
    factor                         shift and go to state 10
    task                           shift and go to state 11
    expression_groupings           shift and go to state 12
    term                           shift and go to state 13
    variable_reference             shift and go to state 16
    meta_event                     shift and go to state 17
    task_name                      shift and go to state 19
    value                          shift and go to state 8
    meta_mode                      shift and go to state 24
    list                           shift and go to state 25
    map                            shift and go to state 26
    arithmetic_expr                shift and go to state 27
    null_value                     shift and go to state 28
    comparison_expression          shift and go to state 29
    ternary_expression             shift and go to state 30
    null_coalesce_expression       shift and go to state 31
    logical_or_expression          shift and go to state 38
    logical_and_expression         shift and go to state 40
    bitwise_or_expression          shift and go to state 41
    bitwise_xor_expression         shift and go to state 42
    bitwise_and_expression         shift and go to state 43
    arith_comparison_expression    shift and go to state 44
    shift_expression               shift and go to state 45
    additive_expression            shift and go to state 46
    multiplicative_expression      shift and go to state 47
    unary_expression               shift and go to state 49
    primary_expression             shift and go to state 52
    arithmetic_factor              shift and go to state 53

state 69

    (11) expression -> descriptor PPOINTER . expression
    (7) expression -> . expression POINTER expression
    (8) expression -> . expression PPOINTER expression
    (9) expression -> . expression PARALLEL expression
    (10) expression -> . descriptor POINTER expression
    (11) expression -> . descriptor PPOINTER expression
    (12) expression -> . factor RETRY task
    (13) expression -> . task RETRY factor
    (14) expression -> . expression_groupings RETRY factor
    (15) expression -> . factor RETRY expression_groupings
    (24) expression -> . term
    (65) descriptor -> . INT
    (66) factor -> . INT
    (67) factor -> . FLOAT
    (68) factor -> . variable_reference
    (29) task -> . meta_event
    (30) task -> . meta_event LBRACKET assigment_expression_group RBRACKET
    (69) task -> . task_name
    (70) task -> . IDENTIFIER DOUBLE_COLON task_name
    (75) task -> . task LPAREN conditional_group RPAREN
    (80) expression_groupings -> . LCURLY_BRACKET expression RCURLY_BRACKET
    (81) expression_groupings -> . LCURLY_BRACKET expression RCURLY_BRACKET LBRACKET assigment_expression_group RBRACKET
    (25) term -> . task
    (26) term -> . expression_groupings
    (27) term -> . value
    (28) term -> . variable_reference
    (63) variable_reference -> . VAR_ACCESS
    (64) variable_reference -> . VAR_ACCESS DOT IDENTIFIER
    (31) meta_event -> . meta_mode LANGLE IDENTIFIER RANGLE
    (32) meta_event -> . meta_mode LANGLE IDENTIFIER DOUBLE_COLON IDENTIFIER RANGLE
    (71) task_name -> . IDENTIFIER
    (72) task_name -> . IDENTIFIER LBRACKET assigment_expression_group RBRACKET
    (41) value -> . list
    (42) value -> . map
    (43) value -> . arithmetic_expr
    (44) value -> . null_value
    (45) value -> . comparison_expression
    (46) value -> . ternary_expression
    (47) value -> . null_coalesce_expression
    (33) meta_mode -> . MAP
    (34) meta_mode -> . FILTER
    (35) meta_mode -> . REDUCE
    (36) meta_mode -> . FOREACH
    (37) meta_mode -> . FLATMAP
    (38) meta_mode -> . FANOUT
    (53) list -> . LBRACKET list_elements RBRACKET
    (48) map -> . LCURLY_BRACKET map_entries RCURLY_BRACKET
    (82) arithmetic_expr -> . logical_or_expression
    (62) null_value -> . NULL
    (17) comparison_expression -> . expression EQ expression
    (18) comparison_expression -> . expression NE expression
    (19) comparison_expression -> . expression LANGLE expression
    (20) comparison_expression -> . expression RANGLE expression
    (21) comparison_expression -> . expression LE expression
    (22) comparison_expression -> . expression GE expression
    (16) ternary_expression -> . comparison_expression QUESTION expression COLON expression
    (23) null_coalesce_expression -> . expression NULLCOALESCE expression
    (83) logical_or_expression -> . logical_or_expression PARALLEL logical_and_expression
    (84) logical_or_expression -> . logical_and_expression
    (85) logical_and_expression -> . logical_and_expression LOGICAL_AND bitwise_or_expression
    (86) logical_and_expression -> . bitwise_or_expression
    (87) bitwise_or_expression -> . bitwise_or_expression BITWISE_OR bitwise_xor_expression
    (88) bitwise_or_expression -> . bitwise_xor_expression
    (89) bitwise_xor_expression -> . bitwise_xor_expression BITWISE_XOR bitwise_and_expression
    (90) bitwise_xor_expression -> . bitwise_and_expression
    (91) bitwise_and_expression -> . bitwise_and_expression BITWISE_AND arith_comparison_expression
    (92) bitwise_and_expression -> . arith_comparison_expression
    (93) arith_comparison_expression -> . arith_comparison_expression EQ shift_expression
    (94) arith_comparison_expression -> . arith_comparison_expression NE shift_expression
    (95) arith_comparison_expression -> . arith_comparison_expression LANGLE shift_expression
    (96) arith_comparison_expression -> . arith_comparison_expression RANGLE shift_expression
    (97) arith_comparison_expression -> . arith_comparison_expression LE shift_expression
    (98) arith_comparison_expression -> . arith_comparison_expression GE shift_expression
    (99) arith_comparison_expression -> . shift_expression
    (100) shift_expression -> . shift_expression LSHL additive_expression
    (101) shift_expression -> . shift_expression LSHR additive_expression
    (102) shift_expression -> . shift_expression ASHR additive_expression
    (103) shift_expression -> . additive_expression
    (104) additive_expression -> . additive_expression PLUS multiplicative_expression
    (105) additive_expression -> . additive_expression MINUS multiplicative_expression
    (106) additive_expression -> . multiplicative_expression
    (107) multiplicative_expression -> . multiplicative_expression DIV unary_expression
    (108) multiplicative_expression -> . multiplicative_expression MOD unary_expression
    (109) multiplicative_expression -> . multiplicative_expression RETRY unary_expression
    (110) multiplicative_expression -> . unary_expression
    (111) unary_expression -> . LOGICAL_NOT unary_expression
    (112) unary_expression -> . BITWISE_NOT unary_expression
    (113) unary_expression -> . MINUS unary_expression
    (114) unary_expression -> . primary_expression
    (115) primary_expression -> . LPAREN arithmetic_expr RPAREN
    (116) primary_expression -> . arithmetic_factor
    (117) arithmetic_factor -> . INT
    (118) arithmetic_factor -> . FLOAT
    (119) arithmetic_factor -> . STRING_LITERAL
    (120) arithmetic_factor -> . variable_reference

    INT             shift and go to state 14
    FLOAT           shift and go to state 15
    IDENTIFIER      shift and go to state 20
    LCURLY_BRACKET  shift and go to state 22
    VAR_ACCESS      shift and go to state 23
    MAP             shift and go to state 32
    FILTER          shift and go to state 33
    REDUCE          shift and go to state 34
    FOREACH         shift and go to state 35
    FLATMAP         shift and go to state 36
    FANOUT          shift and go to state 37
    LBRACKET        shift and go to state 18
    NULL            shift and go to state 39
    LOGICAL_NOT     shift and go to state 50
    BITWISE_NOT     shift and go to state 51
    MINUS           shift and go to state 48
    LPAREN          shift and go to state 21
    STRING_LITERAL  shift and go to state 54

    descriptor                     shift and go to state 9
    expression                     shift and go to state 133
    factor                         shift and go to state 10
    task                           shift and go to state 11
    expression_groupings           shift and go to state 12
    term                           shift and go to state 13
    variable_reference             shift and go to state 16
    meta_event                     shift and go to state 17
    task_name                      shift and go to state 19
    value                          shift and go to state 8
    meta_mode                      shift and go to state 24
    list                           shift and go to state 25
    map                            shift and go to state 26
    arithmetic_expr                shift and go to state 27
    null_value                     shift and go to state 28
    comparison_expression          shift and go to state 29
    ternary_expression             shift and go to state 30
    null_coalesce_expression       shift and go to state 31
    logical_or_expression          shift and go to state 38
    logical_and_expression         shift and go to state 40
    bitwise_or_expression          shift and go to state 41
    bitwise_xor_expression         shift and go to state 42
    bitwise_and_expression         shift and go to state 43
    arith_comparison_expression    shift and go to state 44
    shift_expression               shift and go to state 45
    additive_expression            shift and go to state 46
    multiplicative_expression      shift and go to state 47
    unary_expression               shift and go to state 49
    primary_expression             shift and go to state 52
    arithmetic_factor              shift and go to state 53

state 70

    (12) expression -> factor RETRY . task
    (15) expression -> factor RETRY . expression_groupings
    (29) task -> . meta_event
    (30) task -> . meta_event LBRACKET assigment_expression_group RBRACKET
    (69) task -> . task_name
    (70) task -> . IDENTIFIER DOUBLE_COLON task_name
    (75) task -> . task LPAREN conditional_group RPAREN
    (80) expression_groupings -> . LCURLY_BRACKET expression RCURLY_BRACKET
    (81) expression_groupings -> . LCURLY_BRACKET expression RCURLY_BRACKET LBRACKET assigment_expression_group RBRACKET
    (31) meta_event -> . meta_mode LANGLE IDENTIFIER RANGLE
    (32) meta_event -> . meta_mode LANGLE IDENTIFIER DOUBLE_COLON IDENTIFIER RANGLE
    (71) task_name -> . IDENTIFIER
    (72) task_name -> . IDENTIFIER LBRACKET assigment_expression_group RBRACKET
    (33) meta_mode -> . MAP
    (34) meta_mode -> . FILTER
    (35) meta_mode -> . REDUCE
    (36) meta_mode -> . FOREACH
    (37) meta_mode -> . FLATMAP
    (38) meta_mode -> . FANOUT

    IDENTIFIER      shift and go to state 20
    LCURLY_BRACKET  shift and go to state 136
    MAP             shift and go to state 32
    FILTER          shift and go to state 33
    REDUCE          shift and go to state 34
    FOREACH         shift and go to state 35
    FLATMAP         shift and go to state 36
    FANOUT          shift and go to state 37

    task                           shift and go to state 134
    expression_groupings           shift and go to state 135
    meta_event                     shift and go to state 17
    task_name                      shift and go to state 19
    meta_mode                      shift and go to state 24

state 71

    (13) expression -> task RETRY . factor
    (66) factor -> . INT
    (67) factor -> . FLOAT
    (68) factor -> . variable_reference
    (63) variable_reference -> . VAR_ACCESS
    (64) variable_reference -> . VAR_ACCESS DOT IDENTIFIER

    INT             shift and go to state 138
    FLOAT           shift and go to state 139
    VAR_ACCESS      shift and go to state 23

    factor                         shift and go to state 137
    variable_reference             shift and go to state 140

state 72

    (75) task -> task LPAREN . conditional_group RPAREN
    (73) conditional_group -> . expression SEPARATOR expression
    (74) conditional_group -> . conditional_group SEPARATOR expression
    (7) expression -> . expression POINTER expression
    (8) expression -> . expression PPOINTER expression
    (9) expression -> . expression PARALLEL expression
    (10) expression -> . descriptor POINTER expression
    (11) expression -> . descriptor PPOINTER expression
    (12) expression -> . factor RETRY task
    (13) expression -> . task RETRY factor
    (14) expression -> . expression_groupings RETRY factor
    (15) expression -> . factor RETRY expression_groupings
    (24) expression -> . term
    (65) descriptor -> . INT
    (66) factor -> . INT
    (67) factor -> . FLOAT
    (68) factor -> . variable_reference
    (29) task -> . meta_event
    (30) task -> . meta_event LBRACKET assigment_expression_group RBRACKET
    (69) task -> . task_name
    (70) task -> . IDENTIFIER DOUBLE_COLON task_name
    (75) task -> . task LPAREN conditional_group RPAREN
    (80) expression_groupings -> . LCURLY_BRACKET expression RCURLY_BRACKET
    (81) expression_groupings -> . LCURLY_BRACKET expression RCURLY_BRACKET LBRACKET assigment_expression_group RBRACKET
    (25) term -> . task
    (26) term -> . expression_groupings
    (27) term -> . value
    (28) term -> . variable_reference
    (63) variable_reference -> . VAR_ACCESS
    (64) variable_reference -> . VAR_ACCESS DOT IDENTIFIER
    (31) meta_event -> . meta_mode LANGLE IDENTIFIER RANGLE
    (32) meta_event -> . meta_mode LANGLE IDENTIFIER DOUBLE_COLON IDENTIFIER RANGLE
    (71) task_name -> . IDENTIFIER
    (72) task_name -> . IDENTIFIER LBRACKET assigment_expression_group RBRACKET
    (41) value -> . list
    (42) value -> . map
    (43) value -> . arithmetic_expr
    (44) value -> . null_value
    (45) value -> . comparison_expression
    (46) value -> . ternary_expression
    (47) value -> . null_coalesce_expression
    (33) meta_mode -> . MAP
    (34) meta_mode -> . FILTER
    (35) meta_mode -> . REDUCE
    (36) meta_mode -> . FOREACH
    (37) meta_mode -> . FLATMAP
    (38) meta_mode -> . FANOUT
    (53) list -> . LBRACKET list_elements RBRACKET
    (48) map -> . LCURLY_BRACKET map_entries RCURLY_BRACKET
    (82) arithmetic_expr -> . logical_or_expression
    (62) null_value -> . NULL
    (17) comparison_expression -> . expression EQ expression
    (18) comparison_expression -> . expression NE expression
    (19) comparison_expression -> . expression LANGLE expression
    (20) comparison_expression -> . expression RANGLE expression
    (21) comparison_expression -> . expression LE expression
    (22) comparison_expression -> . expression GE expression
    (16) ternary_expression -> . comparison_expression QUESTION expression COLON expression
    (23) null_coalesce_expression -> . expression NULLCOALESCE expression
    (83) logical_or_expression -> . logical_or_expression PARALLEL logical_and_expression
    (84) logical_or_expression -> . logical_and_expression
    (85) logical_and_expression -> . logical_and_expression LOGICAL_AND bitwise_or_expression
    (86) logical_and_expression -> . bitwise_or_expression
    (87) bitwise_or_expression -> . bitwise_or_expression BITWISE_OR bitwise_xor_expression
    (88) bitwise_or_expression -> . bitwise_xor_expression
    (89) bitwise_xor_expression -> . bitwise_xor_expression BITWISE_XOR bitwise_and_expression
    (90) bitwise_xor_expression -> . bitwise_and_expression
    (91) bitwise_and_expression -> . bitwise_and_expression BITWISE_AND arith_comparison_expression
    (92) bitwise_and_expression -> . arith_comparison_expression
    (93) arith_comparison_expression -> . arith_comparison_expression EQ shift_expression
    (94) arith_comparison_expression -> . arith_comparison_expression NE shift_expression
    (95) arith_comparison_expression -> . arith_comparison_expression LANGLE shift_expression
    (96) arith_comparison_expression -> . arith_comparison_expression RANGLE shift_expression
    (97) arith_comparison_expression -> . arith_comparison_expression LE shift_expression
    (98) arith_comparison_expression -> . arith_comparison_expression GE shift_expression
    (99) arith_comparison_expression -> . shift_expression
    (100) shift_expression -> . shift_expression LSHL additive_expression
    (101) shift_expression -> . shift_expression LSHR additive_expression
    (102) shift_expression -> . shift_expression ASHR additive_expression
    (103) shift_expression -> . additive_expression
    (104) additive_expression -> . additive_expression PLUS multiplicative_expression
    (105) additive_expression -> . additive_expression MINUS multiplicative_expression
    (106) additive_expression -> . multiplicative_expression
    (107) multiplicative_expression -> . multiplicative_expression DIV unary_expression
    (108) multiplicative_expression -> . multiplicative_expression MOD unary_expression
    (109) multiplicative_expression -> . multiplicative_expression RETRY unary_expression
    (110) multiplicative_expression -> . unary_expression
    (111) unary_expression -> . LOGICAL_NOT unary_expression
    (112) unary_expression -> . BITWISE_NOT unary_expression
    (113) unary_expression -> . MINUS unary_expression
    (114) unary_expression -> . primary_expression
    (115) primary_expression -> . LPAREN arithmetic_expr RPAREN
    (116) primary_expression -> . arithmetic_factor
    (117) arithmetic_factor -> . INT
    (118) arithmetic_factor -> . FLOAT
    (119) arithmetic_factor -> . STRING_LITERAL
    (120) arithmetic_factor -> . variable_reference

    INT             shift and go to state 14
    FLOAT           shift and go to state 15
    IDENTIFIER      shift and go to state 20
    LCURLY_BRACKET  shift and go to state 22
    VAR_ACCESS      shift and go to state 23
    MAP             shift and go to state 32
    FILTER          shift and go to state 33
    REDUCE          shift and go to state 34
    FOREACH         shift and go to state 35
    FLATMAP         shift and go to state 36
    FANOUT          shift and go to state 37
    LBRACKET        shift and go to state 18
    NULL            shift and go to state 39
    LOGICAL_NOT     shift and go to state 50
    BITWISE_NOT     shift and go to state 51
    MINUS           shift and go to state 48
    LPAREN          shift and go to state 21
    STRING_LITERAL  shift and go to state 54

    task                           shift and go to state 11
    conditional_group              shift and go to state 141
    expression                     shift and go to state 142
    descriptor                     shift and go to state 9
    factor                         shift and go to state 10
    expression_groupings           shift and go to state 12
    term                           shift and go to state 13
    variable_reference             shift and go to state 16
    meta_event                     shift and go to state 17
    task_name                      shift and go to state 19
    value                          shift and go to state 8
    meta_mode                      shift and go to state 24
    list                           shift and go to state 25
    map                            shift and go to state 26
    arithmetic_expr                shift and go to state 27
    null_value                     shift and go to state 28
    comparison_expression          shift and go to state 29
    ternary_expression             shift and go to state 30
    null_coalesce_expression       shift and go to state 31
    logical_or_expression          shift and go to state 38
    logical_and_expression         shift and go to state 40
    bitwise_or_expression          shift and go to state 41
    bitwise_xor_expression         shift and go to state 42
    bitwise_and_expression         shift and go to state 43
    arith_comparison_expression    shift and go to state 44
    shift_expression               shift and go to state 45
    additive_expression            shift and go to state 46
    multiplicative_expression      shift and go to state 47
    unary_expression               shift and go to state 49
    primary_expression             shift and go to state 52
    arithmetic_factor              shift and go to state 53

state 73

    (14) expression -> expression_groupings RETRY . factor
    (66) factor -> . INT
    (67) factor -> . FLOAT
    (68) factor -> . variable_reference
    (63) variable_reference -> . VAR_ACCESS
    (64) variable_reference -> . VAR_ACCESS DOT IDENTIFIER

    INT             shift and go to state 138
    FLOAT           shift and go to state 139
    VAR_ACCESS      shift and go to state 23

    factor                         shift and go to state 143
    variable_reference             shift and go to state 140

state 74

    (30) task -> meta_event LBRACKET . assigment_expression_group RBRACKET
    (77) assigment_expression_group -> . assignment_expression
    (78) assigment_expression_group -> . assignment_expression SEPARATOR assignment_expression
    (79) assigment_expression_group -> . assigment_expression_group SEPARATOR assignment_expression
    (76) assignment_expression -> . IDENTIFIER ASSIGN value

    IDENTIFIER      shift and go to state 146

    assigment_expression_group     shift and go to state 144
    assignment_expression          shift and go to state 145

state 75

    (53) list -> LBRACKET list_elements . RBRACKET
    (55) list_elements -> list_elements . SEPARATOR value

    RBRACKET        shift and go to state 147
    SEPARATOR       shift and go to state 148


state 76

    (54) list_elements -> value .
    (27) term -> value .

    RBRACKET        reduce using rule 54 (list_elements -> value .)
    SEPARATOR       reduce using rule 54 (list_elements -> value .)
    EQ              reduce using rule 27 (term -> value .)
    NE              reduce using rule 27 (term -> value .)
    LANGLE          reduce using rule 27 (term -> value .)
    RANGLE          reduce using rule 27 (term -> value .)
    LE              reduce using rule 27 (term -> value .)
    GE              reduce using rule 27 (term -> value .)
    NULLCOALESCE    reduce using rule 27 (term -> value .)
    POINTER         reduce using rule 27 (term -> value .)
    PPOINTER        reduce using rule 27 (term -> value .)
    PARALLEL        reduce using rule 27 (term -> value .)


state 77

    (56) list_elements -> empty .

    RBRACKET        reduce using rule 56 (list_elements -> empty .)
    SEPARATOR       reduce using rule 56 (list_elements -> empty .)


state 78

    (48) map -> LCURLY_BRACKET . map_entries RCURLY_BRACKET
    (80) expression_groupings -> LCURLY_BRACKET . expression RCURLY_BRACKET
    (81) expression_groupings -> LCURLY_BRACKET . expression RCURLY_BRACKET LBRACKET assigment_expression_group RBRACKET
    (49) map_entries -> . empty
    (50) map_entries -> . map_entry
    (51) map_entries -> . map_entries SEPARATOR map_entry
    (7) expression -> . expression POINTER expression
    (8) expression -> . expression PPOINTER expression
    (9) expression -> . expression PARALLEL expression
    (10) expression -> . descriptor POINTER expression
    (11) expression -> . descriptor PPOINTER expression
    (12) expression -> . factor RETRY task
    (13) expression -> . task RETRY factor
    (14) expression -> . expression_groupings RETRY factor
    (15) expression -> . factor RETRY expression_groupings
    (24) expression -> . term
    (57) empty -> .
    (52) map_entry -> . STRING_LITERAL COLON value
    (65) descriptor -> . INT
    (66) factor -> . INT
    (67) factor -> . FLOAT
    (68) factor -> . variable_reference
    (29) task -> . meta_event
    (30) task -> . meta_event LBRACKET assigment_expression_group RBRACKET
    (69) task -> . task_name
    (70) task -> . IDENTIFIER DOUBLE_COLON task_name
    (75) task -> . task LPAREN conditional_group RPAREN
    (80) expression_groupings -> . LCURLY_BRACKET expression RCURLY_BRACKET
    (81) expression_groupings -> . LCURLY_BRACKET expression RCURLY_BRACKET LBRACKET assigment_expression_group RBRACKET
    (25) term -> . task
    (26) term -> . expression_groupings
    (27) term -> . value
    (28) term -> . variable_reference
    (63) variable_reference -> . VAR_ACCESS
    (64) variable_reference -> . VAR_ACCESS DOT IDENTIFIER
    (31) meta_event -> . meta_mode LANGLE IDENTIFIER RANGLE
    (32) meta_event -> . meta_mode LANGLE IDENTIFIER DOUBLE_COLON IDENTIFIER RANGLE
    (71) task_name -> . IDENTIFIER
    (72) task_name -> . IDENTIFIER LBRACKET assigment_expression_group RBRACKET
    (41) value -> . list
    (42) value -> . map
    (43) value -> . arithmetic_expr
    (44) value -> . null_value
    (45) value -> . comparison_expression
    (46) value -> . ternary_expression
    (47) value -> . null_coalesce_expression
    (33) meta_mode -> . MAP
    (34) meta_mode -> . FILTER
    (35) meta_mode -> . REDUCE
    (36) meta_mode -> . FOREACH
    (37) meta_mode -> . FLATMAP
    (38) meta_mode -> . FANOUT
    (53) list -> . LBRACKET list_elements RBRACKET
    (48) map -> . LCURLY_BRACKET map_entries RCURLY_BRACKET
    (82) arithmetic_expr -> . logical_or_expression
    (62) null_value -> . NULL
    (17) comparison_expression -> . expression EQ expression
    (18) comparison_expression -> . expression NE expression
    (19) comparison_expression -> . expression LANGLE expression
    (20) comparison_expression -> . expression RANGLE expression
    (21) comparison_expression -> . expression LE expression
    (22) comparison_expression -> . expression GE expression
    (16) ternary_expression -> . comparison_expression QUESTION expression COLON expression
    (23) null_coalesce_expression -> . expression NULLCOALESCE expression
    (83) logical_or_expression -> . logical_or_expression PARALLEL logical_and_expression
    (84) logical_or_expression -> . logical_and_expression
    (85) logical_and_expression -> . logical_and_expression LOGICAL_AND bitwise_or_expression
    (86) logical_and_expression -> . bitwise_or_expression
    (87) bitwise_or_expression -> . bitwise_or_expression BITWISE_OR bitwise_xor_expression
    (88) bitwise_or_expression -> . bitwise_xor_expression
    (89) bitwise_xor_expression -> . bitwise_xor_expression BITWISE_XOR bitwise_and_expression
    (90) bitwise_xor_expression -> . bitwise_and_expression
    (91) bitwise_and_expression -> . bitwise_and_expression BITWISE_AND arith_comparison_expression
    (92) bitwise_and_expression -> . arith_comparison_expression
    (93) arith_comparison_expression -> . arith_comparison_expression EQ shift_expression
    (94) arith_comparison_expression -> . arith_comparison_expression NE shift_expression
    (95) arith_comparison_expression -> . arith_comparison_expression LANGLE shift_expression
    (96) arith_comparison_expression -> . arith_comparison_expression RANGLE shift_expression
    (97) arith_comparison_expression -> . arith_comparison_expression LE shift_expression
    (98) arith_comparison_expression -> . arith_comparison_expression GE shift_expression
    (99) arith_comparison_expression -> . shift_expression
    (100) shift_expression -> . shift_expression LSHL additive_expression
    (101) shift_expression -> . shift_expression LSHR additive_expression
    (102) shift_expression -> . shift_expression ASHR additive_expression
    (103) shift_expression -> . additive_expression
    (104) additive_expression -> . additive_expression PLUS multiplicative_expression
    (105) additive_expression -> . additive_expression MINUS multiplicative_expression
    (106) additive_expression -> . multiplicative_expression
    (107) multiplicative_expression -> . multiplicative_expression DIV unary_expression
    (108) multiplicative_expression -> . multiplicative_expression MOD unary_expression
    (109) multiplicative_expression -> . multiplicative_expression RETRY unary_expression
    (110) multiplicative_expression -> . unary_expression
    (111) unary_expression -> . LOGICAL_NOT unary_expression
    (112) unary_expression -> . BITWISE_NOT unary_expression
    (113) unary_expression -> . MINUS unary_expression
    (114) unary_expression -> . primary_expression
    (115) primary_expression -> . LPAREN arithmetic_expr RPAREN
    (116) primary_expression -> . arithmetic_factor
    (117) arithmetic_factor -> . INT
    (118) arithmetic_factor -> . FLOAT
    (119) arithmetic_factor -> . STRING_LITERAL
    (120) arithmetic_factor -> . variable_reference

    RCURLY_BRACKET  reduce using rule 57 (empty -> .)
    SEPARATOR       reduce using rule 57 (empty -> .)
    STRING_LITERAL  shift and go to state 90
    INT             shift and go to state 14
    FLOAT           shift and go to state 15
    IDENTIFIER      shift and go to state 20
    LCURLY_BRACKET  shift and go to state 22
    VAR_ACCESS      shift and go to state 23
    MAP             shift and go to state 32
    FILTER          shift and go to state 33
    REDUCE          shift and go to state 34
    FOREACH         shift and go to state 35
    FLATMAP         shift and go to state 36
    FANOUT          shift and go to state 37
    LBRACKET        shift and go to state 18
    NULL            shift and go to state 39
    LOGICAL_NOT     shift and go to state 50
    BITWISE_NOT     shift and go to state 51
    MINUS           shift and go to state 48
    LPAREN          shift and go to state 21

    map_entries                    shift and go to state 87
    expression                     shift and go to state 86
    empty                          shift and go to state 88
    map_entry                      shift and go to state 89
    descriptor                     shift and go to state 9
    factor                         shift and go to state 10
    task                           shift and go to state 11
    expression_groupings           shift and go to state 12
    term                           shift and go to state 13
    value                          shift and go to state 8
    variable_reference             shift and go to state 16
    meta_event                     shift and go to state 17
    task_name                      shift and go to state 19
    meta_mode                      shift and go to state 24
    list                           shift and go to state 25
    map                            shift and go to state 26
    arithmetic_expr                shift and go to state 27
    null_value                     shift and go to state 28
    comparison_expression          shift and go to state 29
    ternary_expression             shift and go to state 30
    null_coalesce_expression       shift and go to state 31
    logical_or_expression          shift and go to state 38
    logical_and_expression         shift and go to state 40
    bitwise_or_expression          shift and go to state 41
    bitwise_xor_expression         shift and go to state 42
    bitwise_and_expression         shift and go to state 43
    arith_comparison_expression    shift and go to state 44
    shift_expression               shift and go to state 45
    additive_expression            shift and go to state 46
    multiplicative_expression      shift and go to state 47
    unary_expression               shift and go to state 49
    primary_expression             shift and go to state 52
    arithmetic_factor              shift and go to state 53

state 79

    (17) comparison_expression -> expression . EQ expression
    (18) comparison_expression -> expression . NE expression
    (19) comparison_expression -> expression . LANGLE expression
    (20) comparison_expression -> expression . RANGLE expression
    (21) comparison_expression -> expression . LE expression
    (22) comparison_expression -> expression . GE expression
    (23) null_coalesce_expression -> expression . NULLCOALESCE expression
    (7) expression -> expression . POINTER expression
    (8) expression -> expression . PPOINTER expression
    (9) expression -> expression . PARALLEL expression

    EQ              shift and go to state 59
    NE              shift and go to state 60
    LANGLE          shift and go to state 61
    RANGLE          shift and go to state 62
    LE              shift and go to state 63
    GE              shift and go to state 64
    NULLCOALESCE    shift and go to state 65
    POINTER         shift and go to state 56
    PPOINTER        shift and go to state 57
    PARALLEL        shift and go to state 58


state 80

    (70) task -> IDENTIFIER DOUBLE_COLON . task_name
    (71) task_name -> . IDENTIFIER
    (72) task_name -> . IDENTIFIER LBRACKET assigment_expression_group RBRACKET

    IDENTIFIER      shift and go to state 149

    task_name                      shift and go to state 150

state 81

    (72) task_name -> IDENTIFIER LBRACKET . assigment_expression_group RBRACKET
    (77) assigment_expression_group -> . assignment_expression
    (78) assigment_expression_group -> . assignment_expression SEPARATOR assignment_expression
    (79) assigment_expression_group -> . assigment_expression_group SEPARATOR assignment_expression
    (76) assignment_expression -> . IDENTIFIER ASSIGN value

    IDENTIFIER      shift and go to state 146

    assigment_expression_group     shift and go to state 151
    assignment_expression          shift and go to state 145

state 82

    (115) primary_expression -> LPAREN arithmetic_expr . RPAREN

    RPAREN          shift and go to state 152


state 83

    (117) arithmetic_factor -> INT .

    DIV             reduce using rule 117 (arithmetic_factor -> INT .)
    MOD             reduce using rule 117 (arithmetic_factor -> INT .)
    RETRY           reduce using rule 117 (arithmetic_factor -> INT .)
    PLUS            reduce using rule 117 (arithmetic_factor -> INT .)
    MINUS           reduce using rule 117 (arithmetic_factor -> INT .)
    LSHL            reduce using rule 117 (arithmetic_factor -> INT .)
    LSHR            reduce using rule 117 (arithmetic_factor -> INT .)
    ASHR            reduce using rule 117 (arithmetic_factor -> INT .)
    EQ              reduce using rule 117 (arithmetic_factor -> INT .)
    NE              reduce using rule 117 (arithmetic_factor -> INT .)
    LANGLE          reduce using rule 117 (arithmetic_factor -> INT .)
    RANGLE          reduce using rule 117 (arithmetic_factor -> INT .)
    LE              reduce using rule 117 (arithmetic_factor -> INT .)
    GE              reduce using rule 117 (arithmetic_factor -> INT .)
    BITWISE_AND     reduce using rule 117 (arithmetic_factor -> INT .)
    BITWISE_XOR     reduce using rule 117 (arithmetic_factor -> INT .)
    BITWISE_OR      reduce using rule 117 (arithmetic_factor -> INT .)
    LOGICAL_AND     reduce using rule 117 (arithmetic_factor -> INT .)
    PARALLEL        reduce using rule 117 (arithmetic_factor -> INT .)
    RPAREN          reduce using rule 117 (arithmetic_factor -> INT .)
    POINTER         reduce using rule 117 (arithmetic_factor -> INT .)
    PPOINTER        reduce using rule 117 (arithmetic_factor -> INT .)
    NULLCOALESCE    reduce using rule 117 (arithmetic_factor -> INT .)
    VAR_DECL        reduce using rule 117 (arithmetic_factor -> INT .)
    INT             reduce using rule 117 (arithmetic_factor -> INT .)
    FLOAT           reduce using rule 117 (arithmetic_factor -> INT .)
    IDENTIFIER      reduce using rule 117 (arithmetic_factor -> INT .)
    LCURLY_BRACKET  reduce using rule 117 (arithmetic_factor -> INT .)
    VAR_ACCESS      reduce using rule 117 (arithmetic_factor -> INT .)
    MAP             reduce using rule 117 (arithmetic_factor -> INT .)
    FILTER          reduce using rule 117 (arithmetic_factor -> INT .)
    REDUCE          reduce using rule 117 (arithmetic_factor -> INT .)
    FOREACH         reduce using rule 117 (arithmetic_factor -> INT .)
    FLATMAP         reduce using rule 117 (arithmetic_factor -> INT .)
    FANOUT          reduce using rule 117 (arithmetic_factor -> INT .)
    LBRACKET        reduce using rule 117 (arithmetic_factor -> INT .)
    NULL            reduce using rule 117 (arithmetic_factor -> INT .)
    LOGICAL_NOT     reduce using rule 117 (arithmetic_factor -> INT .)
    BITWISE_NOT     reduce using rule 117 (arithmetic_factor -> INT .)
    LPAREN          reduce using rule 117 (arithmetic_factor -> INT .)
    STRING_LITERAL  reduce using rule 117 (arithmetic_factor -> INT .)
    $end            reduce using rule 117 (arithmetic_factor -> INT .)
    RBRACKET        reduce using rule 117 (arithmetic_factor -> INT .)
    SEPARATOR       reduce using rule 117 (arithmetic_factor -> INT .)
    RCURLY_BRACKET  reduce using rule 117 (arithmetic_factor -> INT .)
    QUESTION        reduce using rule 117 (arithmetic_factor -> INT .)
    COLON           reduce using rule 117 (arithmetic_factor -> INT .)


state 84

    (118) arithmetic_factor -> FLOAT .

    DIV             reduce using rule 118 (arithmetic_factor -> FLOAT .)
    MOD             reduce using rule 118 (arithmetic_factor -> FLOAT .)
    RETRY           reduce using rule 118 (arithmetic_factor -> FLOAT .)
    PLUS            reduce using rule 118 (arithmetic_factor -> FLOAT .)
    MINUS           reduce using rule 118 (arithmetic_factor -> FLOAT .)
    LSHL            reduce using rule 118 (arithmetic_factor -> FLOAT .)
    LSHR            reduce using rule 118 (arithmetic_factor -> FLOAT .)
    ASHR            reduce using rule 118 (arithmetic_factor -> FLOAT .)
    EQ              reduce using rule 118 (arithmetic_factor -> FLOAT .)
    NE              reduce using rule 118 (arithmetic_factor -> FLOAT .)
    LANGLE          reduce using rule 118 (arithmetic_factor -> FLOAT .)
    RANGLE          reduce using rule 118 (arithmetic_factor -> FLOAT .)
    LE              reduce using rule 118 (arithmetic_factor -> FLOAT .)
    GE              reduce using rule 118 (arithmetic_factor -> FLOAT .)
    BITWISE_AND     reduce using rule 118 (arithmetic_factor -> FLOAT .)
    BITWISE_XOR     reduce using rule 118 (arithmetic_factor -> FLOAT .)
    BITWISE_OR      reduce using rule 118 (arithmetic_factor -> FLOAT .)
    LOGICAL_AND     reduce using rule 118 (arithmetic_factor -> FLOAT .)
    PARALLEL        reduce using rule 118 (arithmetic_factor -> FLOAT .)
    RPAREN          reduce using rule 118 (arithmetic_factor -> FLOAT .)
    POINTER         reduce using rule 118 (arithmetic_factor -> FLOAT .)
    PPOINTER        reduce using rule 118 (arithmetic_factor -> FLOAT .)
    NULLCOALESCE    reduce using rule 118 (arithmetic_factor -> FLOAT .)
    VAR_DECL        reduce using rule 118 (arithmetic_factor -> FLOAT .)
    INT             reduce using rule 118 (arithmetic_factor -> FLOAT .)
    FLOAT           reduce using rule 118 (arithmetic_factor -> FLOAT .)
    IDENTIFIER      reduce using rule 118 (arithmetic_factor -> FLOAT .)
    LCURLY_BRACKET  reduce using rule 118 (arithmetic_factor -> FLOAT .)
    VAR_ACCESS      reduce using rule 118 (arithmetic_factor -> FLOAT .)
    MAP             reduce using rule 118 (arithmetic_factor -> FLOAT .)
    FILTER          reduce using rule 118 (arithmetic_factor -> FLOAT .)
    REDUCE          reduce using rule 118 (arithmetic_factor -> FLOAT .)
    FOREACH         reduce using rule 118 (arithmetic_factor -> FLOAT .)
    FLATMAP         reduce using rule 118 (arithmetic_factor -> FLOAT .)
    FANOUT          reduce using rule 118 (arithmetic_factor -> FLOAT .)
    LBRACKET        reduce using rule 118 (arithmetic_factor -> FLOAT .)
    NULL            reduce using rule 118 (arithmetic_factor -> FLOAT .)
    LOGICAL_NOT     reduce using rule 118 (arithmetic_factor -> FLOAT .)
    BITWISE_NOT     reduce using rule 118 (arithmetic_factor -> FLOAT .)
    LPAREN          reduce using rule 118 (arithmetic_factor -> FLOAT .)
    STRING_LITERAL  reduce using rule 118 (arithmetic_factor -> FLOAT .)
    $end            reduce using rule 118 (arithmetic_factor -> FLOAT .)
    RBRACKET        reduce using rule 118 (arithmetic_factor -> FLOAT .)
    SEPARATOR       reduce using rule 118 (arithmetic_factor -> FLOAT .)
    RCURLY_BRACKET  reduce using rule 118 (arithmetic_factor -> FLOAT .)
    QUESTION        reduce using rule 118 (arithmetic_factor -> FLOAT .)
    COLON           reduce using rule 118 (arithmetic_factor -> FLOAT .)


state 85

    (120) arithmetic_factor -> variable_reference .

    DIV             reduce using rule 120 (arithmetic_factor -> variable_reference .)
    MOD             reduce using rule 120 (arithmetic_factor -> variable_reference .)
    RETRY           reduce using rule 120 (arithmetic_factor -> variable_reference .)
    PLUS            reduce using rule 120 (arithmetic_factor -> variable_reference .)
    MINUS           reduce using rule 120 (arithmetic_factor -> variable_reference .)
    LSHL            reduce using rule 120 (arithmetic_factor -> variable_reference .)
    LSHR            reduce using rule 120 (arithmetic_factor -> variable_reference .)
    ASHR            reduce using rule 120 (arithmetic_factor -> variable_reference .)
    EQ              reduce using rule 120 (arithmetic_factor -> variable_reference .)
    NE              reduce using rule 120 (arithmetic_factor -> variable_reference .)
    LANGLE          reduce using rule 120 (arithmetic_factor -> variable_reference .)
    RANGLE          reduce using rule 120 (arithmetic_factor -> variable_reference .)
    LE              reduce using rule 120 (arithmetic_factor -> variable_reference .)
    GE              reduce using rule 120 (arithmetic_factor -> variable_reference .)
    BITWISE_AND     reduce using rule 120 (arithmetic_factor -> variable_reference .)
    BITWISE_XOR     reduce using rule 120 (arithmetic_factor -> variable_reference .)
    BITWISE_OR      reduce using rule 120 (arithmetic_factor -> variable_reference .)
    LOGICAL_AND     reduce using rule 120 (arithmetic_factor -> variable_reference .)
    PARALLEL        reduce using rule 120 (arithmetic_factor -> variable_reference .)
    RPAREN          reduce using rule 120 (arithmetic_factor -> variable_reference .)
    POINTER         reduce using rule 120 (arithmetic_factor -> variable_reference .)
    PPOINTER        reduce using rule 120 (arithmetic_factor -> variable_reference .)
    NULLCOALESCE    reduce using rule 120 (arithmetic_factor -> variable_reference .)
    VAR_DECL        reduce using rule 120 (arithmetic_factor -> variable_reference .)
    INT             reduce using rule 120 (arithmetic_factor -> variable_reference .)
    FLOAT           reduce using rule 120 (arithmetic_factor -> variable_reference .)
    IDENTIFIER      reduce using rule 120 (arithmetic_factor -> variable_reference .)
    LCURLY_BRACKET  reduce using rule 120 (arithmetic_factor -> variable_reference .)
    VAR_ACCESS      reduce using rule 120 (arithmetic_factor -> variable_reference .)
    MAP             reduce using rule 120 (arithmetic_factor -> variable_reference .)
    FILTER          reduce using rule 120 (arithmetic_factor -> variable_reference .)
    REDUCE          reduce using rule 120 (arithmetic_factor -> variable_reference .)
    FOREACH         reduce using rule 120 (arithmetic_factor -> variable_reference .)
    FLATMAP         reduce using rule 120 (arithmetic_factor -> variable_reference .)
    FANOUT          reduce using rule 120 (arithmetic_factor -> variable_reference .)
    LBRACKET        reduce using rule 120 (arithmetic_factor -> variable_reference .)
    NULL            reduce using rule 120 (arithmetic_factor -> variable_reference .)
    LOGICAL_NOT     reduce using rule 120 (arithmetic_factor -> variable_reference .)
    BITWISE_NOT     reduce using rule 120 (arithmetic_factor -> variable_reference .)
    LPAREN          reduce using rule 120 (arithmetic_factor -> variable_reference .)
    STRING_LITERAL  reduce using rule 120 (arithmetic_factor -> variable_reference .)
    $end            reduce using rule 120 (arithmetic_factor -> variable_reference .)
    RBRACKET        reduce using rule 120 (arithmetic_factor -> variable_reference .)
    SEPARATOR       reduce using rule 120 (arithmetic_factor -> variable_reference .)
    RCURLY_BRACKET  reduce using rule 120 (arithmetic_factor -> variable_reference .)
    QUESTION        reduce using rule 120 (arithmetic_factor -> variable_reference .)
    COLON           reduce using rule 120 (arithmetic_factor -> variable_reference .)


state 86

    (80) expression_groupings -> LCURLY_BRACKET expression . RCURLY_BRACKET
    (81) expression_groupings -> LCURLY_BRACKET expression . RCURLY_BRACKET LBRACKET assigment_expression_group RBRACKET
    (7) expression -> expression . POINTER expression
    (8) expression -> expression . PPOINTER expression
    (9) expression -> expression . PARALLEL expression
    (17) comparison_expression -> expression . EQ expression
    (18) comparison_expression -> expression . NE expression
    (19) comparison_expression -> expression . LANGLE expression
    (20) comparison_expression -> expression . RANGLE expression
    (21) comparison_expression -> expression . LE expression
    (22) comparison_expression -> expression . GE expression
    (23) null_coalesce_expression -> expression . NULLCOALESCE expression

    RCURLY_BRACKET  shift and go to state 153
    POINTER         shift and go to state 56
    PPOINTER        shift and go to state 57
    PARALLEL        shift and go to state 58
    EQ              shift and go to state 59
    NE              shift and go to state 60
    LANGLE          shift and go to state 61
    RANGLE          shift and go to state 62
    LE              shift and go to state 63
    GE              shift and go to state 64
    NULLCOALESCE    shift and go to state 65


state 87

    (48) map -> LCURLY_BRACKET map_entries . RCURLY_BRACKET
    (51) map_entries -> map_entries . SEPARATOR map_entry

    RCURLY_BRACKET  shift and go to state 154
    SEPARATOR       shift and go to state 155


state 88

    (49) map_entries -> empty .

    RCURLY_BRACKET  reduce using rule 49 (map_entries -> empty .)
    SEPARATOR       reduce using rule 49 (map_entries -> empty .)


state 89

    (50) map_entries -> map_entry .

    RCURLY_BRACKET  reduce using rule 50 (map_entries -> map_entry .)
    SEPARATOR       reduce using rule 50 (map_entries -> map_entry .)


state 90

    (52) map_entry -> STRING_LITERAL . COLON value
    (119) arithmetic_factor -> STRING_LITERAL .

    COLON           shift and go to state 156
    DIV             reduce using rule 119 (arithmetic_factor -> STRING_LITERAL .)
    MOD             reduce using rule 119 (arithmetic_factor -> STRING_LITERAL .)
    RETRY           reduce using rule 119 (arithmetic_factor -> STRING_LITERAL .)
    PLUS            reduce using rule 119 (arithmetic_factor -> STRING_LITERAL .)
    MINUS           reduce using rule 119 (arithmetic_factor -> STRING_LITERAL .)
    LSHL            reduce using rule 119 (arithmetic_factor -> STRING_LITERAL .)
    LSHR            reduce using rule 119 (arithmetic_factor -> STRING_LITERAL .)
    ASHR            reduce using rule 119 (arithmetic_factor -> STRING_LITERAL .)
    EQ              reduce using rule 119 (arithmetic_factor -> STRING_LITERAL .)
    NE              reduce using rule 119 (arithmetic_factor -> STRING_LITERAL .)
    LANGLE          reduce using rule 119 (arithmetic_factor -> STRING_LITERAL .)
    RANGLE          reduce using rule 119 (arithmetic_factor -> STRING_LITERAL .)
    LE              reduce using rule 119 (arithmetic_factor -> STRING_LITERAL .)
    GE              reduce using rule 119 (arithmetic_factor -> STRING_LITERAL .)
    BITWISE_AND     reduce using rule 119 (arithmetic_factor -> STRING_LITERAL .)
    BITWISE_XOR     reduce using rule 119 (arithmetic_factor -> STRING_LITERAL .)
    BITWISE_OR      reduce using rule 119 (arithmetic_factor -> STRING_LITERAL .)
    LOGICAL_AND     reduce using rule 119 (arithmetic_factor -> STRING_LITERAL .)
    PARALLEL        reduce using rule 119 (arithmetic_factor -> STRING_LITERAL .)
    RCURLY_BRACKET  reduce using rule 119 (arithmetic_factor -> STRING_LITERAL .)
    POINTER         reduce using rule 119 (arithmetic_factor -> STRING_LITERAL .)
    PPOINTER        reduce using rule 119 (arithmetic_factor -> STRING_LITERAL .)
    NULLCOALESCE    reduce using rule 119 (arithmetic_factor -> STRING_LITERAL .)


state 91

    (64) variable_reference -> VAR_ACCESS DOT . IDENTIFIER

    IDENTIFIER      shift and go to state 157


state 92

    (31) meta_event -> meta_mode LANGLE . IDENTIFIER RANGLE
    (32) meta_event -> meta_mode LANGLE . IDENTIFIER DOUBLE_COLON IDENTIFIER RANGLE

    IDENTIFIER      shift and go to state 158


state 93

    (16) ternary_expression -> comparison_expression QUESTION . expression COLON expression
    (7) expression -> . expression POINTER expression
    (8) expression -> . expression PPOINTER expression
    (9) expression -> . expression PARALLEL expression
    (10) expression -> . descriptor POINTER expression
    (11) expression -> . descriptor PPOINTER expression
    (12) expression -> . factor RETRY task
    (13) expression -> . task RETRY factor
    (14) expression -> . expression_groupings RETRY factor
    (15) expression -> . factor RETRY expression_groupings
    (24) expression -> . term
    (65) descriptor -> . INT
    (66) factor -> . INT
    (67) factor -> . FLOAT
    (68) factor -> . variable_reference
    (29) task -> . meta_event
    (30) task -> . meta_event LBRACKET assigment_expression_group RBRACKET
    (69) task -> . task_name
    (70) task -> . IDENTIFIER DOUBLE_COLON task_name
    (75) task -> . task LPAREN conditional_group RPAREN
    (80) expression_groupings -> . LCURLY_BRACKET expression RCURLY_BRACKET
    (81) expression_groupings -> . LCURLY_BRACKET expression RCURLY_BRACKET LBRACKET assigment_expression_group RBRACKET
    (25) term -> . task
    (26) term -> . expression_groupings
    (27) term -> . value
    (28) term -> . variable_reference
    (63) variable_reference -> . VAR_ACCESS
    (64) variable_reference -> . VAR_ACCESS DOT IDENTIFIER
    (31) meta_event -> . meta_mode LANGLE IDENTIFIER RANGLE
    (32) meta_event -> . meta_mode LANGLE IDENTIFIER DOUBLE_COLON IDENTIFIER RANGLE
    (71) task_name -> . IDENTIFIER
    (72) task_name -> . IDENTIFIER LBRACKET assigment_expression_group RBRACKET
    (41) value -> . list
    (42) value -> . map
    (43) value -> . arithmetic_expr
    (44) value -> . null_value
    (45) value -> . comparison_expression
    (46) value -> . ternary_expression
    (47) value -> . null_coalesce_expression
    (33) meta_mode -> . MAP
    (34) meta_mode -> . FILTER
    (35) meta_mode -> . REDUCE
    (36) meta_mode -> . FOREACH
    (37) meta_mode -> . FLATMAP
    (38) meta_mode -> . FANOUT
    (53) list -> . LBRACKET list_elements RBRACKET
    (48) map -> . LCURLY_BRACKET map_entries RCURLY_BRACKET
    (82) arithmetic_expr -> . logical_or_expression
    (62) null_value -> . NULL
    (17) comparison_expression -> . expression EQ expression
    (18) comparison_expression -> . expression NE expression
    (19) comparison_expression -> . expression LANGLE expression
    (20) comparison_expression -> . expression RANGLE expression
    (21) comparison_expression -> . expression LE expression
    (22) comparison_expression -> . expression GE expression
    (16) ternary_expression -> . comparison_expression QUESTION expression COLON expression
    (23) null_coalesce_expression -> . expression NULLCOALESCE expression
    (83) logical_or_expression -> . logical_or_expression PARALLEL logical_and_expression
    (84) logical_or_expression -> . logical_and_expression
    (85) logical_and_expression -> . logical_and_expression LOGICAL_AND bitwise_or_expression
    (86) logical_and_expression -> . bitwise_or_expression
    (87) bitwise_or_expression -> . bitwise_or_expression BITWISE_OR bitwise_xor_expression
    (88) bitwise_or_expression -> . bitwise_xor_expression
    (89) bitwise_xor_expression -> . bitwise_xor_expression BITWISE_XOR bitwise_and_expression
    (90) bitwise_xor_expression -> . bitwise_and_expression
    (91) bitwise_and_expression -> . bitwise_and_expression BITWISE_AND arith_comparison_expression
    (92) bitwise_and_expression -> . arith_comparison_expression
    (93) arith_comparison_expression -> . arith_comparison_expression EQ shift_expression
    (94) arith_comparison_expression -> . arith_comparison_expression NE shift_expression
    (95) arith_comparison_expression -> . arith_comparison_expression LANGLE shift_expression
    (96) arith_comparison_expression -> . arith_comparison_expression RANGLE shift_expression
    (97) arith_comparison_expression -> . arith_comparison_expression LE shift_expression
    (98) arith_comparison_expression -> . arith_comparison_expression GE shift_expression
    (99) arith_comparison_expression -> . shift_expression
    (100) shift_expression -> . shift_expression LSHL additive_expression
    (101) shift_expression -> . shift_expression LSHR additive_expression
    (102) shift_expression -> . shift_expression ASHR additive_expression
    (103) shift_expression -> . additive_expression
    (104) additive_expression -> . additive_expression PLUS multiplicative_expression
    (105) additive_expression -> . additive_expression MINUS multiplicative_expression
    (106) additive_expression -> . multiplicative_expression
    (107) multiplicative_expression -> . multiplicative_expression DIV unary_expression
    (108) multiplicative_expression -> . multiplicative_expression MOD unary_expression
    (109) multiplicative_expression -> . multiplicative_expression RETRY unary_expression
    (110) multiplicative_expression -> . unary_expression
    (111) unary_expression -> . LOGICAL_NOT unary_expression
    (112) unary_expression -> . BITWISE_NOT unary_expression
    (113) unary_expression -> . MINUS unary_expression
    (114) unary_expression -> . primary_expression
    (115) primary_expression -> . LPAREN arithmetic_expr RPAREN
    (116) primary_expression -> . arithmetic_factor
    (117) arithmetic_factor -> . INT
    (118) arithmetic_factor -> . FLOAT
    (119) arithmetic_factor -> . STRING_LITERAL
    (120) arithmetic_factor -> . variable_reference

    INT             shift and go to state 14
    FLOAT           shift and go to state 15
    IDENTIFIER      shift and go to state 20
    LCURLY_BRACKET  shift and go to state 22
    VAR_ACCESS      shift and go to state 23
    MAP             shift and go to state 32
    FILTER          shift and go to state 33
    REDUCE          shift and go to state 34
    FOREACH         shift and go to state 35
    FLATMAP         shift and go to state 36
    FANOUT          shift and go to state 37
    LBRACKET        shift and go to state 18
    NULL            shift and go to state 39
    LOGICAL_NOT     shift and go to state 50
    BITWISE_NOT     shift and go to state 51
    MINUS           shift and go to state 48
    LPAREN          shift and go to state 21
    STRING_LITERAL  shift and go to state 54

    comparison_expression          shift and go to state 29
    expression                     shift and go to state 159
    descriptor                     shift and go to state 9
    factor                         shift and go to state 10
    task                           shift and go to state 11
    expression_groupings           shift and go to state 12
    term                           shift and go to state 13
    variable_reference             shift and go to state 16
    meta_event                     shift and go to state 17
    task_name                      shift and go to state 19
    value                          shift and go to state 8
    meta_mode                      shift and go to state 24
    list                           shift and go to state 25
    map                            shift and go to state 26
    arithmetic_expr                shift and go to state 27
    null_value                     shift and go to state 28
    ternary_expression             shift and go to state 30
    null_coalesce_expression       shift and go to state 31
    logical_or_expression          shift and go to state 38
    logical_and_expression         shift and go to state 40
    bitwise_or_expression          shift and go to state 41
    bitwise_xor_expression         shift and go to state 42
    bitwise_and_expression         shift and go to state 43
    arith_comparison_expression    shift and go to state 44
    shift_expression               shift and go to state 45
    additive_expression            shift and go to state 46
    multiplicative_expression      shift and go to state 47
    unary_expression               shift and go to state 49
    primary_expression             shift and go to state 52
    arithmetic_factor              shift and go to state 53

state 94

    (83) logical_or_expression -> logical_or_expression PARALLEL . logical_and_expression
    (85) logical_and_expression -> . logical_and_expression LOGICAL_AND bitwise_or_expression
    (86) logical_and_expression -> . bitwise_or_expression
    (87) bitwise_or_expression -> . bitwise_or_expression BITWISE_OR bitwise_xor_expression
    (88) bitwise_or_expression -> . bitwise_xor_expression
    (89) bitwise_xor_expression -> . bitwise_xor_expression BITWISE_XOR bitwise_and_expression
    (90) bitwise_xor_expression -> . bitwise_and_expression
    (91) bitwise_and_expression -> . bitwise_and_expression BITWISE_AND arith_comparison_expression
    (92) bitwise_and_expression -> . arith_comparison_expression
    (93) arith_comparison_expression -> . arith_comparison_expression EQ shift_expression
    (94) arith_comparison_expression -> . arith_comparison_expression NE shift_expression
    (95) arith_comparison_expression -> . arith_comparison_expression LANGLE shift_expression
    (96) arith_comparison_expression -> . arith_comparison_expression RANGLE shift_expression
    (97) arith_comparison_expression -> . arith_comparison_expression LE shift_expression
    (98) arith_comparison_expression -> . arith_comparison_expression GE shift_expression
    (99) arith_comparison_expression -> . shift_expression
    (100) shift_expression -> . shift_expression LSHL additive_expression
    (101) shift_expression -> . shift_expression LSHR additive_expression
    (102) shift_expression -> . shift_expression ASHR additive_expression
    (103) shift_expression -> . additive_expression
    (104) additive_expression -> . additive_expression PLUS multiplicative_expression
    (105) additive_expression -> . additive_expression MINUS multiplicative_expression
    (106) additive_expression -> . multiplicative_expression
    (107) multiplicative_expression -> . multiplicative_expression DIV unary_expression
    (108) multiplicative_expression -> . multiplicative_expression MOD unary_expression
    (109) multiplicative_expression -> . multiplicative_expression RETRY unary_expression
    (110) multiplicative_expression -> . unary_expression
    (111) unary_expression -> . LOGICAL_NOT unary_expression
    (112) unary_expression -> . BITWISE_NOT unary_expression
    (113) unary_expression -> . MINUS unary_expression
    (114) unary_expression -> . primary_expression
    (115) primary_expression -> . LPAREN arithmetic_expr RPAREN
    (116) primary_expression -> . arithmetic_factor
    (117) arithmetic_factor -> . INT
    (118) arithmetic_factor -> . FLOAT
    (119) arithmetic_factor -> . STRING_LITERAL
    (120) arithmetic_factor -> . variable_reference
    (63) variable_reference -> . VAR_ACCESS
    (64) variable_reference -> . VAR_ACCESS DOT IDENTIFIER

    LOGICAL_NOT     shift and go to state 50
    BITWISE_NOT     shift and go to state 51
    MINUS           shift and go to state 48
    LPAREN          shift and go to state 21
    INT             shift and go to state 83
    FLOAT           shift and go to state 84
    STRING_LITERAL  shift and go to state 54
    VAR_ACCESS      shift and go to state 23

    logical_and_expression         shift and go to state 160
    bitwise_or_expression          shift and go to state 41
    bitwise_xor_expression         shift and go to state 42
    bitwise_and_expression         shift and go to state 43
    arith_comparison_expression    shift and go to state 44
    shift_expression               shift and go to state 45
    additive_expression            shift and go to state 46
    multiplicative_expression      shift and go to state 47
    unary_expression               shift and go to state 49
    primary_expression             shift and go to state 52
    arithmetic_factor              shift and go to state 53
    variable_reference             shift and go to state 85

state 95

    (85) logical_and_expression -> logical_and_expression LOGICAL_AND . bitwise_or_expression
    (87) bitwise_or_expression -> . bitwise_or_expression BITWISE_OR bitwise_xor_expression
    (88) bitwise_or_expression -> . bitwise_xor_expression
    (89) bitwise_xor_expression -> . bitwise_xor_expression BITWISE_XOR bitwise_and_expression
    (90) bitwise_xor_expression -> . bitwise_and_expression
    (91) bitwise_and_expression -> . bitwise_and_expression BITWISE_AND arith_comparison_expression
    (92) bitwise_and_expression -> . arith_comparison_expression
    (93) arith_comparison_expression -> . arith_comparison_expression EQ shift_expression
    (94) arith_comparison_expression -> . arith_comparison_expression NE shift_expression
    (95) arith_comparison_expression -> . arith_comparison_expression LANGLE shift_expression
    (96) arith_comparison_expression -> . arith_comparison_expression RANGLE shift_expression
    (97) arith_comparison_expression -> . arith_comparison_expression LE shift_expression
    (98) arith_comparison_expression -> . arith_comparison_expression GE shift_expression
    (99) arith_comparison_expression -> . shift_expression
    (100) shift_expression -> . shift_expression LSHL additive_expression
    (101) shift_expression -> . shift_expression LSHR additive_expression
    (102) shift_expression -> . shift_expression ASHR additive_expression
    (103) shift_expression -> . additive_expression
    (104) additive_expression -> . additive_expression PLUS multiplicative_expression
    (105) additive_expression -> . additive_expression MINUS multiplicative_expression
    (106) additive_expression -> . multiplicative_expression
    (107) multiplicative_expression -> . multiplicative_expression DIV unary_expression
    (108) multiplicative_expression -> . multiplicative_expression MOD unary_expression
    (109) multiplicative_expression -> . multiplicative_expression RETRY unary_expression
    (110) multiplicative_expression -> . unary_expression
    (111) unary_expression -> . LOGICAL_NOT unary_expression
    (112) unary_expression -> . BITWISE_NOT unary_expression
    (113) unary_expression -> . MINUS unary_expression
    (114) unary_expression -> . primary_expression
    (115) primary_expression -> . LPAREN arithmetic_expr RPAREN
    (116) primary_expression -> . arithmetic_factor
    (117) arithmetic_factor -> . INT
    (118) arithmetic_factor -> . FLOAT
    (119) arithmetic_factor -> . STRING_LITERAL
    (120) arithmetic_factor -> . variable_reference
    (63) variable_reference -> . VAR_ACCESS
    (64) variable_reference -> . VAR_ACCESS DOT IDENTIFIER

    LOGICAL_NOT     shift and go to state 50
    BITWISE_NOT     shift and go to state 51
    MINUS           shift and go to state 48
    LPAREN          shift and go to state 21
    INT             shift and go to state 83
    FLOAT           shift and go to state 84
    STRING_LITERAL  shift and go to state 54
    VAR_ACCESS      shift and go to state 23

    bitwise_or_expression          shift and go to state 161
    bitwise_xor_expression         shift and go to state 42
    bitwise_and_expression         shift and go to state 43
    arith_comparison_expression    shift and go to state 44
    shift_expression               shift and go to state 45
    additive_expression            shift and go to state 46
    multiplicative_expression      shift and go to state 47
    unary_expression               shift and go to state 49
    primary_expression             shift and go to state 52
    arithmetic_factor              shift and go to state 53
    variable_reference             shift and go to state 85

state 96

    (87) bitwise_or_expression -> bitwise_or_expression BITWISE_OR . bitwise_xor_expression
    (89) bitwise_xor_expression -> . bitwise_xor_expression BITWISE_XOR bitwise_and_expression
    (90) bitwise_xor_expression -> . bitwise_and_expression
    (91) bitwise_and_expression -> . bitwise_and_expression BITWISE_AND arith_comparison_expression
    (92) bitwise_and_expression -> . arith_comparison_expression
    (93) arith_comparison_expression -> . arith_comparison_expression EQ shift_expression
    (94) arith_comparison_expression -> . arith_comparison_expression NE shift_expression
    (95) arith_comparison_expression -> . arith_comparison_expression LANGLE shift_expression
    (96) arith_comparison_expression -> . arith_comparison_expression RANGLE shift_expression
    (97) arith_comparison_expression -> . arith_comparison_expression LE shift_expression
    (98) arith_comparison_expression -> . arith_comparison_expression GE shift_expression
    (99) arith_comparison_expression -> . shift_expression
    (100) shift_expression -> . shift_expression LSHL additive_expression
    (101) shift_expression -> . shift_expression LSHR additive_expression
    (102) shift_expression -> . shift_expression ASHR additive_expression
    (103) shift_expression -> . additive_expression
    (104) additive_expression -> . additive_expression PLUS multiplicative_expression
    (105) additive_expression -> . additive_expression MINUS multiplicative_expression
    (106) additive_expression -> . multiplicative_expression
    (107) multiplicative_expression -> . multiplicative_expression DIV unary_expression
    (108) multiplicative_expression -> . multiplicative_expression MOD unary_expression
    (109) multiplicative_expression -> . multiplicative_expression RETRY unary_expression
    (110) multiplicative_expression -> . unary_expression
    (111) unary_expression -> . LOGICAL_NOT unary_expression
    (112) unary_expression -> . BITWISE_NOT unary_expression
    (113) unary_expression -> . MINUS unary_expression
    (114) unary_expression -> . primary_expression
    (115) primary_expression -> . LPAREN arithmetic_expr RPAREN
    (116) primary_expression -> . arithmetic_factor
    (117) arithmetic_factor -> . INT
    (118) arithmetic_factor -> . FLOAT
    (119) arithmetic_factor -> . STRING_LITERAL
    (120) arithmetic_factor -> . variable_reference
    (63) variable_reference -> . VAR_ACCESS
    (64) variable_reference -> . VAR_ACCESS DOT IDENTIFIER

    LOGICAL_NOT     shift and go to state 50
    BITWISE_NOT     shift and go to state 51
    MINUS           shift and go to state 48
    LPAREN          shift and go to state 21
    INT             shift and go to state 83
    FLOAT           shift and go to state 84
    STRING_LITERAL  shift and go to state 54
    VAR_ACCESS      shift and go to state 23

    bitwise_xor_expression         shift and go to state 162
    bitwise_and_expression         shift and go to state 43
    arith_comparison_expression    shift and go to state 44
    shift_expression               shift and go to state 45
    additive_expression            shift and go to state 46
    multiplicative_expression      shift and go to state 47
    unary_expression               shift and go to state 49
    primary_expression             shift and go to state 52
    arithmetic_factor              shift and go to state 53
    variable_reference             shift and go to state 85

state 97

    (89) bitwise_xor_expression -> bitwise_xor_expression BITWISE_XOR . bitwise_and_expression
    (91) bitwise_and_expression -> . bitwise_and_expression BITWISE_AND arith_comparison_expression
    (92) bitwise_and_expression -> . arith_comparison_expression
    (93) arith_comparison_expression -> . arith_comparison_expression EQ shift_expression
    (94) arith_comparison_expression -> . arith_comparison_expression NE shift_expression
    (95) arith_comparison_expression -> . arith_comparison_expression LANGLE shift_expression
    (96) arith_comparison_expression -> . arith_comparison_expression RANGLE shift_expression
    (97) arith_comparison_expression -> . arith_comparison_expression LE shift_expression
    (98) arith_comparison_expression -> . arith_comparison_expression GE shift_expression
    (99) arith_comparison_expression -> . shift_expression
    (100) shift_expression -> . shift_expression LSHL additive_expression
    (101) shift_expression -> . shift_expression LSHR additive_expression
    (102) shift_expression -> . shift_expression ASHR additive_expression
    (103) shift_expression -> . additive_expression
    (104) additive_expression -> . additive_expression PLUS multiplicative_expression
    (105) additive_expression -> . additive_expression MINUS multiplicative_expression
    (106) additive_expression -> . multiplicative_expression
    (107) multiplicative_expression -> . multiplicative_expression DIV unary_expression
    (108) multiplicative_expression -> . multiplicative_expression MOD unary_expression
    (109) multiplicative_expression -> . multiplicative_expression RETRY unary_expression
    (110) multiplicative_expression -> . unary_expression
    (111) unary_expression -> . LOGICAL_NOT unary_expression
    (112) unary_expression -> . BITWISE_NOT unary_expression
    (113) unary_expression -> . MINUS unary_expression
    (114) unary_expression -> . primary_expression
    (115) primary_expression -> . LPAREN arithmetic_expr RPAREN
    (116) primary_expression -> . arithmetic_factor
    (117) arithmetic_factor -> . INT
    (118) arithmetic_factor -> . FLOAT
    (119) arithmetic_factor -> . STRING_LITERAL
    (120) arithmetic_factor -> . variable_reference
    (63) variable_reference -> . VAR_ACCESS
    (64) variable_reference -> . VAR_ACCESS DOT IDENTIFIER

    LOGICAL_NOT     shift and go to state 50
    BITWISE_NOT     shift and go to state 51
    MINUS           shift and go to state 48
    LPAREN          shift and go to state 21
    INT             shift and go to state 83
    FLOAT           shift and go to state 84
    STRING_LITERAL  shift and go to state 54
    VAR_ACCESS      shift and go to state 23

    bitwise_and_expression         shift and go to state 163
    arith_comparison_expression    shift and go to state 44
    shift_expression               shift and go to state 45
    additive_expression            shift and go to state 46
    multiplicative_expression      shift and go to state 47
    unary_expression               shift and go to state 49
    primary_expression             shift and go to state 52
    arithmetic_factor              shift and go to state 53
    variable_reference             shift and go to state 85

state 98

    (91) bitwise_and_expression -> bitwise_and_expression BITWISE_AND . arith_comparison_expression
    (93) arith_comparison_expression -> . arith_comparison_expression EQ shift_expression
    (94) arith_comparison_expression -> . arith_comparison_expression NE shift_expression
    (95) arith_comparison_expression -> . arith_comparison_expression LANGLE shift_expression
    (96) arith_comparison_expression -> . arith_comparison_expression RANGLE shift_expression
    (97) arith_comparison_expression -> . arith_comparison_expression LE shift_expression
    (98) arith_comparison_expression -> . arith_comparison_expression GE shift_expression
    (99) arith_comparison_expression -> . shift_expression
    (100) shift_expression -> . shift_expression LSHL additive_expression
    (101) shift_expression -> . shift_expression LSHR additive_expression
    (102) shift_expression -> . shift_expression ASHR additive_expression
    (103) shift_expression -> . additive_expression
    (104) additive_expression -> . additive_expression PLUS multiplicative_expression
    (105) additive_expression -> . additive_expression MINUS multiplicative_expression
    (106) additive_expression -> . multiplicative_expression
    (107) multiplicative_expression -> . multiplicative_expression DIV unary_expression
    (108) multiplicative_expression -> . multiplicative_expression MOD unary_expression
    (109) multiplicative_expression -> . multiplicative_expression RETRY unary_expression
    (110) multiplicative_expression -> . unary_expression
    (111) unary_expression -> . LOGICAL_NOT unary_expression
    (112) unary_expression -> . BITWISE_NOT unary_expression
    (113) unary_expression -> . MINUS unary_expression
    (114) unary_expression -> . primary_expression
    (115) primary_expression -> . LPAREN arithmetic_expr RPAREN
    (116) primary_expression -> . arithmetic_factor
    (117) arithmetic_factor -> . INT
    (118) arithmetic_factor -> . FLOAT
    (119) arithmetic_factor -> . STRING_LITERAL
    (120) arithmetic_factor -> . variable_reference
    (63) variable_reference -> . VAR_ACCESS
    (64) variable_reference -> . VAR_ACCESS DOT IDENTIFIER

    LOGICAL_NOT     shift and go to state 50
    BITWISE_NOT     shift and go to state 51
    MINUS           shift and go to state 48
    LPAREN          shift and go to state 21
    INT             shift and go to state 83
    FLOAT           shift and go to state 84
    STRING_LITERAL  shift and go to state 54
    VAR_ACCESS      shift and go to state 23

    arith_comparison_expression    shift and go to state 164
    shift_expression               shift and go to state 45
    additive_expression            shift and go to state 46
    multiplicative_expression      shift and go to state 47
    unary_expression               shift and go to state 49
    primary_expression             shift and go to state 52
    arithmetic_factor              shift and go to state 53
    variable_reference             shift and go to state 85

state 99

    (93) arith_comparison_expression -> arith_comparison_expression EQ . shift_expression
    (100) shift_expression -> . shift_expression LSHL additive_expression
    (101) shift_expression -> . shift_expression LSHR additive_expression
    (102) shift_expression -> . shift_expression ASHR additive_expression
    (103) shift_expression -> . additive_expression
    (104) additive_expression -> . additive_expression PLUS multiplicative_expression
    (105) additive_expression -> . additive_expression MINUS multiplicative_expression
    (106) additive_expression -> . multiplicative_expression
    (107) multiplicative_expression -> . multiplicative_expression DIV unary_expression
    (108) multiplicative_expression -> . multiplicative_expression MOD unary_expression
    (109) multiplicative_expression -> . multiplicative_expression RETRY unary_expression
    (110) multiplicative_expression -> . unary_expression
    (111) unary_expression -> . LOGICAL_NOT unary_expression
    (112) unary_expression -> . BITWISE_NOT unary_expression
    (113) unary_expression -> . MINUS unary_expression
    (114) unary_expression -> . primary_expression
    (115) primary_expression -> . LPAREN arithmetic_expr RPAREN
    (116) primary_expression -> . arithmetic_factor
    (117) arithmetic_factor -> . INT
    (118) arithmetic_factor -> . FLOAT
    (119) arithmetic_factor -> . STRING_LITERAL
    (120) arithmetic_factor -> . variable_reference
    (63) variable_reference -> . VAR_ACCESS
    (64) variable_reference -> . VAR_ACCESS DOT IDENTIFIER

    LOGICAL_NOT     shift and go to state 50
    BITWISE_NOT     shift and go to state 51
    MINUS           shift and go to state 48
    LPAREN          shift and go to state 21
    INT             shift and go to state 83
    FLOAT           shift and go to state 84
    STRING_LITERAL  shift and go to state 54
    VAR_ACCESS      shift and go to state 23

    shift_expression               shift and go to state 165
    additive_expression            shift and go to state 46
    multiplicative_expression      shift and go to state 47
    unary_expression               shift and go to state 49
    primary_expression             shift and go to state 52
    arithmetic_factor              shift and go to state 53
    variable_reference             shift and go to state 85

state 100

    (94) arith_comparison_expression -> arith_comparison_expression NE . shift_expression
    (100) shift_expression -> . shift_expression LSHL additive_expression
    (101) shift_expression -> . shift_expression LSHR additive_expression
    (102) shift_expression -> . shift_expression ASHR additive_expression
    (103) shift_expression -> . additive_expression
    (104) additive_expression -> . additive_expression PLUS multiplicative_expression
    (105) additive_expression -> . additive_expression MINUS multiplicative_expression
    (106) additive_expression -> . multiplicative_expression
    (107) multiplicative_expression -> . multiplicative_expression DIV unary_expression
    (108) multiplicative_expression -> . multiplicative_expression MOD unary_expression
    (109) multiplicative_expression -> . multiplicative_expression RETRY unary_expression
    (110) multiplicative_expression -> . unary_expression
    (111) unary_expression -> . LOGICAL_NOT unary_expression
    (112) unary_expression -> . BITWISE_NOT unary_expression
    (113) unary_expression -> . MINUS unary_expression
    (114) unary_expression -> . primary_expression
    (115) primary_expression -> . LPAREN arithmetic_expr RPAREN
    (116) primary_expression -> . arithmetic_factor
    (117) arithmetic_factor -> . INT
    (118) arithmetic_factor -> . FLOAT
    (119) arithmetic_factor -> . STRING_LITERAL
    (120) arithmetic_factor -> . variable_reference
    (63) variable_reference -> . VAR_ACCESS
    (64) variable_reference -> . VAR_ACCESS DOT IDENTIFIER

    LOGICAL_NOT     shift and go to state 50
    BITWISE_NOT     shift and go to state 51
    MINUS           shift and go to state 48
    LPAREN          shift and go to state 21
    INT             shift and go to state 83
    FLOAT           shift and go to state 84
    STRING_LITERAL  shift and go to state 54
    VAR_ACCESS      shift and go to state 23

    shift_expression               shift and go to state 166
    additive_expression            shift and go to state 46
    multiplicative_expression      shift and go to state 47
    unary_expression               shift and go to state 49
    primary_expression             shift and go to state 52
    arithmetic_factor              shift and go to state 53
    variable_reference             shift and go to state 85

state 101

    (95) arith_comparison_expression -> arith_comparison_expression LANGLE . shift_expression
    (100) shift_expression -> . shift_expression LSHL additive_expression
    (101) shift_expression -> . shift_expression LSHR additive_expression
    (102) shift_expression -> . shift_expression ASHR additive_expression
    (103) shift_expression -> . additive_expression
    (104) additive_expression -> . additive_expression PLUS multiplicative_expression
    (105) additive_expression -> . additive_expression MINUS multiplicative_expression
    (106) additive_expression -> . multiplicative_expression
    (107) multiplicative_expression -> . multiplicative_expression DIV unary_expression
    (108) multiplicative_expression -> . multiplicative_expression MOD unary_expression
    (109) multiplicative_expression -> . multiplicative_expression RETRY unary_expression
    (110) multiplicative_expression -> . unary_expression
    (111) unary_expression -> . LOGICAL_NOT unary_expression
    (112) unary_expression -> . BITWISE_NOT unary_expression
    (113) unary_expression -> . MINUS unary_expression
    (114) unary_expression -> . primary_expression
    (115) primary_expression -> . LPAREN arithmetic_expr RPAREN
    (116) primary_expression -> . arithmetic_factor
    (117) arithmetic_factor -> . INT
    (118) arithmetic_factor -> . FLOAT
    (119) arithmetic_factor -> . STRING_LITERAL
    (120) arithmetic_factor -> . variable_reference
    (63) variable_reference -> . VAR_ACCESS
    (64) variable_reference -> . VAR_ACCESS DOT IDENTIFIER

    LOGICAL_NOT     shift and go to state 50
    BITWISE_NOT     shift and go to state 51
    MINUS           shift and go to state 48
    LPAREN          shift and go to state 21
    INT             shift and go to state 83
    FLOAT           shift and go to state 84
    STRING_LITERAL  shift and go to state 54
    VAR_ACCESS      shift and go to state 23

    shift_expression               shift and go to state 167
    additive_expression            shift and go to state 46
    multiplicative_expression      shift and go to state 47
    unary_expression               shift and go to state 49
    primary_expression             shift and go to state 52
    arithmetic_factor              shift and go to state 53
    variable_reference             shift and go to state 85

state 102

    (96) arith_comparison_expression -> arith_comparison_expression RANGLE . shift_expression
    (100) shift_expression -> . shift_expression LSHL additive_expression
    (101) shift_expression -> . shift_expression LSHR additive_expression
    (102) shift_expression -> . shift_expression ASHR additive_expression
    (103) shift_expression -> . additive_expression
    (104) additive_expression -> . additive_expression PLUS multiplicative_expression
    (105) additive_expression -> . additive_expression MINUS multiplicative_expression
    (106) additive_expression -> . multiplicative_expression
    (107) multiplicative_expression -> . multiplicative_expression DIV unary_expression
    (108) multiplicative_expression -> . multiplicative_expression MOD unary_expression
    (109) multiplicative_expression -> . multiplicative_expression RETRY unary_expression
    (110) multiplicative_expression -> . unary_expression
    (111) unary_expression -> . LOGICAL_NOT unary_expression
    (112) unary_expression -> . BITWISE_NOT unary_expression
    (113) unary_expression -> . MINUS unary_expression
    (114) unary_expression -> . primary_expression
    (115) primary_expression -> . LPAREN arithmetic_expr RPAREN
    (116) primary_expression -> . arithmetic_factor
    (117) arithmetic_factor -> . INT
    (118) arithmetic_factor -> . FLOAT
    (119) arithmetic_factor -> . STRING_LITERAL
    (120) arithmetic_factor -> . variable_reference
    (63) variable_reference -> . VAR_ACCESS
    (64) variable_reference -> . VAR_ACCESS DOT IDENTIFIER

    LOGICAL_NOT     shift and go to state 50
    BITWISE_NOT     shift and go to state 51
    MINUS           shift and go to state 48
    LPAREN          shift and go to state 21
    INT             shift and go to state 83
    FLOAT           shift and go to state 84
    STRING_LITERAL  shift and go to state 54
    VAR_ACCESS      shift and go to state 23

    shift_expression               shift and go to state 168
    additive_expression            shift and go to state 46
    multiplicative_expression      shift and go to state 47
    unary_expression               shift and go to state 49
    primary_expression             shift and go to state 52
    arithmetic_factor              shift and go to state 53
    variable_reference             shift and go to state 85

state 103

    (97) arith_comparison_expression -> arith_comparison_expression LE . shift_expression
    (100) shift_expression -> . shift_expression LSHL additive_expression
    (101) shift_expression -> . shift_expression LSHR additive_expression
    (102) shift_expression -> . shift_expression ASHR additive_expression
    (103) shift_expression -> . additive_expression
    (104) additive_expression -> . additive_expression PLUS multiplicative_expression
    (105) additive_expression -> . additive_expression MINUS multiplicative_expression
    (106) additive_expression -> . multiplicative_expression
    (107) multiplicative_expression -> . multiplicative_expression DIV unary_expression
    (108) multiplicative_expression -> . multiplicative_expression MOD unary_expression
    (109) multiplicative_expression -> . multiplicative_expression RETRY unary_expression
    (110) multiplicative_expression -> . unary_expression
    (111) unary_expression -> . LOGICAL_NOT unary_expression
    (112) unary_expression -> . BITWISE_NOT unary_expression
    (113) unary_expression -> . MINUS unary_expression
    (114) unary_expression -> . primary_expression
    (115) primary_expression -> . LPAREN arithmetic_expr RPAREN
    (116) primary_expression -> . arithmetic_factor
    (117) arithmetic_factor -> . INT
    (118) arithmetic_factor -> . FLOAT
    (119) arithmetic_factor -> . STRING_LITERAL
    (120) arithmetic_factor -> . variable_reference
    (63) variable_reference -> . VAR_ACCESS
    (64) variable_reference -> . VAR_ACCESS DOT IDENTIFIER

    LOGICAL_NOT     shift and go to state 50
    BITWISE_NOT     shift and go to state 51
    MINUS           shift and go to state 48
    LPAREN          shift and go to state 21
    INT             shift and go to state 83
    FLOAT           shift and go to state 84
    STRING_LITERAL  shift and go to state 54
    VAR_ACCESS      shift and go to state 23

    shift_expression               shift and go to state 169
    additive_expression            shift and go to state 46
    multiplicative_expression      shift and go to state 47
    unary_expression               shift and go to state 49
    primary_expression             shift and go to state 52
    arithmetic_factor              shift and go to state 53
    variable_reference             shift and go to state 85

state 104

    (98) arith_comparison_expression -> arith_comparison_expression GE . shift_expression
    (100) shift_expression -> . shift_expression LSHL additive_expression
    (101) shift_expression -> . shift_expression LSHR additive_expression
    (102) shift_expression -> . shift_expression ASHR additive_expression
    (103) shift_expression -> . additive_expression
    (104) additive_expression -> . additive_expression PLUS multiplicative_expression
    (105) additive_expression -> . additive_expression MINUS multiplicative_expression
    (106) additive_expression -> . multiplicative_expression
    (107) multiplicative_expression -> . multiplicative_expression DIV unary_expression
    (108) multiplicative_expression -> . multiplicative_expression MOD unary_expression
    (109) multiplicative_expression -> . multiplicative_expression RETRY unary_expression
    (110) multiplicative_expression -> . unary_expression
    (111) unary_expression -> . LOGICAL_NOT unary_expression
    (112) unary_expression -> . BITWISE_NOT unary_expression
    (113) unary_expression -> . MINUS unary_expression
    (114) unary_expression -> . primary_expression
    (115) primary_expression -> . LPAREN arithmetic_expr RPAREN
    (116) primary_expression -> . arithmetic_factor
    (117) arithmetic_factor -> . INT
    (118) arithmetic_factor -> . FLOAT
    (119) arithmetic_factor -> . STRING_LITERAL
    (120) arithmetic_factor -> . variable_reference
    (63) variable_reference -> . VAR_ACCESS
    (64) variable_reference -> . VAR_ACCESS DOT IDENTIFIER

    LOGICAL_NOT     shift and go to state 50
    BITWISE_NOT     shift and go to state 51
    MINUS           shift and go to state 48
    LPAREN          shift and go to state 21
    INT             shift and go to state 83
    FLOAT           shift and go to state 84
    STRING_LITERAL  shift and go to state 54
    VAR_ACCESS      shift and go to state 23

    shift_expression               shift and go to state 170
    additive_expression            shift and go to state 46
    multiplicative_expression      shift and go to state 47
    unary_expression               shift and go to state 49
    primary_expression             shift and go to state 52
    arithmetic_factor              shift and go to state 53
    variable_reference             shift and go to state 85

state 105

    (100) shift_expression -> shift_expression LSHL . additive_expression
    (104) additive_expression -> . additive_expression PLUS multiplicative_expression
    (105) additive_expression -> . additive_expression MINUS multiplicative_expression
    (106) additive_expression -> . multiplicative_expression
    (107) multiplicative_expression -> . multiplicative_expression DIV unary_expression
    (108) multiplicative_expression -> . multiplicative_expression MOD unary_expression
    (109) multiplicative_expression -> . multiplicative_expression RETRY unary_expression
    (110) multiplicative_expression -> . unary_expression
    (111) unary_expression -> . LOGICAL_NOT unary_expression
    (112) unary_expression -> . BITWISE_NOT unary_expression
    (113) unary_expression -> . MINUS unary_expression
    (114) unary_expression -> . primary_expression
    (115) primary_expression -> . LPAREN arithmetic_expr RPAREN
    (116) primary_expression -> . arithmetic_factor
    (117) arithmetic_factor -> . INT
    (118) arithmetic_factor -> . FLOAT
    (119) arithmetic_factor -> . STRING_LITERAL
    (120) arithmetic_factor -> . variable_reference
    (63) variable_reference -> . VAR_ACCESS
    (64) variable_reference -> . VAR_ACCESS DOT IDENTIFIER

    LOGICAL_NOT     shift and go to state 50
    BITWISE_NOT     shift and go to state 51
    MINUS           shift and go to state 48
    LPAREN          shift and go to state 21
    INT             shift and go to state 83
    FLOAT           shift and go to state 84
    STRING_LITERAL  shift and go to state 54
    VAR_ACCESS      shift and go to state 23

    additive_expression            shift and go to state 171
    multiplicative_expression      shift and go to state 47
    unary_expression               shift and go to state 49
    primary_expression             shift and go to state 52
    arithmetic_factor              shift and go to state 53
    variable_reference             shift and go to state 85

state 106

    (101) shift_expression -> shift_expression LSHR . additive_expression
    (104) additive_expression -> . additive_expression PLUS multiplicative_expression
    (105) additive_expression -> . additive_expression MINUS multiplicative_expression
    (106) additive_expression -> . multiplicative_expression
    (107) multiplicative_expression -> . multiplicative_expression DIV unary_expression
    (108) multiplicative_expression -> . multiplicative_expression MOD unary_expression
    (109) multiplicative_expression -> . multiplicative_expression RETRY unary_expression
    (110) multiplicative_expression -> . unary_expression
    (111) unary_expression -> . LOGICAL_NOT unary_expression
    (112) unary_expression -> . BITWISE_NOT unary_expression
    (113) unary_expression -> . MINUS unary_expression
    (114) unary_expression -> . primary_expression
    (115) primary_expression -> . LPAREN arithmetic_expr RPAREN
    (116) primary_expression -> . arithmetic_factor
    (117) arithmetic_factor -> . INT
    (118) arithmetic_factor -> . FLOAT
    (119) arithmetic_factor -> . STRING_LITERAL
    (120) arithmetic_factor -> . variable_reference
    (63) variable_reference -> . VAR_ACCESS
    (64) variable_reference -> . VAR_ACCESS DOT IDENTIFIER

    LOGICAL_NOT     shift and go to state 50
    BITWISE_NOT     shift and go to state 51
    MINUS           shift and go to state 48
    LPAREN          shift and go to state 21
    INT             shift and go to state 83
    FLOAT           shift and go to state 84
    STRING_LITERAL  shift and go to state 54
    VAR_ACCESS      shift and go to state 23

    additive_expression            shift and go to state 172
    multiplicative_expression      shift and go to state 47
    unary_expression               shift and go to state 49
    primary_expression             shift and go to state 52
    arithmetic_factor              shift and go to state 53
    variable_reference             shift and go to state 85

state 107

    (102) shift_expression -> shift_expression ASHR . additive_expression
    (104) additive_expression -> . additive_expression PLUS multiplicative_expression
    (105) additive_expression -> . additive_expression MINUS multiplicative_expression
    (106) additive_expression -> . multiplicative_expression
    (107) multiplicative_expression -> . multiplicative_expression DIV unary_expression
    (108) multiplicative_expression -> . multiplicative_expression MOD unary_expression
    (109) multiplicative_expression -> . multiplicative_expression RETRY unary_expression
    (110) multiplicative_expression -> . unary_expression
    (111) unary_expression -> . LOGICAL_NOT unary_expression
    (112) unary_expression -> . BITWISE_NOT unary_expression
    (113) unary_expression -> . MINUS unary_expression
    (114) unary_expression -> . primary_expression
    (115) primary_expression -> . LPAREN arithmetic_expr RPAREN
    (116) primary_expression -> . arithmetic_factor
    (117) arithmetic_factor -> . INT
    (118) arithmetic_factor -> . FLOAT
    (119) arithmetic_factor -> . STRING_LITERAL
    (120) arithmetic_factor -> . variable_reference
    (63) variable_reference -> . VAR_ACCESS
    (64) variable_reference -> . VAR_ACCESS DOT IDENTIFIER

    LOGICAL_NOT     shift and go to state 50
    BITWISE_NOT     shift and go to state 51
    MINUS           shift and go to state 48
    LPAREN          shift and go to state 21
    INT             shift and go to state 83
    FLOAT           shift and go to state 84
    STRING_LITERAL  shift and go to state 54
    VAR_ACCESS      shift and go to state 23

    additive_expression            shift and go to state 173
    multiplicative_expression      shift and go to state 47
    unary_expression               shift and go to state 49
    primary_expression             shift and go to state 52
    arithmetic_factor              shift and go to state 53
    variable_reference             shift and go to state 85

state 108

    (104) additive_expression -> additive_expression PLUS . multiplicative_expression
    (107) multiplicative_expression -> . multiplicative_expression DIV unary_expression
    (108) multiplicative_expression -> . multiplicative_expression MOD unary_expression
    (109) multiplicative_expression -> . multiplicative_expression RETRY unary_expression
    (110) multiplicative_expression -> . unary_expression
    (111) unary_expression -> . LOGICAL_NOT unary_expression
    (112) unary_expression -> . BITWISE_NOT unary_expression
    (113) unary_expression -> . MINUS unary_expression
    (114) unary_expression -> . primary_expression
    (115) primary_expression -> . LPAREN arithmetic_expr RPAREN
    (116) primary_expression -> . arithmetic_factor
    (117) arithmetic_factor -> . INT
    (118) arithmetic_factor -> . FLOAT
    (119) arithmetic_factor -> . STRING_LITERAL
    (120) arithmetic_factor -> . variable_reference
    (63) variable_reference -> . VAR_ACCESS
    (64) variable_reference -> . VAR_ACCESS DOT IDENTIFIER

    LOGICAL_NOT     shift and go to state 50
    BITWISE_NOT     shift and go to state 51
    MINUS           shift and go to state 48
    LPAREN          shift and go to state 21
    INT             shift and go to state 83
    FLOAT           shift and go to state 84
    STRING_LITERAL  shift and go to state 54
    VAR_ACCESS      shift and go to state 23

    multiplicative_expression      shift and go to state 174
    unary_expression               shift and go to state 49
    primary_expression             shift and go to state 52
    arithmetic_factor              shift and go to state 53
    variable_reference             shift and go to state 85

state 109

    (105) additive_expression -> additive_expression MINUS . multiplicative_expression
    (107) multiplicative_expression -> . multiplicative_expression DIV unary_expression
    (108) multiplicative_expression -> . multiplicative_expression MOD unary_expression
    (109) multiplicative_expression -> . multiplicative_expression RETRY unary_expression
    (110) multiplicative_expression -> . unary_expression
    (111) unary_expression -> . LOGICAL_NOT unary_expression
    (112) unary_expression -> . BITWISE_NOT unary_expression
    (113) unary_expression -> . MINUS unary_expression
    (114) unary_expression -> . primary_expression
    (115) primary_expression -> . LPAREN arithmetic_expr RPAREN
    (116) primary_expression -> . arithmetic_factor
    (117) arithmetic_factor -> . INT
    (118) arithmetic_factor -> . FLOAT
    (119) arithmetic_factor -> . STRING_LITERAL
    (120) arithmetic_factor -> . variable_reference
    (63) variable_reference -> . VAR_ACCESS
    (64) variable_reference -> . VAR_ACCESS DOT IDENTIFIER

    LOGICAL_NOT     shift and go to state 50
    BITWISE_NOT     shift and go to state 51
    MINUS           shift and go to state 48
    LPAREN          shift and go to state 21
    INT             shift and go to state 83
    FLOAT           shift and go to state 84
    STRING_LITERAL  shift and go to state 54
    VAR_ACCESS      shift and go to state 23

    multiplicative_expression      shift and go to state 175
    unary_expression               shift and go to state 49
    primary_expression             shift and go to state 52
    arithmetic_factor              shift and go to state 53
    variable_reference             shift and go to state 85

state 110

    (107) multiplicative_expression -> multiplicative_expression DIV . unary_expression
    (111) unary_expression -> . LOGICAL_NOT unary_expression
    (112) unary_expression -> . BITWISE_NOT unary_expression
    (113) unary_expression -> . MINUS unary_expression
    (114) unary_expression -> . primary_expression
    (115) primary_expression -> . LPAREN arithmetic_expr RPAREN
    (116) primary_expression -> . arithmetic_factor
    (117) arithmetic_factor -> . INT
    (118) arithmetic_factor -> . FLOAT
    (119) arithmetic_factor -> . STRING_LITERAL
    (120) arithmetic_factor -> . variable_reference
    (63) variable_reference -> . VAR_ACCESS
    (64) variable_reference -> . VAR_ACCESS DOT IDENTIFIER

    LOGICAL_NOT     shift and go to state 50
    BITWISE_NOT     shift and go to state 51
    MINUS           shift and go to state 48
    LPAREN          shift and go to state 21
    INT             shift and go to state 83
    FLOAT           shift and go to state 84
    STRING_LITERAL  shift and go to state 54
    VAR_ACCESS      shift and go to state 23

    unary_expression               shift and go to state 176
    primary_expression             shift and go to state 52
    arithmetic_factor              shift and go to state 53
    variable_reference             shift and go to state 85

state 111

    (108) multiplicative_expression -> multiplicative_expression MOD . unary_expression
    (111) unary_expression -> . LOGICAL_NOT unary_expression
    (112) unary_expression -> . BITWISE_NOT unary_expression
    (113) unary_expression -> . MINUS unary_expression
    (114) unary_expression -> . primary_expression
    (115) primary_expression -> . LPAREN arithmetic_expr RPAREN
    (116) primary_expression -> . arithmetic_factor
    (117) arithmetic_factor -> . INT
    (118) arithmetic_factor -> . FLOAT
    (119) arithmetic_factor -> . STRING_LITERAL
    (120) arithmetic_factor -> . variable_reference
    (63) variable_reference -> . VAR_ACCESS
    (64) variable_reference -> . VAR_ACCESS DOT IDENTIFIER

    LOGICAL_NOT     shift and go to state 50
    BITWISE_NOT     shift and go to state 51
    MINUS           shift and go to state 48
    LPAREN          shift and go to state 21
    INT             shift and go to state 83
    FLOAT           shift and go to state 84
    STRING_LITERAL  shift and go to state 54
    VAR_ACCESS      shift and go to state 23

    unary_expression               shift and go to state 177
    primary_expression             shift and go to state 52
    arithmetic_factor              shift and go to state 53
    variable_reference             shift and go to state 85

state 112

    (109) multiplicative_expression -> multiplicative_expression RETRY . unary_expression
    (111) unary_expression -> . LOGICAL_NOT unary_expression
    (112) unary_expression -> . BITWISE_NOT unary_expression
    (113) unary_expression -> . MINUS unary_expression
    (114) unary_expression -> . primary_expression
    (115) primary_expression -> . LPAREN arithmetic_expr RPAREN
    (116) primary_expression -> . arithmetic_factor
    (117) arithmetic_factor -> . INT
    (118) arithmetic_factor -> . FLOAT
    (119) arithmetic_factor -> . STRING_LITERAL
    (120) arithmetic_factor -> . variable_reference
    (63) variable_reference -> . VAR_ACCESS
    (64) variable_reference -> . VAR_ACCESS DOT IDENTIFIER

    LOGICAL_NOT     shift and go to state 50
    BITWISE_NOT     shift and go to state 51
    MINUS           shift and go to state 48
    LPAREN          shift and go to state 21
    INT             shift and go to state 83
    FLOAT           shift and go to state 84
    STRING_LITERAL  shift and go to state 54
    VAR_ACCESS      shift and go to state 23

    unary_expression               shift and go to state 178
    primary_expression             shift and go to state 52
    arithmetic_factor              shift and go to state 53
    variable_reference             shift and go to state 85

state 113

    (113) unary_expression -> MINUS unary_expression .

    DIV             reduce using rule 113 (unary_expression -> MINUS unary_expression .)
    MOD             reduce using rule 113 (unary_expression -> MINUS unary_expression .)
    RETRY           reduce using rule 113 (unary_expression -> MINUS unary_expression .)
    PLUS            reduce using rule 113 (unary_expression -> MINUS unary_expression .)
    MINUS           reduce using rule 113 (unary_expression -> MINUS unary_expression .)
    LSHL            reduce using rule 113 (unary_expression -> MINUS unary_expression .)
    LSHR            reduce using rule 113 (unary_expression -> MINUS unary_expression .)
    ASHR            reduce using rule 113 (unary_expression -> MINUS unary_expression .)
    EQ              reduce using rule 113 (unary_expression -> MINUS unary_expression .)
    NE              reduce using rule 113 (unary_expression -> MINUS unary_expression .)
    LANGLE          reduce using rule 113 (unary_expression -> MINUS unary_expression .)
    RANGLE          reduce using rule 113 (unary_expression -> MINUS unary_expression .)
    LE              reduce using rule 113 (unary_expression -> MINUS unary_expression .)
    GE              reduce using rule 113 (unary_expression -> MINUS unary_expression .)
    BITWISE_AND     reduce using rule 113 (unary_expression -> MINUS unary_expression .)
    BITWISE_XOR     reduce using rule 113 (unary_expression -> MINUS unary_expression .)
    BITWISE_OR      reduce using rule 113 (unary_expression -> MINUS unary_expression .)
    LOGICAL_AND     reduce using rule 113 (unary_expression -> MINUS unary_expression .)
    PARALLEL        reduce using rule 113 (unary_expression -> MINUS unary_expression .)
    POINTER         reduce using rule 113 (unary_expression -> MINUS unary_expression .)
    PPOINTER        reduce using rule 113 (unary_expression -> MINUS unary_expression .)
    NULLCOALESCE    reduce using rule 113 (unary_expression -> MINUS unary_expression .)
    VAR_DECL        reduce using rule 113 (unary_expression -> MINUS unary_expression .)
    INT             reduce using rule 113 (unary_expression -> MINUS unary_expression .)
    FLOAT           reduce using rule 113 (unary_expression -> MINUS unary_expression .)
    IDENTIFIER      reduce using rule 113 (unary_expression -> MINUS unary_expression .)
    LCURLY_BRACKET  reduce using rule 113 (unary_expression -> MINUS unary_expression .)
    VAR_ACCESS      reduce using rule 113 (unary_expression -> MINUS unary_expression .)
    MAP             reduce using rule 113 (unary_expression -> MINUS unary_expression .)
    FILTER          reduce using rule 113 (unary_expression -> MINUS unary_expression .)
    REDUCE          reduce using rule 113 (unary_expression -> MINUS unary_expression .)
    FOREACH         reduce using rule 113 (unary_expression -> MINUS unary_expression .)
    FLATMAP         reduce using rule 113 (unary_expression -> MINUS unary_expression .)
    FANOUT          reduce using rule 113 (unary_expression -> MINUS unary_expression .)
    LBRACKET        reduce using rule 113 (unary_expression -> MINUS unary_expression .)
    NULL            reduce using rule 113 (unary_expression -> MINUS unary_expression .)
    LOGICAL_NOT     reduce using rule 113 (unary_expression -> MINUS unary_expression .)
    BITWISE_NOT     reduce using rule 113 (unary_expression -> MINUS unary_expression .)
    LPAREN          reduce using rule 113 (unary_expression -> MINUS unary_expression .)
    STRING_LITERAL  reduce using rule 113 (unary_expression -> MINUS unary_expression .)
    $end            reduce using rule 113 (unary_expression -> MINUS unary_expression .)
    RBRACKET        reduce using rule 113 (unary_expression -> MINUS unary_expression .)
    SEPARATOR       reduce using rule 113 (unary_expression -> MINUS unary_expression .)
    RPAREN          reduce using rule 113 (unary_expression -> MINUS unary_expression .)
    RCURLY_BRACKET  reduce using rule 113 (unary_expression -> MINUS unary_expression .)
    QUESTION        reduce using rule 113 (unary_expression -> MINUS unary_expression .)
    COLON           reduce using rule 113 (unary_expression -> MINUS unary_expression .)


state 114

    (111) unary_expression -> LOGICAL_NOT unary_expression .

    DIV             reduce using rule 111 (unary_expression -> LOGICAL_NOT unary_expression .)
    MOD             reduce using rule 111 (unary_expression -> LOGICAL_NOT unary_expression .)
    RETRY           reduce using rule 111 (unary_expression -> LOGICAL_NOT unary_expression .)
    PLUS            reduce using rule 111 (unary_expression -> LOGICAL_NOT unary_expression .)
    MINUS           reduce using rule 111 (unary_expression -> LOGICAL_NOT unary_expression .)
    LSHL            reduce using rule 111 (unary_expression -> LOGICAL_NOT unary_expression .)
    LSHR            reduce using rule 111 (unary_expression -> LOGICAL_NOT unary_expression .)
    ASHR            reduce using rule 111 (unary_expression -> LOGICAL_NOT unary_expression .)
    EQ              reduce using rule 111 (unary_expression -> LOGICAL_NOT unary_expression .)
    NE              reduce using rule 111 (unary_expression -> LOGICAL_NOT unary_expression .)
    LANGLE          reduce using rule 111 (unary_expression -> LOGICAL_NOT unary_expression .)
    RANGLE          reduce using rule 111 (unary_expression -> LOGICAL_NOT unary_expression .)
    LE              reduce using rule 111 (unary_expression -> LOGICAL_NOT unary_expression .)
    GE              reduce using rule 111 (unary_expression -> LOGICAL_NOT unary_expression .)
    BITWISE_AND     reduce using rule 111 (unary_expression -> LOGICAL_NOT unary_expression .)
    BITWISE_XOR     reduce using rule 111 (unary_expression -> LOGICAL_NOT unary_expression .)
    BITWISE_OR      reduce using rule 111 (unary_expression -> LOGICAL_NOT unary_expression .)
    LOGICAL_AND     reduce using rule 111 (unary_expression -> LOGICAL_NOT unary_expression .)
    PARALLEL        reduce using rule 111 (unary_expression -> LOGICAL_NOT unary_expression .)
    POINTER         reduce using rule 111 (unary_expression -> LOGICAL_NOT unary_expression .)
    PPOINTER        reduce using rule 111 (unary_expression -> LOGICAL_NOT unary_expression .)
    NULLCOALESCE    reduce using rule 111 (unary_expression -> LOGICAL_NOT unary_expression .)
    VAR_DECL        reduce using rule 111 (unary_expression -> LOGICAL_NOT unary_expression .)
    INT             reduce using rule 111 (unary_expression -> LOGICAL_NOT unary_expression .)
    FLOAT           reduce using rule 111 (unary_expression -> LOGICAL_NOT unary_expression .)
    IDENTIFIER      reduce using rule 111 (unary_expression -> LOGICAL_NOT unary_expression .)
    LCURLY_BRACKET  reduce using rule 111 (unary_expression -> LOGICAL_NOT unary_expression .)
    VAR_ACCESS      reduce using rule 111 (unary_expression -> LOGICAL_NOT unary_expression .)
    MAP             reduce using rule 111 (unary_expression -> LOGICAL_NOT unary_expression .)
    FILTER          reduce using rule 111 (unary_expression -> LOGICAL_NOT unary_expression .)
    REDUCE          reduce using rule 111 (unary_expression -> LOGICAL_NOT unary_expression .)
    FOREACH         reduce using rule 111 (unary_expression -> LOGICAL_NOT unary_expression .)
    FLATMAP         reduce using rule 111 (unary_expression -> LOGICAL_NOT unary_expression .)
    FANOUT          reduce using rule 111 (unary_expression -> LOGICAL_NOT unary_expression .)
    LBRACKET        reduce using rule 111 (unary_expression -> LOGICAL_NOT unary_expression .)
    NULL            reduce using rule 111 (unary_expression -> LOGICAL_NOT unary_expression .)
    LOGICAL_NOT     reduce using rule 111 (unary_expression -> LOGICAL_NOT unary_expression .)
    BITWISE_NOT     reduce using rule 111 (unary_expression -> LOGICAL_NOT unary_expression .)
    LPAREN          reduce using rule 111 (unary_expression -> LOGICAL_NOT unary_expression .)
    STRING_LITERAL  reduce using rule 111 (unary_expression -> LOGICAL_NOT unary_expression .)
    $end            reduce using rule 111 (unary_expression -> LOGICAL_NOT unary_expression .)
    RBRACKET        reduce using rule 111 (unary_expression -> LOGICAL_NOT unary_expression .)
    SEPARATOR       reduce using rule 111 (unary_expression -> LOGICAL_NOT unary_expression .)
    RPAREN          reduce using rule 111 (unary_expression -> LOGICAL_NOT unary_expression .)
    RCURLY_BRACKET  reduce using rule 111 (unary_expression -> LOGICAL_NOT unary_expression .)
    QUESTION        reduce using rule 111 (unary_expression -> LOGICAL_NOT unary_expression .)
    COLON           reduce using rule 111 (unary_expression -> LOGICAL_NOT unary_expression .)


state 115

    (112) unary_expression -> BITWISE_NOT unary_expression .

    DIV             reduce using rule 112 (unary_expression -> BITWISE_NOT unary_expression .)
    MOD             reduce using rule 112 (unary_expression -> BITWISE_NOT unary_expression .)
    RETRY           reduce using rule 112 (unary_expression -> BITWISE_NOT unary_expression .)
    PLUS            reduce using rule 112 (unary_expression -> BITWISE_NOT unary_expression .)
    MINUS           reduce using rule 112 (unary_expression -> BITWISE_NOT unary_expression .)
    LSHL            reduce using rule 112 (unary_expression -> BITWISE_NOT unary_expression .)
    LSHR            reduce using rule 112 (unary_expression -> BITWISE_NOT unary_expression .)
    ASHR            reduce using rule 112 (unary_expression -> BITWISE_NOT unary_expression .)
    EQ              reduce using rule 112 (unary_expression -> BITWISE_NOT unary_expression .)
    NE              reduce using rule 112 (unary_expression -> BITWISE_NOT unary_expression .)
    LANGLE          reduce using rule 112 (unary_expression -> BITWISE_NOT unary_expression .)
    RANGLE          reduce using rule 112 (unary_expression -> BITWISE_NOT unary_expression .)
    LE              reduce using rule 112 (unary_expression -> BITWISE_NOT unary_expression .)
    GE              reduce using rule 112 (unary_expression -> BITWISE_NOT unary_expression .)
    BITWISE_AND     reduce using rule 112 (unary_expression -> BITWISE_NOT unary_expression .)
    BITWISE_XOR     reduce using rule 112 (unary_expression -> BITWISE_NOT unary_expression .)
    BITWISE_OR      reduce using rule 112 (unary_expression -> BITWISE_NOT unary_expression .)
    LOGICAL_AND     reduce using rule 112 (unary_expression -> BITWISE_NOT unary_expression .)
    PARALLEL        reduce using rule 112 (unary_expression -> BITWISE_NOT unary_expression .)
    POINTER         reduce using rule 112 (unary_expression -> BITWISE_NOT unary_expression .)
    PPOINTER        reduce using rule 112 (unary_expression -> BITWISE_NOT unary_expression .)
    NULLCOALESCE    reduce using rule 112 (unary_expression -> BITWISE_NOT unary_expression .)
    VAR_DECL        reduce using rule 112 (unary_expression -> BITWISE_NOT unary_expression .)
    INT             reduce using rule 112 (unary_expression -> BITWISE_NOT unary_expression .)
    FLOAT           reduce using rule 112 (unary_expression -> BITWISE_NOT unary_expression .)
    IDENTIFIER      reduce using rule 112 (unary_expression -> BITWISE_NOT unary_expression .)
    LCURLY_BRACKET  reduce using rule 112 (unary_expression -> BITWISE_NOT unary_expression .)
    VAR_ACCESS      reduce using rule 112 (unary_expression -> BITWISE_NOT unary_expression .)
    MAP             reduce using rule 112 (unary_expression -> BITWISE_NOT unary_expression .)
    FILTER          reduce using rule 112 (unary_expression -> BITWISE_NOT unary_expression .)
    REDUCE          reduce using rule 112 (unary_expression -> BITWISE_NOT unary_expression .)
    FOREACH         reduce using rule 112 (unary_expression -> BITWISE_NOT unary_expression .)
    FLATMAP         reduce using rule 112 (unary_expression -> BITWISE_NOT unary_expression .)
    FANOUT          reduce using rule 112 (unary_expression -> BITWISE_NOT unary_expression .)
    LBRACKET        reduce using rule 112 (unary_expression -> BITWISE_NOT unary_expression .)
    NULL            reduce using rule 112 (unary_expression -> BITWISE_NOT unary_expression .)
    LOGICAL_NOT     reduce using rule 112 (unary_expression -> BITWISE_NOT unary_expression .)
    BITWISE_NOT     reduce using rule 112 (unary_expression -> BITWISE_NOT unary_expression .)
    LPAREN          reduce using rule 112 (unary_expression -> BITWISE_NOT unary_expression .)
    STRING_LITERAL  reduce using rule 112 (unary_expression -> BITWISE_NOT unary_expression .)
    $end            reduce using rule 112 (unary_expression -> BITWISE_NOT unary_expression .)
    RBRACKET        reduce using rule 112 (unary_expression -> BITWISE_NOT unary_expression .)
    SEPARATOR       reduce using rule 112 (unary_expression -> BITWISE_NOT unary_expression .)
    RPAREN          reduce using rule 112 (unary_expression -> BITWISE_NOT unary_expression .)
    RCURLY_BRACKET  reduce using rule 112 (unary_expression -> BITWISE_NOT unary_expression .)
    QUESTION        reduce using rule 112 (unary_expression -> BITWISE_NOT unary_expression .)
    COLON           reduce using rule 112 (unary_expression -> BITWISE_NOT unary_expression .)


state 116

    (7) expression -> expression POINTER expression .
    (7) expression -> expression . POINTER expression
    (8) expression -> expression . PPOINTER expression
    (9) expression -> expression . PARALLEL expression
    (17) comparison_expression -> expression . EQ expression
    (18) comparison_expression -> expression . NE expression
    (19) comparison_expression -> expression . LANGLE expression
    (20) comparison_expression -> expression . RANGLE expression
    (21) comparison_expression -> expression . LE expression
    (22) comparison_expression -> expression . GE expression
    (23) null_coalesce_expression -> expression . NULLCOALESCE expression

    POINTER         reduce using rule 7 (expression -> expression POINTER expression .)
    PPOINTER        reduce using rule 7 (expression -> expression POINTER expression .)
    PARALLEL        reduce using rule 7 (expression -> expression POINTER expression .)
    EQ              reduce using rule 7 (expression -> expression POINTER expression .)
    NE              reduce using rule 7 (expression -> expression POINTER expression .)
    LANGLE          reduce using rule 7 (expression -> expression POINTER expression .)
    RANGLE          reduce using rule 7 (expression -> expression POINTER expression .)
    LE              reduce using rule 7 (expression -> expression POINTER expression .)
    GE              reduce using rule 7 (expression -> expression POINTER expression .)
    VAR_DECL        reduce using rule 7 (expression -> expression POINTER expression .)
    INT             reduce using rule 7 (expression -> expression POINTER expression .)
    FLOAT           reduce using rule 7 (expression -> expression POINTER expression .)
    IDENTIFIER      reduce using rule 7 (expression -> expression POINTER expression .)
    LCURLY_BRACKET  reduce using rule 7 (expression -> expression POINTER expression .)
    VAR_ACCESS      reduce using rule 7 (expression -> expression POINTER expression .)
    MAP             reduce using rule 7 (expression -> expression POINTER expression .)
    FILTER          reduce using rule 7 (expression -> expression POINTER expression .)
    REDUCE          reduce using rule 7 (expression -> expression POINTER expression .)
    FOREACH         reduce using rule 7 (expression -> expression POINTER expression .)
    FLATMAP         reduce using rule 7 (expression -> expression POINTER expression .)
    FANOUT          reduce using rule 7 (expression -> expression POINTER expression .)
    LBRACKET        reduce using rule 7 (expression -> expression POINTER expression .)
    NULL            reduce using rule 7 (expression -> expression POINTER expression .)
    LOGICAL_NOT     reduce using rule 7 (expression -> expression POINTER expression .)
    BITWISE_NOT     reduce using rule 7 (expression -> expression POINTER expression .)
    MINUS           reduce using rule 7 (expression -> expression POINTER expression .)
    LPAREN          reduce using rule 7 (expression -> expression POINTER expression .)
    STRING_LITERAL  reduce using rule 7 (expression -> expression POINTER expression .)
    $end            reduce using rule 7 (expression -> expression POINTER expression .)
    RCURLY_BRACKET  reduce using rule 7 (expression -> expression POINTER expression .)
    QUESTION        reduce using rule 7 (expression -> expression POINTER expression .)
    RBRACKET        reduce using rule 7 (expression -> expression POINTER expression .)
    SEPARATOR       reduce using rule 7 (expression -> expression POINTER expression .)
    COLON           reduce using rule 7 (expression -> expression POINTER expression .)
    RPAREN          reduce using rule 7 (expression -> expression POINTER expression .)
    NULLCOALESCE    shift and go to state 65

  ! NULLCOALESCE    [ reduce using rule 7 (expression -> expression POINTER expression .) ]
  ! POINTER         [ shift and go to state 56 ]
  ! PPOINTER        [ shift and go to state 57 ]
  ! PARALLEL        [ shift and go to state 58 ]
  ! EQ              [ shift and go to state 59 ]
  ! NE              [ shift and go to state 60 ]
  ! LANGLE          [ shift and go to state 61 ]
  ! RANGLE          [ shift and go to state 62 ]
  ! LE              [ shift and go to state 63 ]
  ! GE              [ shift and go to state 64 ]


state 117

    (8) expression -> expression PPOINTER expression .
    (7) expression -> expression . POINTER expression
    (8) expression -> expression . PPOINTER expression
    (9) expression -> expression . PARALLEL expression
    (17) comparison_expression -> expression . EQ expression
    (18) comparison_expression -> expression . NE expression
    (19) comparison_expression -> expression . LANGLE expression
    (20) comparison_expression -> expression . RANGLE expression
    (21) comparison_expression -> expression . LE expression
    (22) comparison_expression -> expression . GE expression
    (23) null_coalesce_expression -> expression . NULLCOALESCE expression

    POINTER         reduce using rule 8 (expression -> expression PPOINTER expression .)
    PPOINTER        reduce using rule 8 (expression -> expression PPOINTER expression .)
    PARALLEL        reduce using rule 8 (expression -> expression PPOINTER expression .)
    EQ              reduce using rule 8 (expression -> expression PPOINTER expression .)
    NE              reduce using rule 8 (expression -> expression PPOINTER expression .)
    LANGLE          reduce using rule 8 (expression -> expression PPOINTER expression .)
    RANGLE          reduce using rule 8 (expression -> expression PPOINTER expression .)
    LE              reduce using rule 8 (expression -> expression PPOINTER expression .)
    GE              reduce using rule 8 (expression -> expression PPOINTER expression .)
    VAR_DECL        reduce using rule 8 (expression -> expression PPOINTER expression .)
    INT             reduce using rule 8 (expression -> expression PPOINTER expression .)
    FLOAT           reduce using rule 8 (expression -> expression PPOINTER expression .)
    IDENTIFIER      reduce using rule 8 (expression -> expression PPOINTER expression .)
    LCURLY_BRACKET  reduce using rule 8 (expression -> expression PPOINTER expression .)
    VAR_ACCESS      reduce using rule 8 (expression -> expression PPOINTER expression .)
    MAP             reduce using rule 8 (expression -> expression PPOINTER expression .)
    FILTER          reduce using rule 8 (expression -> expression PPOINTER expression .)
    REDUCE          reduce using rule 8 (expression -> expression PPOINTER expression .)
    FOREACH         reduce using rule 8 (expression -> expression PPOINTER expression .)
    FLATMAP         reduce using rule 8 (expression -> expression PPOINTER expression .)
    FANOUT          reduce using rule 8 (expression -> expression PPOINTER expression .)
    LBRACKET        reduce using rule 8 (expression -> expression PPOINTER expression .)
    NULL            reduce using rule 8 (expression -> expression PPOINTER expression .)
    LOGICAL_NOT     reduce using rule 8 (expression -> expression PPOINTER expression .)
    BITWISE_NOT     reduce using rule 8 (expression -> expression PPOINTER expression .)
    MINUS           reduce using rule 8 (expression -> expression PPOINTER expression .)
    LPAREN          reduce using rule 8 (expression -> expression PPOINTER expression .)
    STRING_LITERAL  reduce using rule 8 (expression -> expression PPOINTER expression .)
    $end            reduce using rule 8 (expression -> expression PPOINTER expression .)
    RCURLY_BRACKET  reduce using rule 8 (expression -> expression PPOINTER expression .)
    QUESTION        reduce using rule 8 (expression -> expression PPOINTER expression .)
    RBRACKET        reduce using rule 8 (expression -> expression PPOINTER expression .)
    SEPARATOR       reduce using rule 8 (expression -> expression PPOINTER expression .)
    COLON           reduce using rule 8 (expression -> expression PPOINTER expression .)
    RPAREN          reduce using rule 8 (expression -> expression PPOINTER expression .)
    NULLCOALESCE    shift and go to state 65

  ! NULLCOALESCE    [ reduce using rule 8 (expression -> expression PPOINTER expression .) ]
  ! POINTER         [ shift and go to state 56 ]
  ! PPOINTER        [ shift and go to state 57 ]
  ! PARALLEL        [ shift and go to state 58 ]
  ! EQ              [ shift and go to state 59 ]
  ! NE              [ shift and go to state 60 ]
  ! LANGLE          [ shift and go to state 61 ]
  ! RANGLE          [ shift and go to state 62 ]
  ! LE              [ shift and go to state 63 ]
  ! GE              [ shift and go to state 64 ]


state 118

    (9) expression -> expression PARALLEL expression .
    (7) expression -> expression . POINTER expression
    (8) expression -> expression . PPOINTER expression
    (9) expression -> expression . PARALLEL expression
    (17) comparison_expression -> expression . EQ expression
    (18) comparison_expression -> expression . NE expression
    (19) comparison_expression -> expression . LANGLE expression
    (20) comparison_expression -> expression . RANGLE expression
    (21) comparison_expression -> expression . LE expression
    (22) comparison_expression -> expression . GE expression
    (23) null_coalesce_expression -> expression . NULLCOALESCE expression

    POINTER         reduce using rule 9 (expression -> expression PARALLEL expression .)
    PPOINTER        reduce using rule 9 (expression -> expression PARALLEL expression .)
    PARALLEL        reduce using rule 9 (expression -> expression PARALLEL expression .)
    EQ              reduce using rule 9 (expression -> expression PARALLEL expression .)
    NE              reduce using rule 9 (expression -> expression PARALLEL expression .)
    LANGLE          reduce using rule 9 (expression -> expression PARALLEL expression .)
    RANGLE          reduce using rule 9 (expression -> expression PARALLEL expression .)
    LE              reduce using rule 9 (expression -> expression PARALLEL expression .)
    GE              reduce using rule 9 (expression -> expression PARALLEL expression .)
    VAR_DECL        reduce using rule 9 (expression -> expression PARALLEL expression .)
    INT             reduce using rule 9 (expression -> expression PARALLEL expression .)
    FLOAT           reduce using rule 9 (expression -> expression PARALLEL expression .)
    IDENTIFIER      reduce using rule 9 (expression -> expression PARALLEL expression .)
    LCURLY_BRACKET  reduce using rule 9 (expression -> expression PARALLEL expression .)
    VAR_ACCESS      reduce using rule 9 (expression -> expression PARALLEL expression .)
    MAP             reduce using rule 9 (expression -> expression PARALLEL expression .)
    FILTER          reduce using rule 9 (expression -> expression PARALLEL expression .)
    REDUCE          reduce using rule 9 (expression -> expression PARALLEL expression .)
    FOREACH         reduce using rule 9 (expression -> expression PARALLEL expression .)
    FLATMAP         reduce using rule 9 (expression -> expression PARALLEL expression .)
    FANOUT          reduce using rule 9 (expression -> expression PARALLEL expression .)
    LBRACKET        reduce using rule 9 (expression -> expression PARALLEL expression .)
    NULL            reduce using rule 9 (expression -> expression PARALLEL expression .)
    LOGICAL_NOT     reduce using rule 9 (expression -> expression PARALLEL expression .)
    BITWISE_NOT     reduce using rule 9 (expression -> expression PARALLEL expression .)
    MINUS           reduce using rule 9 (expression -> expression PARALLEL expression .)
    LPAREN          reduce using rule 9 (expression -> expression PARALLEL expression .)
    STRING_LITERAL  reduce using rule 9 (expression -> expression PARALLEL expression .)
    $end            reduce using rule 9 (expression -> expression PARALLEL expression .)
    RCURLY_BRACKET  reduce using rule 9 (expression -> expression PARALLEL expression .)
    QUESTION        reduce using rule 9 (expression -> expression PARALLEL expression .)
    RBRACKET        reduce using rule 9 (expression -> expression PARALLEL expression .)
    SEPARATOR       reduce using rule 9 (expression -> expression PARALLEL expression .)
    COLON           reduce using rule 9 (expression -> expression PARALLEL expression .)
    RPAREN          reduce using rule 9 (expression -> expression PARALLEL expression .)
    NULLCOALESCE    shift and go to state 65

  ! NULLCOALESCE    [ reduce using rule 9 (expression -> expression PARALLEL expression .) ]
  ! POINTER         [ shift and go to state 56 ]
  ! PPOINTER        [ shift and go to state 57 ]
  ! PARALLEL        [ shift and go to state 58 ]
  ! EQ              [ shift and go to state 59 ]
  ! NE              [ shift and go to state 60 ]
  ! LANGLE          [ shift and go to state 61 ]
  ! RANGLE          [ shift and go to state 62 ]
  ! LE              [ shift and go to state 63 ]
  ! GE              [ shift and go to state 64 ]


state 119

    (17) comparison_expression -> expression EQ expression .
    (7) expression -> expression . POINTER expression
    (8) expression -> expression . PPOINTER expression
    (9) expression -> expression . PARALLEL expression
    (17) comparison_expression -> expression . EQ expression
    (18) comparison_expression -> expression . NE expression
    (19) comparison_expression -> expression . LANGLE expression
    (20) comparison_expression -> expression . RANGLE expression
    (21) comparison_expression -> expression . LE expression
    (22) comparison_expression -> expression . GE expression
    (23) null_coalesce_expression -> expression . NULLCOALESCE expression

  ! shift/reduce conflict for POINTER resolved as shift
  ! shift/reduce conflict for PPOINTER resolved as shift
  ! shift/reduce conflict for PARALLEL resolved as shift
  ! shift/reduce conflict for EQ resolved as shift
  ! shift/reduce conflict for NE resolved as shift
  ! shift/reduce conflict for LANGLE resolved as shift
  ! shift/reduce conflict for RANGLE resolved as shift
  ! shift/reduce conflict for LE resolved as shift
  ! shift/reduce conflict for GE resolved as shift
  ! shift/reduce conflict for NULLCOALESCE resolved as shift
    QUESTION        reduce using rule 17 (comparison_expression -> expression EQ expression .)
    VAR_DECL        reduce using rule 17 (comparison_expression -> expression EQ expression .)
    INT             reduce using rule 17 (comparison_expression -> expression EQ expression .)
    FLOAT           reduce using rule 17 (comparison_expression -> expression EQ expression .)
    IDENTIFIER      reduce using rule 17 (comparison_expression -> expression EQ expression .)
    LCURLY_BRACKET  reduce using rule 17 (comparison_expression -> expression EQ expression .)
    VAR_ACCESS      reduce using rule 17 (comparison_expression -> expression EQ expression .)
    MAP             reduce using rule 17 (comparison_expression -> expression EQ expression .)
    FILTER          reduce using rule 17 (comparison_expression -> expression EQ expression .)
    REDUCE          reduce using rule 17 (comparison_expression -> expression EQ expression .)
    FOREACH         reduce using rule 17 (comparison_expression -> expression EQ expression .)
    FLATMAP         reduce using rule 17 (comparison_expression -> expression EQ expression .)
    FANOUT          reduce using rule 17 (comparison_expression -> expression EQ expression .)
    LBRACKET        reduce using rule 17 (comparison_expression -> expression EQ expression .)
    NULL            reduce using rule 17 (comparison_expression -> expression EQ expression .)
    LOGICAL_NOT     reduce using rule 17 (comparison_expression -> expression EQ expression .)
    BITWISE_NOT     reduce using rule 17 (comparison_expression -> expression EQ expression .)
    MINUS           reduce using rule 17 (comparison_expression -> expression EQ expression .)
    LPAREN          reduce using rule 17 (comparison_expression -> expression EQ expression .)
    STRING_LITERAL  reduce using rule 17 (comparison_expression -> expression EQ expression .)
    $end            reduce using rule 17 (comparison_expression -> expression EQ expression .)
    RBRACKET        reduce using rule 17 (comparison_expression -> expression EQ expression .)
    SEPARATOR       reduce using rule 17 (comparison_expression -> expression EQ expression .)
    RCURLY_BRACKET  reduce using rule 17 (comparison_expression -> expression EQ expression .)
    COLON           reduce using rule 17 (comparison_expression -> expression EQ expression .)
    RPAREN          reduce using rule 17 (comparison_expression -> expression EQ expression .)
    POINTER         shift and go to state 56
    PPOINTER        shift and go to state 57
    PARALLEL        shift and go to state 58
    EQ              shift and go to state 59
    NE              shift and go to state 60
    LANGLE          shift and go to state 61
    RANGLE          shift and go to state 62
    LE              shift and go to state 63
    GE              shift and go to state 64
    NULLCOALESCE    shift and go to state 65

  ! POINTER         [ reduce using rule 17 (comparison_expression -> expression EQ expression .) ]
  ! PPOINTER        [ reduce using rule 17 (comparison_expression -> expression EQ expression .) ]
  ! PARALLEL        [ reduce using rule 17 (comparison_expression -> expression EQ expression .) ]
  ! EQ              [ reduce using rule 17 (comparison_expression -> expression EQ expression .) ]
  ! NE              [ reduce using rule 17 (comparison_expression -> expression EQ expression .) ]
  ! LANGLE          [ reduce using rule 17 (comparison_expression -> expression EQ expression .) ]
  ! RANGLE          [ reduce using rule 17 (comparison_expression -> expression EQ expression .) ]
  ! LE              [ reduce using rule 17 (comparison_expression -> expression EQ expression .) ]
  ! GE              [ reduce using rule 17 (comparison_expression -> expression EQ expression .) ]
  ! NULLCOALESCE    [ reduce using rule 17 (comparison_expression -> expression EQ expression .) ]


state 120

    (18) comparison_expression -> expression NE expression .
    (7) expression -> expression . POINTER expression
    (8) expression -> expression . PPOINTER expression
    (9) expression -> expression . PARALLEL expression
    (17) comparison_expression -> expression . EQ expression
    (18) comparison_expression -> expression . NE expression
    (19) comparison_expression -> expression . LANGLE expression
    (20) comparison_expression -> expression . RANGLE expression
    (21) comparison_expression -> expression . LE expression
    (22) comparison_expression -> expression . GE expression
    (23) null_coalesce_expression -> expression . NULLCOALESCE expression

  ! shift/reduce conflict for POINTER resolved as shift
  ! shift/reduce conflict for PPOINTER resolved as shift
  ! shift/reduce conflict for PARALLEL resolved as shift
  ! shift/reduce conflict for EQ resolved as shift
  ! shift/reduce conflict for NE resolved as shift
  ! shift/reduce conflict for LANGLE resolved as shift
  ! shift/reduce conflict for RANGLE resolved as shift
  ! shift/reduce conflict for LE resolved as shift
  ! shift/reduce conflict for GE resolved as shift
  ! shift/reduce conflict for NULLCOALESCE resolved as shift
    QUESTION        reduce using rule 18 (comparison_expression -> expression NE expression .)
    VAR_DECL        reduce using rule 18 (comparison_expression -> expression NE expression .)
    INT             reduce using rule 18 (comparison_expression -> expression NE expression .)
    FLOAT           reduce using rule 18 (comparison_expression -> expression NE expression .)
    IDENTIFIER      reduce using rule 18 (comparison_expression -> expression NE expression .)
    LCURLY_BRACKET  reduce using rule 18 (comparison_expression -> expression NE expression .)
    VAR_ACCESS      reduce using rule 18 (comparison_expression -> expression NE expression .)
    MAP             reduce using rule 18 (comparison_expression -> expression NE expression .)
    FILTER          reduce using rule 18 (comparison_expression -> expression NE expression .)
    REDUCE          reduce using rule 18 (comparison_expression -> expression NE expression .)
    FOREACH         reduce using rule 18 (comparison_expression -> expression NE expression .)
    FLATMAP         reduce using rule 18 (comparison_expression -> expression NE expression .)
    FANOUT          reduce using rule 18 (comparison_expression -> expression NE expression .)
    LBRACKET        reduce using rule 18 (comparison_expression -> expression NE expression .)
    NULL            reduce using rule 18 (comparison_expression -> expression NE expression .)
    LOGICAL_NOT     reduce using rule 18 (comparison_expression -> expression NE expression .)
    BITWISE_NOT     reduce using rule 18 (comparison_expression -> expression NE expression .)
    MINUS           reduce using rule 18 (comparison_expression -> expression NE expression .)
    LPAREN          reduce using rule 18 (comparison_expression -> expression NE expression .)
    STRING_LITERAL  reduce using rule 18 (comparison_expression -> expression NE expression .)
    $end            reduce using rule 18 (comparison_expression -> expression NE expression .)
    RBRACKET        reduce using rule 18 (comparison_expression -> expression NE expression .)
    SEPARATOR       reduce using rule 18 (comparison_expression -> expression NE expression .)
    RCURLY_BRACKET  reduce using rule 18 (comparison_expression -> expression NE expression .)
    COLON           reduce using rule 18 (comparison_expression -> expression NE expression .)
    RPAREN          reduce using rule 18 (comparison_expression -> expression NE expression .)
    POINTER         shift and go to state 56
    PPOINTER        shift and go to state 57
    PARALLEL        shift and go to state 58
    EQ              shift and go to state 59
    NE              shift and go to state 60
    LANGLE          shift and go to state 61
    RANGLE          shift and go to state 62
    LE              shift and go to state 63
    GE              shift and go to state 64
    NULLCOALESCE    shift and go to state 65

  ! POINTER         [ reduce using rule 18 (comparison_expression -> expression NE expression .) ]
  ! PPOINTER        [ reduce using rule 18 (comparison_expression -> expression NE expression .) ]
  ! PARALLEL        [ reduce using rule 18 (comparison_expression -> expression NE expression .) ]
  ! EQ              [ reduce using rule 18 (comparison_expression -> expression NE expression .) ]
  ! NE              [ reduce using rule 18 (comparison_expression -> expression NE expression .) ]
  ! LANGLE          [ reduce using rule 18 (comparison_expression -> expression NE expression .) ]
  ! RANGLE          [ reduce using rule 18 (comparison_expression -> expression NE expression .) ]
  ! LE              [ reduce using rule 18 (comparison_expression -> expression NE expression .) ]
  ! GE              [ reduce using rule 18 (comparison_expression -> expression NE expression .) ]
  ! NULLCOALESCE    [ reduce using rule 18 (comparison_expression -> expression NE expression .) ]


state 121

    (19) comparison_expression -> expression LANGLE expression .
    (7) expression -> expression . POINTER expression
    (8) expression -> expression . PPOINTER expression
    (9) expression -> expression . PARALLEL expression
    (17) comparison_expression -> expression . EQ expression
    (18) comparison_expression -> expression . NE expression
    (19) comparison_expression -> expression . LANGLE expression
    (20) comparison_expression -> expression . RANGLE expression
    (21) comparison_expression -> expression . LE expression
    (22) comparison_expression -> expression . GE expression
    (23) null_coalesce_expression -> expression . NULLCOALESCE expression

  ! shift/reduce conflict for POINTER resolved as shift
  ! shift/reduce conflict for PPOINTER resolved as shift
  ! shift/reduce conflict for PARALLEL resolved as shift
  ! shift/reduce conflict for EQ resolved as shift
  ! shift/reduce conflict for NE resolved as shift
  ! shift/reduce conflict for LANGLE resolved as shift
  ! shift/reduce conflict for RANGLE resolved as shift
  ! shift/reduce conflict for LE resolved as shift
  ! shift/reduce conflict for GE resolved as shift
  ! shift/reduce conflict for NULLCOALESCE resolved as shift
    QUESTION        reduce using rule 19 (comparison_expression -> expression LANGLE expression .)
    VAR_DECL        reduce using rule 19 (comparison_expression -> expression LANGLE expression .)
    INT             reduce using rule 19 (comparison_expression -> expression LANGLE expression .)
    FLOAT           reduce using rule 19 (comparison_expression -> expression LANGLE expression .)
    IDENTIFIER      reduce using rule 19 (comparison_expression -> expression LANGLE expression .)
    LCURLY_BRACKET  reduce using rule 19 (comparison_expression -> expression LANGLE expression .)
    VAR_ACCESS      reduce using rule 19 (comparison_expression -> expression LANGLE expression .)
    MAP             reduce using rule 19 (comparison_expression -> expression LANGLE expression .)
    FILTER          reduce using rule 19 (comparison_expression -> expression LANGLE expression .)
    REDUCE          reduce using rule 19 (comparison_expression -> expression LANGLE expression .)
    FOREACH         reduce using rule 19 (comparison_expression -> expression LANGLE expression .)
    FLATMAP         reduce using rule 19 (comparison_expression -> expression LANGLE expression .)
    FANOUT          reduce using rule 19 (comparison_expression -> expression LANGLE expression .)
    LBRACKET        reduce using rule 19 (comparison_expression -> expression LANGLE expression .)
    NULL            reduce using rule 19 (comparison_expression -> expression LANGLE expression .)
    LOGICAL_NOT     reduce using rule 19 (comparison_expression -> expression LANGLE expression .)
    BITWISE_NOT     reduce using rule 19 (comparison_expression -> expression LANGLE expression .)
    MINUS           reduce using rule 19 (comparison_expression -> expression LANGLE expression .)
    LPAREN          reduce using rule 19 (comparison_expression -> expression LANGLE expression .)
    STRING_LITERAL  reduce using rule 19 (comparison_expression -> expression LANGLE expression .)
    $end            reduce using rule 19 (comparison_expression -> expression LANGLE expression .)
    RBRACKET        reduce using rule 19 (comparison_expression -> expression LANGLE expression .)
    SEPARATOR       reduce using rule 19 (comparison_expression -> expression LANGLE expression .)
    RCURLY_BRACKET  reduce using rule 19 (comparison_expression -> expression LANGLE expression .)
    COLON           reduce using rule 19 (comparison_expression -> expression LANGLE expression .)
    RPAREN          reduce using rule 19 (comparison_expression -> expression LANGLE expression .)
    POINTER         shift and go to state 56
    PPOINTER        shift and go to state 57
    PARALLEL        shift and go to state 58
    EQ              shift and go to state 59
    NE              shift and go to state 60
    LANGLE          shift and go to state 61
    RANGLE          shift and go to state 62
    LE              shift and go to state 63
    GE              shift and go to state 64
    NULLCOALESCE    shift and go to state 65

  ! POINTER         [ reduce using rule 19 (comparison_expression -> expression LANGLE expression .) ]
  ! PPOINTER        [ reduce using rule 19 (comparison_expression -> expression LANGLE expression .) ]
  ! PARALLEL        [ reduce using rule 19 (comparison_expression -> expression LANGLE expression .) ]
  ! EQ              [ reduce using rule 19 (comparison_expression -> expression LANGLE expression .) ]
  ! NE              [ reduce using rule 19 (comparison_expression -> expression LANGLE expression .) ]
  ! LANGLE          [ reduce using rule 19 (comparison_expression -> expression LANGLE expression .) ]
  ! RANGLE          [ reduce using rule 19 (comparison_expression -> expression LANGLE expression .) ]
  ! LE              [ reduce using rule 19 (comparison_expression -> expression LANGLE expression .) ]
  ! GE              [ reduce using rule 19 (comparison_expression -> expression LANGLE expression .) ]
  ! NULLCOALESCE    [ reduce using rule 19 (comparison_expression -> expression LANGLE expression .) ]


state 122

    (20) comparison_expression -> expression RANGLE expression .
    (7) expression -> expression . POINTER expression
    (8) expression -> expression . PPOINTER expression
    (9) expression -> expression . PARALLEL expression
    (17) comparison_expression -> expression . EQ expression
    (18) comparison_expression -> expression . NE expression
    (19) comparison_expression -> expression . LANGLE expression
    (20) comparison_expression -> expression . RANGLE expression
    (21) comparison_expression -> expression . LE expression
    (22) comparison_expression -> expression . GE expression
    (23) null_coalesce_expression -> expression . NULLCOALESCE expression

  ! shift/reduce conflict for POINTER resolved as shift
  ! shift/reduce conflict for PPOINTER resolved as shift
  ! shift/reduce conflict for PARALLEL resolved as shift
  ! shift/reduce conflict for EQ resolved as shift
  ! shift/reduce conflict for NE resolved as shift
  ! shift/reduce conflict for LANGLE resolved as shift
  ! shift/reduce conflict for RANGLE resolved as shift
  ! shift/reduce conflict for LE resolved as shift
  ! shift/reduce conflict for GE resolved as shift
  ! shift/reduce conflict for NULLCOALESCE resolved as shift
    QUESTION        reduce using rule 20 (comparison_expression -> expression RANGLE expression .)
    VAR_DECL        reduce using rule 20 (comparison_expression -> expression RANGLE expression .)
    INT             reduce using rule 20 (comparison_expression -> expression RANGLE expression .)
    FLOAT           reduce using rule 20 (comparison_expression -> expression RANGLE expression .)
    IDENTIFIER      reduce using rule 20 (comparison_expression -> expression RANGLE expression .)
    LCURLY_BRACKET  reduce using rule 20 (comparison_expression -> expression RANGLE expression .)
    VAR_ACCESS      reduce using rule 20 (comparison_expression -> expression RANGLE expression .)
    MAP             reduce using rule 20 (comparison_expression -> expression RANGLE expression .)
    FILTER          reduce using rule 20 (comparison_expression -> expression RANGLE expression .)
    REDUCE          reduce using rule 20 (comparison_expression -> expression RANGLE expression .)
    FOREACH         reduce using rule 20 (comparison_expression -> expression RANGLE expression .)
    FLATMAP         reduce using rule 20 (comparison_expression -> expression RANGLE expression .)
    FANOUT          reduce using rule 20 (comparison_expression -> expression RANGLE expression .)
    LBRACKET        reduce using rule 20 (comparison_expression -> expression RANGLE expression .)
    NULL            reduce using rule 20 (comparison_expression -> expression RANGLE expression .)
    LOGICAL_NOT     reduce using rule 20 (comparison_expression -> expression RANGLE expression .)
    BITWISE_NOT     reduce using rule 20 (comparison_expression -> expression RANGLE expression .)
    MINUS           reduce using rule 20 (comparison_expression -> expression RANGLE expression .)
    LPAREN          reduce using rule 20 (comparison_expression -> expression RANGLE expression .)
    STRING_LITERAL  reduce using rule 20 (comparison_expression -> expression RANGLE expression .)
    $end            reduce using rule 20 (comparison_expression -> expression RANGLE expression .)
    RBRACKET        reduce using rule 20 (comparison_expression -> expression RANGLE expression .)
    SEPARATOR       reduce using rule 20 (comparison_expression -> expression RANGLE expression .)
    RCURLY_BRACKET  reduce using rule 20 (comparison_expression -> expression RANGLE expression .)
    COLON           reduce using rule 20 (comparison_expression -> expression RANGLE expression .)
    RPAREN          reduce using rule 20 (comparison_expression -> expression RANGLE expression .)
    POINTER         shift and go to state 56
    PPOINTER        shift and go to state 57
    PARALLEL        shift and go to state 58
    EQ              shift and go to state 59
    NE              shift and go to state 60
    LANGLE          shift and go to state 61
    RANGLE          shift and go to state 62
    LE              shift and go to state 63
    GE              shift and go to state 64
    NULLCOALESCE    shift and go to state 65

  ! POINTER         [ reduce using rule 20 (comparison_expression -> expression RANGLE expression .) ]
  ! PPOINTER        [ reduce using rule 20 (comparison_expression -> expression RANGLE expression .) ]
  ! PARALLEL        [ reduce using rule 20 (comparison_expression -> expression RANGLE expression .) ]
  ! EQ              [ reduce using rule 20 (comparison_expression -> expression RANGLE expression .) ]
  ! NE              [ reduce using rule 20 (comparison_expression -> expression RANGLE expression .) ]
  ! LANGLE          [ reduce using rule 20 (comparison_expression -> expression RANGLE expression .) ]
  ! RANGLE          [ reduce using rule 20 (comparison_expression -> expression RANGLE expression .) ]
  ! LE              [ reduce using rule 20 (comparison_expression -> expression RANGLE expression .) ]
  ! GE              [ reduce using rule 20 (comparison_expression -> expression RANGLE expression .) ]
  ! NULLCOALESCE    [ reduce using rule 20 (comparison_expression -> expression RANGLE expression .) ]


state 123

    (21) comparison_expression -> expression LE expression .
    (7) expression -> expression . POINTER expression
    (8) expression -> expression . PPOINTER expression
    (9) expression -> expression . PARALLEL expression
    (17) comparison_expression -> expression . EQ expression
    (18) comparison_expression -> expression . NE expression
    (19) comparison_expression -> expression . LANGLE expression
    (20) comparison_expression -> expression . RANGLE expression
    (21) comparison_expression -> expression . LE expression
    (22) comparison_expression -> expression . GE expression
    (23) null_coalesce_expression -> expression . NULLCOALESCE expression

  ! shift/reduce conflict for POINTER resolved as shift
  ! shift/reduce conflict for PPOINTER resolved as shift
  ! shift/reduce conflict for PARALLEL resolved as shift
  ! shift/reduce conflict for EQ resolved as shift
  ! shift/reduce conflict for NE resolved as shift
  ! shift/reduce conflict for LANGLE resolved as shift
  ! shift/reduce conflict for RANGLE resolved as shift
  ! shift/reduce conflict for LE resolved as shift
  ! shift/reduce conflict for GE resolved as shift
  ! shift/reduce conflict for NULLCOALESCE resolved as shift
    QUESTION        reduce using rule 21 (comparison_expression -> expression LE expression .)
    VAR_DECL        reduce using rule 21 (comparison_expression -> expression LE expression .)
    INT             reduce using rule 21 (comparison_expression -> expression LE expression .)
    FLOAT           reduce using rule 21 (comparison_expression -> expression LE expression .)
    IDENTIFIER      reduce using rule 21 (comparison_expression -> expression LE expression .)
    LCURLY_BRACKET  reduce using rule 21 (comparison_expression -> expression LE expression .)
    VAR_ACCESS      reduce using rule 21 (comparison_expression -> expression LE expression .)
    MAP             reduce using rule 21 (comparison_expression -> expression LE expression .)
    FILTER          reduce using rule 21 (comparison_expression -> expression LE expression .)
    REDUCE          reduce using rule 21 (comparison_expression -> expression LE expression .)
    FOREACH         reduce using rule 21 (comparison_expression -> expression LE expression .)
    FLATMAP         reduce using rule 21 (comparison_expression -> expression LE expression .)
    FANOUT          reduce using rule 21 (comparison_expression -> expression LE expression .)
    LBRACKET        reduce using rule 21 (comparison_expression -> expression LE expression .)
    NULL            reduce using rule 21 (comparison_expression -> expression LE expression .)
    LOGICAL_NOT     reduce using rule 21 (comparison_expression -> expression LE expression .)
    BITWISE_NOT     reduce using rule 21 (comparison_expression -> expression LE expression .)
    MINUS           reduce using rule 21 (comparison_expression -> expression LE expression .)
    LPAREN          reduce using rule 21 (comparison_expression -> expression LE expression .)
    STRING_LITERAL  reduce using rule 21 (comparison_expression -> expression LE expression .)
    $end            reduce using rule 21 (comparison_expression -> expression LE expression .)
    RBRACKET        reduce using rule 21 (comparison_expression -> expression LE expression .)
    SEPARATOR       reduce using rule 21 (comparison_expression -> expression LE expression .)
    RCURLY_BRACKET  reduce using rule 21 (comparison_expression -> expression LE expression .)
    COLON           reduce using rule 21 (comparison_expression -> expression LE expression .)
    RPAREN          reduce using rule 21 (comparison_expression -> expression LE expression .)
    POINTER         shift and go to state 56
    PPOINTER        shift and go to state 57
    PARALLEL        shift and go to state 58
    EQ              shift and go to state 59
    NE              shift and go to state 60
    LANGLE          shift and go to state 61
    RANGLE          shift and go to state 62
    LE              shift and go to state 63
    GE              shift and go to state 64
    NULLCOALESCE    shift and go to state 65

  ! POINTER         [ reduce using rule 21 (comparison_expression -> expression LE expression .) ]
  ! PPOINTER        [ reduce using rule 21 (comparison_expression -> expression LE expression .) ]
  ! PARALLEL        [ reduce using rule 21 (comparison_expression -> expression LE expression .) ]
  ! EQ              [ reduce using rule 21 (comparison_expression -> expression LE expression .) ]
  ! NE              [ reduce using rule 21 (comparison_expression -> expression LE expression .) ]
  ! LANGLE          [ reduce using rule 21 (comparison_expression -> expression LE expression .) ]
  ! RANGLE          [ reduce using rule 21 (comparison_expression -> expression LE expression .) ]
  ! LE              [ reduce using rule 21 (comparison_expression -> expression LE expression .) ]
  ! GE              [ reduce using rule 21 (comparison_expression -> expression LE expression .) ]
  ! NULLCOALESCE    [ reduce using rule 21 (comparison_expression -> expression LE expression .) ]


state 124

    (22) comparison_expression -> expression GE expression .
    (7) expression -> expression . POINTER expression
    (8) expression -> expression . PPOINTER expression
    (9) expression -> expression . PARALLEL expression
    (17) comparison_expression -> expression . EQ expression
    (18) comparison_expression -> expression . NE expression
    (19) comparison_expression -> expression . LANGLE expression
    (20) comparison_expression -> expression . RANGLE expression
    (21) comparison_expression -> expression . LE expression
    (22) comparison_expression -> expression . GE expression
    (23) null_coalesce_expression -> expression . NULLCOALESCE expression

  ! shift/reduce conflict for POINTER resolved as shift
  ! shift/reduce conflict for PPOINTER resolved as shift
  ! shift/reduce conflict for PARALLEL resolved as shift
  ! shift/reduce conflict for EQ resolved as shift
  ! shift/reduce conflict for NE resolved as shift
  ! shift/reduce conflict for LANGLE resolved as shift
  ! shift/reduce conflict for RANGLE resolved as shift
  ! shift/reduce conflict for LE resolved as shift
  ! shift/reduce conflict for GE resolved as shift
  ! shift/reduce conflict for NULLCOALESCE resolved as shift
    QUESTION        reduce using rule 22 (comparison_expression -> expression GE expression .)
    VAR_DECL        reduce using rule 22 (comparison_expression -> expression GE expression .)
    INT             reduce using rule 22 (comparison_expression -> expression GE expression .)
    FLOAT           reduce using rule 22 (comparison_expression -> expression GE expression .)
    IDENTIFIER      reduce using rule 22 (comparison_expression -> expression GE expression .)
    LCURLY_BRACKET  reduce using rule 22 (comparison_expression -> expression GE expression .)
    VAR_ACCESS      reduce using rule 22 (comparison_expression -> expression GE expression .)
    MAP             reduce using rule 22 (comparison_expression -> expression GE expression .)
    FILTER          reduce using rule 22 (comparison_expression -> expression GE expression .)
    REDUCE          reduce using rule 22 (comparison_expression -> expression GE expression .)
    FOREACH         reduce using rule 22 (comparison_expression -> expression GE expression .)
    FLATMAP         reduce using rule 22 (comparison_expression -> expression GE expression .)
    FANOUT          reduce using rule 22 (comparison_expression -> expression GE expression .)
    LBRACKET        reduce using rule 22 (comparison_expression -> expression GE expression .)
    NULL            reduce using rule 22 (comparison_expression -> expression GE expression .)
    LOGICAL_NOT     reduce using rule 22 (comparison_expression -> expression GE expression .)
    BITWISE_NOT     reduce using rule 22 (comparison_expression -> expression GE expression .)
    MINUS           reduce using rule 22 (comparison_expression -> expression GE expression .)
    LPAREN          reduce using rule 22 (comparison_expression -> expression GE expression .)
    STRING_LITERAL  reduce using rule 22 (comparison_expression -> expression GE expression .)
    $end            reduce using rule 22 (comparison_expression -> expression GE expression .)
    RBRACKET        reduce using rule 22 (comparison_expression -> expression GE expression .)
    SEPARATOR       reduce using rule 22 (comparison_expression -> expression GE expression .)
    RCURLY_BRACKET  reduce using rule 22 (comparison_expression -> expression GE expression .)
    COLON           reduce using rule 22 (comparison_expression -> expression GE expression .)
    RPAREN          reduce using rule 22 (comparison_expression -> expression GE expression .)
    POINTER         shift and go to state 56
    PPOINTER        shift and go to state 57
    PARALLEL        shift and go to state 58
    EQ              shift and go to state 59
    NE              shift and go to state 60
    LANGLE          shift and go to state 61
    RANGLE          shift and go to state 62
    LE              shift and go to state 63
    GE              shift and go to state 64
    NULLCOALESCE    shift and go to state 65

  ! POINTER         [ reduce using rule 22 (comparison_expression -> expression GE expression .) ]
  ! PPOINTER        [ reduce using rule 22 (comparison_expression -> expression GE expression .) ]
  ! PARALLEL        [ reduce using rule 22 (comparison_expression -> expression GE expression .) ]
  ! EQ              [ reduce using rule 22 (comparison_expression -> expression GE expression .) ]
  ! NE              [ reduce using rule 22 (comparison_expression -> expression GE expression .) ]
  ! LANGLE          [ reduce using rule 22 (comparison_expression -> expression GE expression .) ]
  ! RANGLE          [ reduce using rule 22 (comparison_expression -> expression GE expression .) ]
  ! LE              [ reduce using rule 22 (comparison_expression -> expression GE expression .) ]
  ! GE              [ reduce using rule 22 (comparison_expression -> expression GE expression .) ]
  ! NULLCOALESCE    [ reduce using rule 22 (comparison_expression -> expression GE expression .) ]


state 125

    (23) null_coalesce_expression -> expression NULLCOALESCE expression .
    (7) expression -> expression . POINTER expression
    (8) expression -> expression . PPOINTER expression
    (9) expression -> expression . PARALLEL expression
    (17) comparison_expression -> expression . EQ expression
    (18) comparison_expression -> expression . NE expression
    (19) comparison_expression -> expression . LANGLE expression
    (20) comparison_expression -> expression . RANGLE expression
    (21) comparison_expression -> expression . LE expression
    (22) comparison_expression -> expression . GE expression
    (23) null_coalesce_expression -> expression . NULLCOALESCE expression

    POINTER         reduce using rule 23 (null_coalesce_expression -> expression NULLCOALESCE expression .)
    PPOINTER        reduce using rule 23 (null_coalesce_expression -> expression NULLCOALESCE expression .)
    PARALLEL        reduce using rule 23 (null_coalesce_expression -> expression NULLCOALESCE expression .)
    EQ              reduce using rule 23 (null_coalesce_expression -> expression NULLCOALESCE expression .)
    NE              reduce using rule 23 (null_coalesce_expression -> expression NULLCOALESCE expression .)
    LANGLE          reduce using rule 23 (null_coalesce_expression -> expression NULLCOALESCE expression .)
    RANGLE          reduce using rule 23 (null_coalesce_expression -> expression NULLCOALESCE expression .)
    LE              reduce using rule 23 (null_coalesce_expression -> expression NULLCOALESCE expression .)
    GE              reduce using rule 23 (null_coalesce_expression -> expression NULLCOALESCE expression .)
    NULLCOALESCE    reduce using rule 23 (null_coalesce_expression -> expression NULLCOALESCE expression .)
    VAR_DECL        reduce using rule 23 (null_coalesce_expression -> expression NULLCOALESCE expression .)
    INT             reduce using rule 23 (null_coalesce_expression -> expression NULLCOALESCE expression .)
    FLOAT           reduce using rule 23 (null_coalesce_expression -> expression NULLCOALESCE expression .)
    IDENTIFIER      reduce using rule 23 (null_coalesce_expression -> expression NULLCOALESCE expression .)
    LCURLY_BRACKET  reduce using rule 23 (null_coalesce_expression -> expression NULLCOALESCE expression .)
    VAR_ACCESS      reduce using rule 23 (null_coalesce_expression -> expression NULLCOALESCE expression .)
    MAP             reduce using rule 23 (null_coalesce_expression -> expression NULLCOALESCE expression .)
    FILTER          reduce using rule 23 (null_coalesce_expression -> expression NULLCOALESCE expression .)
    REDUCE          reduce using rule 23 (null_coalesce_expression -> expression NULLCOALESCE expression .)
    FOREACH         reduce using rule 23 (null_coalesce_expression -> expression NULLCOALESCE expression .)
    FLATMAP         reduce using rule 23 (null_coalesce_expression -> expression NULLCOALESCE expression .)
    FANOUT          reduce using rule 23 (null_coalesce_expression -> expression NULLCOALESCE expression .)
    LBRACKET        reduce using rule 23 (null_coalesce_expression -> expression NULLCOALESCE expression .)
    NULL            reduce using rule 23 (null_coalesce_expression -> expression NULLCOALESCE expression .)
    LOGICAL_NOT     reduce using rule 23 (null_coalesce_expression -> expression NULLCOALESCE expression .)
    BITWISE_NOT     reduce using rule 23 (null_coalesce_expression -> expression NULLCOALESCE expression .)
    MINUS           reduce using rule 23 (null_coalesce_expression -> expression NULLCOALESCE expression .)
    LPAREN          reduce using rule 23 (null_coalesce_expression -> expression NULLCOALESCE expression .)
    STRING_LITERAL  reduce using rule 23 (null_coalesce_expression -> expression NULLCOALESCE expression .)
    $end            reduce using rule 23 (null_coalesce_expression -> expression NULLCOALESCE expression .)
    RBRACKET        reduce using rule 23 (null_coalesce_expression -> expression NULLCOALESCE expression .)
    SEPARATOR       reduce using rule 23 (null_coalesce_expression -> expression NULLCOALESCE expression .)
    RCURLY_BRACKET  reduce using rule 23 (null_coalesce_expression -> expression NULLCOALESCE expression .)
    QUESTION        reduce using rule 23 (null_coalesce_expression -> expression NULLCOALESCE expression .)
    COLON           reduce using rule 23 (null_coalesce_expression -> expression NULLCOALESCE expression .)
    RPAREN          reduce using rule 23 (null_coalesce_expression -> expression NULLCOALESCE expression .)

  ! POINTER         [ shift and go to state 56 ]
  ! PPOINTER        [ shift and go to state 57 ]
  ! PARALLEL        [ shift and go to state 58 ]
  ! EQ              [ shift and go to state 59 ]
  ! NE              [ shift and go to state 60 ]
  ! LANGLE          [ shift and go to state 61 ]
  ! RANGLE          [ shift and go to state 62 ]
  ! LE              [ shift and go to state 63 ]
  ! GE              [ shift and go to state 64 ]
  ! NULLCOALESCE    [ shift and go to state 65 ]


state 126

    (40) variable_declaration -> VAR_DECL ASSIGN value .
    (27) term -> value .

    VAR_DECL        reduce using rule 40 (variable_declaration -> VAR_DECL ASSIGN value .)
    INT             reduce using rule 40 (variable_declaration -> VAR_DECL ASSIGN value .)
    FLOAT           reduce using rule 40 (variable_declaration -> VAR_DECL ASSIGN value .)
    IDENTIFIER      reduce using rule 40 (variable_declaration -> VAR_DECL ASSIGN value .)
    LCURLY_BRACKET  reduce using rule 40 (variable_declaration -> VAR_DECL ASSIGN value .)
    VAR_ACCESS      reduce using rule 40 (variable_declaration -> VAR_DECL ASSIGN value .)
    MAP             reduce using rule 40 (variable_declaration -> VAR_DECL ASSIGN value .)
    FILTER          reduce using rule 40 (variable_declaration -> VAR_DECL ASSIGN value .)
    REDUCE          reduce using rule 40 (variable_declaration -> VAR_DECL ASSIGN value .)
    FOREACH         reduce using rule 40 (variable_declaration -> VAR_DECL ASSIGN value .)
    FLATMAP         reduce using rule 40 (variable_declaration -> VAR_DECL ASSIGN value .)
    FANOUT          reduce using rule 40 (variable_declaration -> VAR_DECL ASSIGN value .)
    LBRACKET        reduce using rule 40 (variable_declaration -> VAR_DECL ASSIGN value .)
    NULL            reduce using rule 40 (variable_declaration -> VAR_DECL ASSIGN value .)
    LOGICAL_NOT     reduce using rule 40 (variable_declaration -> VAR_DECL ASSIGN value .)
    BITWISE_NOT     reduce using rule 40 (variable_declaration -> VAR_DECL ASSIGN value .)
    MINUS           reduce using rule 40 (variable_declaration -> VAR_DECL ASSIGN value .)
    LPAREN          reduce using rule 40 (variable_declaration -> VAR_DECL ASSIGN value .)
    STRING_LITERAL  reduce using rule 40 (variable_declaration -> VAR_DECL ASSIGN value .)
    $end            reduce using rule 40 (variable_declaration -> VAR_DECL ASSIGN value .)
    EQ              reduce using rule 27 (term -> value .)
    NE              reduce using rule 27 (term -> value .)
    LANGLE          reduce using rule 27 (term -> value .)
    RANGLE          reduce using rule 27 (term -> value .)
    LE              reduce using rule 27 (term -> value .)
    GE              reduce using rule 27 (term -> value .)
    NULLCOALESCE    reduce using rule 27 (term -> value .)
    POINTER         reduce using rule 27 (term -> value .)
    PPOINTER        reduce using rule 27 (term -> value .)
    PARALLEL        reduce using rule 27 (term -> value .)


state 127

    (39) directive -> VAR_DECL COLON scalar_value .

    VAR_DECL        reduce using rule 39 (directive -> VAR_DECL COLON scalar_value .)
    INT             reduce using rule 39 (directive -> VAR_DECL COLON scalar_value .)
    FLOAT           reduce using rule 39 (directive -> VAR_DECL COLON scalar_value .)
    IDENTIFIER      reduce using rule 39 (directive -> VAR_DECL COLON scalar_value .)
    LCURLY_BRACKET  reduce using rule 39 (directive -> VAR_DECL COLON scalar_value .)
    VAR_ACCESS      reduce using rule 39 (directive -> VAR_DECL COLON scalar_value .)
    MAP             reduce using rule 39 (directive -> VAR_DECL COLON scalar_value .)
    FILTER          reduce using rule 39 (directive -> VAR_DECL COLON scalar_value .)
    REDUCE          reduce using rule 39 (directive -> VAR_DECL COLON scalar_value .)
    FOREACH         reduce using rule 39 (directive -> VAR_DECL COLON scalar_value .)
    FLATMAP         reduce using rule 39 (directive -> VAR_DECL COLON scalar_value .)
    FANOUT          reduce using rule 39 (directive -> VAR_DECL COLON scalar_value .)
    LBRACKET        reduce using rule 39 (directive -> VAR_DECL COLON scalar_value .)
    NULL            reduce using rule 39 (directive -> VAR_DECL COLON scalar_value .)
    LOGICAL_NOT     reduce using rule 39 (directive -> VAR_DECL COLON scalar_value .)
    BITWISE_NOT     reduce using rule 39 (directive -> VAR_DECL COLON scalar_value .)
    MINUS           reduce using rule 39 (directive -> VAR_DECL COLON scalar_value .)
    LPAREN          reduce using rule 39 (directive -> VAR_DECL COLON scalar_value .)
    STRING_LITERAL  reduce using rule 39 (directive -> VAR_DECL COLON scalar_value .)
    $end            reduce using rule 39 (directive -> VAR_DECL COLON scalar_value .)


state 128

    (58) scalar_value -> INT .

    VAR_DECL        reduce using rule 58 (scalar_value -> INT .)
    INT             reduce using rule 58 (scalar_value -> INT .)
    FLOAT           reduce using rule 58 (scalar_value -> INT .)
    IDENTIFIER      reduce using rule 58 (scalar_value -> INT .)
    LCURLY_BRACKET  reduce using rule 58 (scalar_value -> INT .)
    VAR_ACCESS      reduce using rule 58 (scalar_value -> INT .)
    MAP             reduce using rule 58 (scalar_value -> INT .)
    FILTER          reduce using rule 58 (scalar_value -> INT .)
    REDUCE          reduce using rule 58 (scalar_value -> INT .)
    FOREACH         reduce using rule 58 (scalar_value -> INT .)
    FLATMAP         reduce using rule 58 (scalar_value -> INT .)
    FANOUT          reduce using rule 58 (scalar_value -> INT .)
    LBRACKET        reduce using rule 58 (scalar_value -> INT .)
    NULL            reduce using rule 58 (scalar_value -> INT .)
    LOGICAL_NOT     reduce using rule 58 (scalar_value -> INT .)
    BITWISE_NOT     reduce using rule 58 (scalar_value -> INT .)
    MINUS           reduce using rule 58 (scalar_value -> INT .)
    LPAREN          reduce using rule 58 (scalar_value -> INT .)
    STRING_LITERAL  reduce using rule 58 (scalar_value -> INT .)
    $end            reduce using rule 58 (scalar_value -> INT .)


state 129

    (59) scalar_value -> FLOAT .

    VAR_DECL        reduce using rule 59 (scalar_value -> FLOAT .)
    INT             reduce using rule 59 (scalar_value -> FLOAT .)
    FLOAT           reduce using rule 59 (scalar_value -> FLOAT .)
    IDENTIFIER      reduce using rule 59 (scalar_value -> FLOAT .)
    LCURLY_BRACKET  reduce using rule 59 (scalar_value -> FLOAT .)
    VAR_ACCESS      reduce using rule 59 (scalar_value -> FLOAT .)
    MAP             reduce using rule 59 (scalar_value -> FLOAT .)
    FILTER          reduce using rule 59 (scalar_value -> FLOAT .)
    REDUCE          reduce using rule 59 (scalar_value -> FLOAT .)
    FOREACH         reduce using rule 59 (scalar_value -> FLOAT .)
    FLATMAP         reduce using rule 59 (scalar_value -> FLOAT .)
    FANOUT          reduce using rule 59 (scalar_value -> FLOAT .)
    LBRACKET        reduce using rule 59 (scalar_value -> FLOAT .)
    NULL            reduce using rule 59 (scalar_value -> FLOAT .)
    LOGICAL_NOT     reduce using rule 59 (scalar_value -> FLOAT .)
    BITWISE_NOT     reduce using rule 59 (scalar_value -> FLOAT .)
    MINUS           reduce using rule 59 (scalar_value -> FLOAT .)
    LPAREN          reduce using rule 59 (scalar_value -> FLOAT .)
    STRING_LITERAL  reduce using rule 59 (scalar_value -> FLOAT .)
    $end            reduce using rule 59 (scalar_value -> FLOAT .)


state 130

    (60) scalar_value -> BOOLEAN .

    VAR_DECL        reduce using rule 60 (scalar_value -> BOOLEAN .)
    INT             reduce using rule 60 (scalar_value -> BOOLEAN .)
    FLOAT           reduce using rule 60 (scalar_value -> BOOLEAN .)
    IDENTIFIER      reduce using rule 60 (scalar_value -> BOOLEAN .)
    LCURLY_BRACKET  reduce using rule 60 (scalar_value -> BOOLEAN .)
    VAR_ACCESS      reduce using rule 60 (scalar_value -> BOOLEAN .)
    MAP             reduce using rule 60 (scalar_value -> BOOLEAN .)
    FILTER          reduce using rule 60 (scalar_value -> BOOLEAN .)
    REDUCE          reduce using rule 60 (scalar_value -> BOOLEAN .)
    FOREACH         reduce using rule 60 (scalar_value -> BOOLEAN .)
    FLATMAP         reduce using rule 60 (scalar_value -> BOOLEAN .)
    FANOUT          reduce using rule 60 (scalar_value -> BOOLEAN .)
    LBRACKET        reduce using rule 60 (scalar_value -> BOOLEAN .)
    NULL            reduce using rule 60 (scalar_value -> BOOLEAN .)
    LOGICAL_NOT     reduce using rule 60 (scalar_value -> BOOLEAN .)
    BITWISE_NOT     reduce using rule 60 (scalar_value -> BOOLEAN .)
    MINUS           reduce using rule 60 (scalar_value -> BOOLEAN .)
    LPAREN          reduce using rule 60 (scalar_value -> BOOLEAN .)
    STRING_LITERAL  reduce using rule 60 (scalar_value -> BOOLEAN .)
    $end            reduce using rule 60 (scalar_value -> BOOLEAN .)


state 131

    (61) scalar_value -> STRING_LITERAL .

    VAR_DECL        reduce using rule 61 (scalar_value -> STRING_LITERAL .)
    INT             reduce using rule 61 (scalar_value -> STRING_LITERAL .)
    FLOAT           reduce using rule 61 (scalar_value -> STRING_LITERAL .)
    IDENTIFIER      reduce using rule 61 (scalar_value -> STRING_LITERAL .)
    LCURLY_BRACKET  reduce using rule 61 (scalar_value -> STRING_LITERAL .)
    VAR_ACCESS      reduce using rule 61 (scalar_value -> STRING_LITERAL .)
    MAP             reduce using rule 61 (scalar_value -> STRING_LITERAL .)
    FILTER          reduce using rule 61 (scalar_value -> STRING_LITERAL .)
    REDUCE          reduce using rule 61 (scalar_value -> STRING_LITERAL .)
    FOREACH         reduce using rule 61 (scalar_value -> STRING_LITERAL .)
    FLATMAP         reduce using rule 61 (scalar_value -> STRING_LITERAL .)
    FANOUT          reduce using rule 61 (scalar_value -> STRING_LITERAL .)
    LBRACKET        reduce using rule 61 (scalar_value -> STRING_LITERAL .)
    NULL            reduce using rule 61 (scalar_value -> STRING_LITERAL .)
    LOGICAL_NOT     reduce using rule 61 (scalar_value -> STRING_LITERAL .)
    BITWISE_NOT     reduce using rule 61 (scalar_value -> STRING_LITERAL .)
    MINUS           reduce using rule 61 (scalar_value -> STRING_LITERAL .)
    LPAREN          reduce using rule 61 (scalar_value -> STRING_LITERAL .)
    STRING_LITERAL  reduce using rule 61 (scalar_value -> STRING_LITERAL .)
    $end            reduce using rule 61 (scalar_value -> STRING_LITERAL .)


state 132

    (10) expression -> descriptor POINTER expression .
    (7) expression -> expression . POINTER expression
    (8) expression -> expression . PPOINTER expression
    (9) expression -> expression . PARALLEL expression
    (17) comparison_expression -> expression . EQ expression
    (18) comparison_expression -> expression . NE expression
    (19) comparison_expression -> expression . LANGLE expression
    (20) comparison_expression -> expression . RANGLE expression
    (21) comparison_expression -> expression . LE expression
    (22) comparison_expression -> expression . GE expression
    (23) null_coalesce_expression -> expression . NULLCOALESCE expression

    POINTER         reduce using rule 10 (expression -> descriptor POINTER expression .)
    PPOINTER        reduce using rule 10 (expression -> descriptor POINTER expression .)
    PARALLEL        reduce using rule 10 (expression -> descriptor POINTER expression .)
    EQ              reduce using rule 10 (expression -> descriptor POINTER expression .)
    NE              reduce using rule 10 (expression -> descriptor POINTER expression .)
    LANGLE          reduce using rule 10 (expression -> descriptor POINTER expression .)
    RANGLE          reduce using rule 10 (expression -> descriptor POINTER expression .)
    LE              reduce using rule 10 (expression -> descriptor POINTER expression .)
    GE              reduce using rule 10 (expression -> descriptor POINTER expression .)
    VAR_DECL        reduce using rule 10 (expression -> descriptor POINTER expression .)
    INT             reduce using rule 10 (expression -> descriptor POINTER expression .)
    FLOAT           reduce using rule 10 (expression -> descriptor POINTER expression .)
    IDENTIFIER      reduce using rule 10 (expression -> descriptor POINTER expression .)
    LCURLY_BRACKET  reduce using rule 10 (expression -> descriptor POINTER expression .)
    VAR_ACCESS      reduce using rule 10 (expression -> descriptor POINTER expression .)
    MAP             reduce using rule 10 (expression -> descriptor POINTER expression .)
    FILTER          reduce using rule 10 (expression -> descriptor POINTER expression .)
    REDUCE          reduce using rule 10 (expression -> descriptor POINTER expression .)
    FOREACH         reduce using rule 10 (expression -> descriptor POINTER expression .)
    FLATMAP         reduce using rule 10 (expression -> descriptor POINTER expression .)
    FANOUT          reduce using rule 10 (expression -> descriptor POINTER expression .)
    LBRACKET        reduce using rule 10 (expression -> descriptor POINTER expression .)
    NULL            reduce using rule 10 (expression -> descriptor POINTER expression .)
    LOGICAL_NOT     reduce using rule 10 (expression -> descriptor POINTER expression .)
    BITWISE_NOT     reduce using rule 10 (expression -> descriptor POINTER expression .)
    MINUS           reduce using rule 10 (expression -> descriptor POINTER expression .)
    LPAREN          reduce using rule 10 (expression -> descriptor POINTER expression .)
    STRING_LITERAL  reduce using rule 10 (expression -> descriptor POINTER expression .)
    $end            reduce using rule 10 (expression -> descriptor POINTER expression .)
    RCURLY_BRACKET  reduce using rule 10 (expression -> descriptor POINTER expression .)
    QUESTION        reduce using rule 10 (expression -> descriptor POINTER expression .)
    RBRACKET        reduce using rule 10 (expression -> descriptor POINTER expression .)
    SEPARATOR       reduce using rule 10 (expression -> descriptor POINTER expression .)
    COLON           reduce using rule 10 (expression -> descriptor POINTER expression .)
    RPAREN          reduce using rule 10 (expression -> descriptor POINTER expression .)
    NULLCOALESCE    shift and go to state 65

  ! NULLCOALESCE    [ reduce using rule 10 (expression -> descriptor POINTER expression .) ]
  ! POINTER         [ shift and go to state 56 ]
  ! PPOINTER        [ shift and go to state 57 ]
  ! PARALLEL        [ shift and go to state 58 ]
  ! EQ              [ shift and go to state 59 ]
  ! NE              [ shift and go to state 60 ]
  ! LANGLE          [ shift and go to state 61 ]
  ! RANGLE          [ shift and go to state 62 ]
  ! LE              [ shift and go to state 63 ]
  ! GE              [ shift and go to state 64 ]


state 133

    (11) expression -> descriptor PPOINTER expression .
    (7) expression -> expression . POINTER expression
    (8) expression -> expression . PPOINTER expression
    (9) expression -> expression . PARALLEL expression
    (17) comparison_expression -> expression . EQ expression
    (18) comparison_expression -> expression . NE expression
    (19) comparison_expression -> expression . LANGLE expression
    (20) comparison_expression -> expression . RANGLE expression
    (21) comparison_expression -> expression . LE expression
    (22) comparison_expression -> expression . GE expression
    (23) null_coalesce_expression -> expression . NULLCOALESCE expression

    POINTER         reduce using rule 11 (expression -> descriptor PPOINTER expression .)
    PPOINTER        reduce using rule 11 (expression -> descriptor PPOINTER expression .)
    PARALLEL        reduce using rule 11 (expression -> descriptor PPOINTER expression .)
    EQ              reduce using rule 11 (expression -> descriptor PPOINTER expression .)
    NE              reduce using rule 11 (expression -> descriptor PPOINTER expression .)
    LANGLE          reduce using rule 11 (expression -> descriptor PPOINTER expression .)
    RANGLE          reduce using rule 11 (expression -> descriptor PPOINTER expression .)
    LE              reduce using rule 11 (expression -> descriptor PPOINTER expression .)
    GE              reduce using rule 11 (expression -> descriptor PPOINTER expression .)
    VAR_DECL        reduce using rule 11 (expression -> descriptor PPOINTER expression .)
    INT             reduce using rule 11 (expression -> descriptor PPOINTER expression .)
    FLOAT           reduce using rule 11 (expression -> descriptor PPOINTER expression .)
    IDENTIFIER      reduce using rule 11 (expression -> descriptor PPOINTER expression .)
    LCURLY_BRACKET  reduce using rule 11 (expression -> descriptor PPOINTER expression .)
    VAR_ACCESS      reduce using rule 11 (expression -> descriptor PPOINTER expression .)
    MAP             reduce using rule 11 (expression -> descriptor PPOINTER expression .)
    FILTER          reduce using rule 11 (expression -> descriptor PPOINTER expression .)
    REDUCE          reduce using rule 11 (expression -> descriptor PPOINTER expression .)
    FOREACH         reduce using rule 11 (expression -> descriptor PPOINTER expression .)
    FLATMAP         reduce using rule 11 (expression -> descriptor PPOINTER expression .)
    FANOUT          reduce using rule 11 (expression -> descriptor PPOINTER expression .)
    LBRACKET        reduce using rule 11 (expression -> descriptor PPOINTER expression .)
    NULL            reduce using rule 11 (expression -> descriptor PPOINTER expression .)
    LOGICAL_NOT     reduce using rule 11 (expression -> descriptor PPOINTER expression .)
    BITWISE_NOT     reduce using rule 11 (expression -> descriptor PPOINTER expression .)
    MINUS           reduce using rule 11 (expression -> descriptor PPOINTER expression .)
    LPAREN          reduce using rule 11 (expression -> descriptor PPOINTER expression .)
    STRING_LITERAL  reduce using rule 11 (expression -> descriptor PPOINTER expression .)
    $end            reduce using rule 11 (expression -> descriptor PPOINTER expression .)
    RCURLY_BRACKET  reduce using rule 11 (expression -> descriptor PPOINTER expression .)
    QUESTION        reduce using rule 11 (expression -> descriptor PPOINTER expression .)
    RBRACKET        reduce using rule 11 (expression -> descriptor PPOINTER expression .)
    SEPARATOR       reduce using rule 11 (expression -> descriptor PPOINTER expression .)
    COLON           reduce using rule 11 (expression -> descriptor PPOINTER expression .)
    RPAREN          reduce using rule 11 (expression -> descriptor PPOINTER expression .)
    NULLCOALESCE    shift and go to state 65

  ! NULLCOALESCE    [ reduce using rule 11 (expression -> descriptor PPOINTER expression .) ]
  ! POINTER         [ shift and go to state 56 ]
  ! PPOINTER        [ shift and go to state 57 ]
  ! PARALLEL        [ shift and go to state 58 ]
  ! EQ              [ shift and go to state 59 ]
  ! NE              [ shift and go to state 60 ]
  ! LANGLE          [ shift and go to state 61 ]
  ! RANGLE          [ shift and go to state 62 ]
  ! LE              [ shift and go to state 63 ]
  ! GE              [ shift and go to state 64 ]


state 134

    (12) expression -> factor RETRY task .
    (75) task -> task . LPAREN conditional_group RPAREN

    POINTER         reduce using rule 12 (expression -> factor RETRY task .)
    PPOINTER        reduce using rule 12 (expression -> factor RETRY task .)
    PARALLEL        reduce using rule 12 (expression -> factor RETRY task .)
    EQ              reduce using rule 12 (expression -> factor RETRY task .)
    NE              reduce using rule 12 (expression -> factor RETRY task .)
    LANGLE          reduce using rule 12 (expression -> factor RETRY task .)
    RANGLE          reduce using rule 12 (expression -> factor RETRY task .)
    LE              reduce using rule 12 (expression -> factor RETRY task .)
    GE              reduce using rule 12 (expression -> factor RETRY task .)
    NULLCOALESCE    reduce using rule 12 (expression -> factor RETRY task .)
    VAR_DECL        reduce using rule 12 (expression -> factor RETRY task .)
    INT             reduce using rule 12 (expression -> factor RETRY task .)
    FLOAT           reduce using rule 12 (expression -> factor RETRY task .)
    IDENTIFIER      reduce using rule 12 (expression -> factor RETRY task .)
    LCURLY_BRACKET  reduce using rule 12 (expression -> factor RETRY task .)
    VAR_ACCESS      reduce using rule 12 (expression -> factor RETRY task .)
    MAP             reduce using rule 12 (expression -> factor RETRY task .)
    FILTER          reduce using rule 12 (expression -> factor RETRY task .)
    REDUCE          reduce using rule 12 (expression -> factor RETRY task .)
    FOREACH         reduce using rule 12 (expression -> factor RETRY task .)
    FLATMAP         reduce using rule 12 (expression -> factor RETRY task .)
    FANOUT          reduce using rule 12 (expression -> factor RETRY task .)
    LBRACKET        reduce using rule 12 (expression -> factor RETRY task .)
    NULL            reduce using rule 12 (expression -> factor RETRY task .)
    LOGICAL_NOT     reduce using rule 12 (expression -> factor RETRY task .)
    BITWISE_NOT     reduce using rule 12 (expression -> factor RETRY task .)
    MINUS           reduce using rule 12 (expression -> factor RETRY task .)
    LPAREN          reduce using rule 12 (expression -> factor RETRY task .)
    STRING_LITERAL  reduce using rule 12 (expression -> factor RETRY task .)
    $end            reduce using rule 12 (expression -> factor RETRY task .)
    RCURLY_BRACKET  reduce using rule 12 (expression -> factor RETRY task .)
    QUESTION        reduce using rule 12 (expression -> factor RETRY task .)
    RBRACKET        reduce using rule 12 (expression -> factor RETRY task .)
    SEPARATOR       reduce using rule 12 (expression -> factor RETRY task .)
    COLON           reduce using rule 12 (expression -> factor RETRY task .)
    RPAREN          reduce using rule 12 (expression -> factor RETRY task .)

  ! LPAREN          [ shift and go to state 72 ]


state 135

    (15) expression -> factor RETRY expression_groupings .

    POINTER         reduce using rule 15 (expression -> factor RETRY expression_groupings .)
    PPOINTER        reduce using rule 15 (expression -> factor RETRY expression_groupings .)
    PARALLEL        reduce using rule 15 (expression -> factor RETRY expression_groupings .)
    EQ              reduce using rule 15 (expression -> factor RETRY expression_groupings .)
    NE              reduce using rule 15 (expression -> factor RETRY expression_groupings .)
    LANGLE          reduce using rule 15 (expression -> factor RETRY expression_groupings .)
    RANGLE          reduce using rule 15 (expression -> factor RETRY expression_groupings .)
    LE              reduce using rule 15 (expression -> factor RETRY expression_groupings .)
    GE              reduce using rule 15 (expression -> factor RETRY expression_groupings .)
    NULLCOALESCE    reduce using rule 15 (expression -> factor RETRY expression_groupings .)
    VAR_DECL        reduce using rule 15 (expression -> factor RETRY expression_groupings .)
    INT             reduce using rule 15 (expression -> factor RETRY expression_groupings .)
    FLOAT           reduce using rule 15 (expression -> factor RETRY expression_groupings .)
    IDENTIFIER      reduce using rule 15 (expression -> factor RETRY expression_groupings .)
    LCURLY_BRACKET  reduce using rule 15 (expression -> factor RETRY expression_groupings .)
    VAR_ACCESS      reduce using rule 15 (expression -> factor RETRY expression_groupings .)
    MAP             reduce using rule 15 (expression -> factor RETRY expression_groupings .)
    FILTER          reduce using rule 15 (expression -> factor RETRY expression_groupings .)
    REDUCE          reduce using rule 15 (expression -> factor RETRY expression_groupings .)
    FOREACH         reduce using rule 15 (expression -> factor RETRY expression_groupings .)
    FLATMAP         reduce using rule 15 (expression -> factor RETRY expression_groupings .)
    FANOUT          reduce using rule 15 (expression -> factor RETRY expression_groupings .)
    LBRACKET        reduce using rule 15 (expression -> factor RETRY expression_groupings .)
    NULL            reduce using rule 15 (expression -> factor RETRY expression_groupings .)
    LOGICAL_NOT     reduce using rule 15 (expression -> factor RETRY expression_groupings .)
    BITWISE_NOT     reduce using rule 15 (expression -> factor RETRY expression_groupings .)
    MINUS           reduce using rule 15 (expression -> factor RETRY expression_groupings .)
    LPAREN          reduce using rule 15 (expression -> factor RETRY expression_groupings .)
    STRING_LITERAL  reduce using rule 15 (expression -> factor RETRY expression_groupings .)
    $end            reduce using rule 15 (expression -> factor RETRY expression_groupings .)
    RCURLY_BRACKET  reduce using rule 15 (expression -> factor RETRY expression_groupings .)
    QUESTION        reduce using rule 15 (expression -> factor RETRY expression_groupings .)
    RBRACKET        reduce using rule 15 (expression -> factor RETRY expression_groupings .)
    SEPARATOR       reduce using rule 15 (expression -> factor RETRY expression_groupings .)
    COLON           reduce using rule 15 (expression -> factor RETRY expression_groupings .)
    RPAREN          reduce using rule 15 (expression -> factor RETRY expression_groupings .)


state 136

    (80) expression_groupings -> LCURLY_BRACKET . expression RCURLY_BRACKET
    (81) expression_groupings -> LCURLY_BRACKET . expression RCURLY_BRACKET LBRACKET assigment_expression_group RBRACKET
    (7) expression -> . expression POINTER expression
    (8) expression -> . expression PPOINTER expression
    (9) expression -> . expression PARALLEL expression
    (10) expression -> . descriptor POINTER expression
    (11) expression -> . descriptor PPOINTER expression
    (12) expression -> . factor RETRY task
    (13) expression -> . task RETRY factor
    (14) expression -> . expression_groupings RETRY factor
    (15) expression -> . factor RETRY expression_groupings
    (24) expression -> . term
    (65) descriptor -> . INT
    (66) factor -> . INT
    (67) factor -> . FLOAT
    (68) factor -> . variable_reference
    (29) task -> . meta_event
    (30) task -> . meta_event LBRACKET assigment_expression_group RBRACKET
    (69) task -> . task_name
    (70) task -> . IDENTIFIER DOUBLE_COLON task_name
    (75) task -> . task LPAREN conditional_group RPAREN
    (80) expression_groupings -> . LCURLY_BRACKET expression RCURLY_BRACKET
    (81) expression_groupings -> . LCURLY_BRACKET expression RCURLY_BRACKET LBRACKET assigment_expression_group RBRACKET
    (25) term -> . task
    (26) term -> . expression_groupings
    (27) term -> . value
    (28) term -> . variable_reference
    (63) variable_reference -> . VAR_ACCESS
    (64) variable_reference -> . VAR_ACCESS DOT IDENTIFIER
    (31) meta_event -> . meta_mode LANGLE IDENTIFIER RANGLE
    (32) meta_event -> . meta_mode LANGLE IDENTIFIER DOUBLE_COLON IDENTIFIER RANGLE
    (71) task_name -> . IDENTIFIER
    (72) task_name -> . IDENTIFIER LBRACKET assigment_expression_group RBRACKET
    (41) value -> . list
    (42) value -> . map
    (43) value -> . arithmetic_expr
    (44) value -> . null_value
    (45) value -> . comparison_expression
    (46) value -> . ternary_expression
    (47) value -> . null_coalesce_expression
    (33) meta_mode -> . MAP
    (34) meta_mode -> . FILTER
    (35) meta_mode -> . REDUCE
    (36) meta_mode -> . FOREACH
    (37) meta_mode -> . FLATMAP
    (38) meta_mode -> . FANOUT
    (53) list -> . LBRACKET list_elements RBRACKET
    (48) map -> . LCURLY_BRACKET map_entries RCURLY_BRACKET
    (82) arithmetic_expr -> . logical_or_expression
    (62) null_value -> . NULL
    (17) comparison_expression -> . expression EQ expression
    (18) comparison_expression -> . expression NE expression
    (19) comparison_expression -> . expression LANGLE expression
    (20) comparison_expression -> . expression RANGLE expression
    (21) comparison_expression -> . expression LE expression
    (22) comparison_expression -> . expression GE expression
    (16) ternary_expression -> . comparison_expression QUESTION expression COLON expression
    (23) null_coalesce_expression -> . expression NULLCOALESCE expression
    (83) logical_or_expression -> . logical_or_expression PARALLEL logical_and_expression
    (84) logical_or_expression -> . logical_and_expression
    (85) logical_and_expression -> . logical_and_expression LOGICAL_AND bitwise_or_expression
    (86) logical_and_expression -> . bitwise_or_expression
    (87) bitwise_or_expression -> . bitwise_or_expression BITWISE_OR bitwise_xor_expression
    (88) bitwise_or_expression -> . bitwise_xor_expression
    (89) bitwise_xor_expression -> . bitwise_xor_expression BITWISE_XOR bitwise_and_expression
    (90) bitwise_xor_expression -> . bitwise_and_expression
    (91) bitwise_and_expression -> . bitwise_and_expression BITWISE_AND arith_comparison_expression
    (92) bitwise_and_expression -> . arith_comparison_expression
    (93) arith_comparison_expression -> . arith_comparison_expression EQ shift_expression
    (94) arith_comparison_expression -> . arith_comparison_expression NE shift_expression
    (95) arith_comparison_expression -> . arith_comparison_expression LANGLE shift_expression
    (96) arith_comparison_expression -> . arith_comparison_expression RANGLE shift_expression
    (97) arith_comparison_expression -> . arith_comparison_expression LE shift_expression
    (98) arith_comparison_expression -> . arith_comparison_expression GE shift_expression
    (99) arith_comparison_expression -> . shift_expression
    (100) shift_expression -> . shift_expression LSHL additive_expression
    (101) shift_expression -> . shift_expression LSHR additive_expression
    (102) shift_expression -> . shift_expression ASHR additive_expression
    (103) shift_expression -> . additive_expression
    (104) additive_expression -> . additive_expression PLUS multiplicative_expression
    (105) additive_expression -> . additive_expression MINUS multiplicative_expression
    (106) additive_expression -> . multiplicative_expression
    (107) multiplicative_expression -> . multiplicative_expression DIV unary_expression
    (108) multiplicative_expression -> . multiplicative_expression MOD unary_expression
    (109) multiplicative_expression -> . multiplicative_expression RETRY unary_expression
    (110) multiplicative_expression -> . unary_expression
    (111) unary_expression -> . LOGICAL_NOT unary_expression
    (112) unary_expression -> . BITWISE_NOT unary_expression
    (113) unary_expression -> . MINUS unary_expression
    (114) unary_expression -> . primary_expression
    (115) primary_expression -> . LPAREN arithmetic_expr RPAREN
    (116) primary_expression -> . arithmetic_factor
    (117) arithmetic_factor -> . INT
    (118) arithmetic_factor -> . FLOAT
    (119) arithmetic_factor -> . STRING_LITERAL
    (120) arithmetic_factor -> . variable_reference

    INT             shift and go to state 14
    FLOAT           shift and go to state 15
    IDENTIFIER      shift and go to state 20
    LCURLY_BRACKET  shift and go to state 22
    VAR_ACCESS      shift and go to state 23
    MAP             shift and go to state 32
    FILTER          shift and go to state 33
    REDUCE          shift and go to state 34
    FOREACH         shift and go to state 35
    FLATMAP         shift and go to state 36
    FANOUT          shift and go to state 37
    LBRACKET        shift and go to state 18
    NULL            shift and go to state 39
    LOGICAL_NOT     shift and go to state 50
    BITWISE_NOT     shift and go to state 51
    MINUS           shift and go to state 48
    LPAREN          shift and go to state 21
    STRING_LITERAL  shift and go to state 54

    expression                     shift and go to state 86
    descriptor                     shift and go to state 9
    factor                         shift and go to state 10
    task                           shift and go to state 11
    expression_groupings           shift and go to state 12
    term                           shift and go to state 13
    variable_reference             shift and go to state 16
    meta_event                     shift and go to state 17
    task_name                      shift and go to state 19
    value                          shift and go to state 8
    meta_mode                      shift and go to state 24
    list                           shift and go to state 25
    map                            shift and go to state 26
    arithmetic_expr                shift and go to state 27
    null_value                     shift and go to state 28
    comparison_expression          shift and go to state 29
    ternary_expression             shift and go to state 30
    null_coalesce_expression       shift and go to state 31
    logical_or_expression          shift and go to state 38
    logical_and_expression         shift and go to state 40
    bitwise_or_expression          shift and go to state 41
    bitwise_xor_expression         shift and go to state 42
    bitwise_and_expression         shift and go to state 43
    arith_comparison_expression    shift and go to state 44
    shift_expression               shift and go to state 45
    additive_expression            shift and go to state 46
    multiplicative_expression      shift and go to state 47
    unary_expression               shift and go to state 49
    primary_expression             shift and go to state 52
    arithmetic_factor              shift and go to state 53

state 137

    (13) expression -> task RETRY factor .

    POINTER         reduce using rule 13 (expression -> task RETRY factor .)
    PPOINTER        reduce using rule 13 (expression -> task RETRY factor .)
    PARALLEL        reduce using rule 13 (expression -> task RETRY factor .)
    EQ              reduce using rule 13 (expression -> task RETRY factor .)
    NE              reduce using rule 13 (expression -> task RETRY factor .)
    LANGLE          reduce using rule 13 (expression -> task RETRY factor .)
    RANGLE          reduce using rule 13 (expression -> task RETRY factor .)
    LE              reduce using rule 13 (expression -> task RETRY factor .)
    GE              reduce using rule 13 (expression -> task RETRY factor .)
    NULLCOALESCE    reduce using rule 13 (expression -> task RETRY factor .)
    VAR_DECL        reduce using rule 13 (expression -> task RETRY factor .)
    INT             reduce using rule 13 (expression -> task RETRY factor .)
    FLOAT           reduce using rule 13 (expression -> task RETRY factor .)
    IDENTIFIER      reduce using rule 13 (expression -> task RETRY factor .)
    LCURLY_BRACKET  reduce using rule 13 (expression -> task RETRY factor .)
    VAR_ACCESS      reduce using rule 13 (expression -> task RETRY factor .)
    MAP             reduce using rule 13 (expression -> task RETRY factor .)
    FILTER          reduce using rule 13 (expression -> task RETRY factor .)
    REDUCE          reduce using rule 13 (expression -> task RETRY factor .)
    FOREACH         reduce using rule 13 (expression -> task RETRY factor .)
    FLATMAP         reduce using rule 13 (expression -> task RETRY factor .)
    FANOUT          reduce using rule 13 (expression -> task RETRY factor .)
    LBRACKET        reduce using rule 13 (expression -> task RETRY factor .)
    NULL            reduce using rule 13 (expression -> task RETRY factor .)
    LOGICAL_NOT     reduce using rule 13 (expression -> task RETRY factor .)
    BITWISE_NOT     reduce using rule 13 (expression -> task RETRY factor .)
    MINUS           reduce using rule 13 (expression -> task RETRY factor .)
    LPAREN          reduce using rule 13 (expression -> task RETRY factor .)
    STRING_LITERAL  reduce using rule 13 (expression -> task RETRY factor .)
    $end            reduce using rule 13 (expression -> task RETRY factor .)
    RCURLY_BRACKET  reduce using rule 13 (expression -> task RETRY factor .)
    QUESTION        reduce using rule 13 (expression -> task RETRY factor .)
    RBRACKET        reduce using rule 13 (expression -> task RETRY factor .)
    SEPARATOR       reduce using rule 13 (expression -> task RETRY factor .)
    COLON           reduce using rule 13 (expression -> task RETRY factor .)
    RPAREN          reduce using rule 13 (expression -> task RETRY factor .)


state 138

    (66) factor -> INT .

    POINTER         reduce using rule 66 (factor -> INT .)
    PPOINTER        reduce using rule 66 (factor -> INT .)
    PARALLEL        reduce using rule 66 (factor -> INT .)
    EQ              reduce using rule 66 (factor -> INT .)
    NE              reduce using rule 66 (factor -> INT .)
    LANGLE          reduce using rule 66 (factor -> INT .)
    RANGLE          reduce using rule 66 (factor -> INT .)
    LE              reduce using rule 66 (factor -> INT .)
    GE              reduce using rule 66 (factor -> INT .)
    NULLCOALESCE    reduce using rule 66 (factor -> INT .)
    VAR_DECL        reduce using rule 66 (factor -> INT .)
    INT             reduce using rule 66 (factor -> INT .)
    FLOAT           reduce using rule 66 (factor -> INT .)
    IDENTIFIER      reduce using rule 66 (factor -> INT .)
    LCURLY_BRACKET  reduce using rule 66 (factor -> INT .)
    VAR_ACCESS      reduce using rule 66 (factor -> INT .)
    MAP             reduce using rule 66 (factor -> INT .)
    FILTER          reduce using rule 66 (factor -> INT .)
    REDUCE          reduce using rule 66 (factor -> INT .)
    FOREACH         reduce using rule 66 (factor -> INT .)
    FLATMAP         reduce using rule 66 (factor -> INT .)
    FANOUT          reduce using rule 66 (factor -> INT .)
    LBRACKET        reduce using rule 66 (factor -> INT .)
    NULL            reduce using rule 66 (factor -> INT .)
    LOGICAL_NOT     reduce using rule 66 (factor -> INT .)
    BITWISE_NOT     reduce using rule 66 (factor -> INT .)
    MINUS           reduce using rule 66 (factor -> INT .)
    LPAREN          reduce using rule 66 (factor -> INT .)
    STRING_LITERAL  reduce using rule 66 (factor -> INT .)
    $end            reduce using rule 66 (factor -> INT .)
    RCURLY_BRACKET  reduce using rule 66 (factor -> INT .)
    QUESTION        reduce using rule 66 (factor -> INT .)
    RBRACKET        reduce using rule 66 (factor -> INT .)
    SEPARATOR       reduce using rule 66 (factor -> INT .)
    COLON           reduce using rule 66 (factor -> INT .)
    RPAREN          reduce using rule 66 (factor -> INT .)


state 139

    (67) factor -> FLOAT .

    POINTER         reduce using rule 67 (factor -> FLOAT .)
    PPOINTER        reduce using rule 67 (factor -> FLOAT .)
    PARALLEL        reduce using rule 67 (factor -> FLOAT .)
    EQ              reduce using rule 67 (factor -> FLOAT .)
    NE              reduce using rule 67 (factor -> FLOAT .)
    LANGLE          reduce using rule 67 (factor -> FLOAT .)
    RANGLE          reduce using rule 67 (factor -> FLOAT .)
    LE              reduce using rule 67 (factor -> FLOAT .)
    GE              reduce using rule 67 (factor -> FLOAT .)
    NULLCOALESCE    reduce using rule 67 (factor -> FLOAT .)
    VAR_DECL        reduce using rule 67 (factor -> FLOAT .)
    INT             reduce using rule 67 (factor -> FLOAT .)
    FLOAT           reduce using rule 67 (factor -> FLOAT .)
    IDENTIFIER      reduce using rule 67 (factor -> FLOAT .)
    LCURLY_BRACKET  reduce using rule 67 (factor -> FLOAT .)
    VAR_ACCESS      reduce using rule 67 (factor -> FLOAT .)
    MAP             reduce using rule 67 (factor -> FLOAT .)
    FILTER          reduce using rule 67 (factor -> FLOAT .)
    REDUCE          reduce using rule 67 (factor -> FLOAT .)
    FOREACH         reduce using rule 67 (factor -> FLOAT .)
    FLATMAP         reduce using rule 67 (factor -> FLOAT .)
    FANOUT          reduce using rule 67 (factor -> FLOAT .)
    LBRACKET        reduce using rule 67 (factor -> FLOAT .)
    NULL            reduce using rule 67 (factor -> FLOAT .)
    LOGICAL_NOT     reduce using rule 67 (factor -> FLOAT .)
    BITWISE_NOT     reduce using rule 67 (factor -> FLOAT .)
    MINUS           reduce using rule 67 (factor -> FLOAT .)
    LPAREN          reduce using rule 67 (factor -> FLOAT .)
    STRING_LITERAL  reduce using rule 67 (factor -> FLOAT .)
    $end            reduce using rule 67 (factor -> FLOAT .)
    RCURLY_BRACKET  reduce using rule 67 (factor -> FLOAT .)
    QUESTION        reduce using rule 67 (factor -> FLOAT .)
    RBRACKET        reduce using rule 67 (factor -> FLOAT .)
    SEPARATOR       reduce using rule 67 (factor -> FLOAT .)
    COLON           reduce using rule 67 (factor -> FLOAT .)
    RPAREN          reduce using rule 67 (factor -> FLOAT .)


state 140

    (68) factor -> variable_reference .

    POINTER         reduce using rule 68 (factor -> variable_reference .)
    PPOINTER        reduce using rule 68 (factor -> variable_reference .)
    PARALLEL        reduce using rule 68 (factor -> variable_reference .)
    EQ              reduce using rule 68 (factor -> variable_reference .)
    NE              reduce using rule 68 (factor -> variable_reference .)
    LANGLE          reduce using rule 68 (factor -> variable_reference .)
    RANGLE          reduce using rule 68 (factor -> variable_reference .)
    LE              reduce using rule 68 (factor -> variable_reference .)
    GE              reduce using rule 68 (factor -> variable_reference .)
    NULLCOALESCE    reduce using rule 68 (factor -> variable_reference .)
    VAR_DECL        reduce using rule 68 (factor -> variable_reference .)
    INT             reduce using rule 68 (factor -> variable_reference .)
    FLOAT           reduce using rule 68 (factor -> variable_reference .)
    IDENTIFIER      reduce using rule 68 (factor -> variable_reference .)
    LCURLY_BRACKET  reduce using rule 68 (factor -> variable_reference .)
    VAR_ACCESS      reduce using rule 68 (factor -> variable_reference .)
    MAP             reduce using rule 68 (factor -> variable_reference .)
    FILTER          reduce using rule 68 (factor -> variable_reference .)
    REDUCE          reduce using rule 68 (factor -> variable_reference .)
    FOREACH         reduce using rule 68 (factor -> variable_reference .)
    FLATMAP         reduce using rule 68 (factor -> variable_reference .)
    FANOUT          reduce using rule 68 (factor -> variable_reference .)
    LBRACKET        reduce using rule 68 (factor -> variable_reference .)
    NULL            reduce using rule 68 (factor -> variable_reference .)
    LOGICAL_NOT     reduce using rule 68 (factor -> variable_reference .)
    BITWISE_NOT     reduce using rule 68 (factor -> variable_reference .)
    MINUS           reduce using rule 68 (factor -> variable_reference .)
    LPAREN          reduce using rule 68 (factor -> variable_reference .)
    STRING_LITERAL  reduce using rule 68 (factor -> variable_reference .)
    $end            reduce using rule 68 (factor -> variable_reference .)
    RCURLY_BRACKET  reduce using rule 68 (factor -> variable_reference .)
    QUESTION        reduce using rule 68 (factor -> variable_reference .)
    RBRACKET        reduce using rule 68 (factor -> variable_reference .)
    SEPARATOR       reduce using rule 68 (factor -> variable_reference .)
    COLON           reduce using rule 68 (factor -> variable_reference .)
    RPAREN          reduce using rule 68 (factor -> variable_reference .)


state 141

    (75) task -> task LPAREN conditional_group . RPAREN
    (74) conditional_group -> conditional_group . SEPARATOR expression

    RPAREN          shift and go to state 179
    SEPARATOR       shift and go to state 180


state 142

    (73) conditional_group -> expression . SEPARATOR expression
    (7) expression -> expression . POINTER expression
    (8) expression -> expression . PPOINTER expression
    (9) expression -> expression . PARALLEL expression
    (17) comparison_expression -> expression . EQ expression
    (18) comparison_expression -> expression . NE expression
    (19) comparison_expression -> expression . LANGLE expression
    (20) comparison_expression -> expression . RANGLE expression
    (21) comparison_expression -> expression . LE expression
    (22) comparison_expression -> expression . GE expression
    (23) null_coalesce_expression -> expression . NULLCOALESCE expression

    SEPARATOR       shift and go to state 181
    POINTER         shift and go to state 56
    PPOINTER        shift and go to state 57
    PARALLEL        shift and go to state 58
    EQ              shift and go to state 59
    NE              shift and go to state 60
    LANGLE          shift and go to state 61
    RANGLE          shift and go to state 62
    LE              shift and go to state 63
    GE              shift and go to state 64
    NULLCOALESCE    shift and go to state 65


state 143

    (14) expression -> expression_groupings RETRY factor .

    POINTER         reduce using rule 14 (expression -> expression_groupings RETRY factor .)
    PPOINTER        reduce using rule 14 (expression -> expression_groupings RETRY factor .)
    PARALLEL        reduce using rule 14 (expression -> expression_groupings RETRY factor .)
    EQ              reduce using rule 14 (expression -> expression_groupings RETRY factor .)
    NE              reduce using rule 14 (expression -> expression_groupings RETRY factor .)
    LANGLE          reduce using rule 14 (expression -> expression_groupings RETRY factor .)
    RANGLE          reduce using rule 14 (expression -> expression_groupings RETRY factor .)
    LE              reduce using rule 14 (expression -> expression_groupings RETRY factor .)
    GE              reduce using rule 14 (expression -> expression_groupings RETRY factor .)
    NULLCOALESCE    reduce using rule 14 (expression -> expression_groupings RETRY factor .)
    VAR_DECL        reduce using rule 14 (expression -> expression_groupings RETRY factor .)
    INT             reduce using rule 14 (expression -> expression_groupings RETRY factor .)
    FLOAT           reduce using rule 14 (expression -> expression_groupings RETRY factor .)
    IDENTIFIER      reduce using rule 14 (expression -> expression_groupings RETRY factor .)
    LCURLY_BRACKET  reduce using rule 14 (expression -> expression_groupings RETRY factor .)
    VAR_ACCESS      reduce using rule 14 (expression -> expression_groupings RETRY factor .)
    MAP             reduce using rule 14 (expression -> expression_groupings RETRY factor .)
    FILTER          reduce using rule 14 (expression -> expression_groupings RETRY factor .)
    REDUCE          reduce using rule 14 (expression -> expression_groupings RETRY factor .)
    FOREACH         reduce using rule 14 (expression -> expression_groupings RETRY factor .)
    FLATMAP         reduce using rule 14 (expression -> expression_groupings RETRY factor .)
    FANOUT          reduce using rule 14 (expression -> expression_groupings RETRY factor .)
    LBRACKET        reduce using rule 14 (expression -> expression_groupings RETRY factor .)
    NULL            reduce using rule 14 (expression -> expression_groupings RETRY factor .)
    LOGICAL_NOT     reduce using rule 14 (expression -> expression_groupings RETRY factor .)
    BITWISE_NOT     reduce using rule 14 (expression -> expression_groupings RETRY factor .)
    MINUS           reduce using rule 14 (expression -> expression_groupings RETRY factor .)
    LPAREN          reduce using rule 14 (expression -> expression_groupings RETRY factor .)
    STRING_LITERAL  reduce using rule 14 (expression -> expression_groupings RETRY factor .)
    $end            reduce using rule 14 (expression -> expression_groupings RETRY factor .)
    RCURLY_BRACKET  reduce using rule 14 (expression -> expression_groupings RETRY factor .)
    QUESTION        reduce using rule 14 (expression -> expression_groupings RETRY factor .)
    RBRACKET        reduce using rule 14 (expression -> expression_groupings RETRY factor .)
    SEPARATOR       reduce using rule 14 (expression -> expression_groupings RETRY factor .)
    COLON           reduce using rule 14 (expression -> expression_groupings RETRY factor .)
    RPAREN          reduce using rule 14 (expression -> expression_groupings RETRY factor .)


state 144

    (30) task -> meta_event LBRACKET assigment_expression_group . RBRACKET
    (79) assigment_expression_group -> assigment_expression_group . SEPARATOR assignment_expression

    RBRACKET        shift and go to state 182
    SEPARATOR       shift and go to state 183


state 145

    (77) assigment_expression_group -> assignment_expression .
    (78) assigment_expression_group -> assignment_expression . SEPARATOR assignment_expression

  ! shift/reduce conflict for SEPARATOR resolved as shift
    RBRACKET        reduce using rule 77 (assigment_expression_group -> assignment_expression .)
    SEPARATOR       shift and go to state 184

  ! SEPARATOR       [ reduce using rule 77 (assigment_expression_group -> assignment_expression .) ]


state 146

    (76) assignment_expression -> IDENTIFIER . ASSIGN value

    ASSIGN          shift and go to state 185


state 147

    (53) list -> LBRACKET list_elements RBRACKET .

    POINTER         reduce using rule 53 (list -> LBRACKET list_elements RBRACKET .)
    PPOINTER        reduce using rule 53 (list -> LBRACKET list_elements RBRACKET .)
    PARALLEL        reduce using rule 53 (list -> LBRACKET list_elements RBRACKET .)
    EQ              reduce using rule 53 (list -> LBRACKET list_elements RBRACKET .)
    NE              reduce using rule 53 (list -> LBRACKET list_elements RBRACKET .)
    LANGLE          reduce using rule 53 (list -> LBRACKET list_elements RBRACKET .)
    RANGLE          reduce using rule 53 (list -> LBRACKET list_elements RBRACKET .)
    LE              reduce using rule 53 (list -> LBRACKET list_elements RBRACKET .)
    GE              reduce using rule 53 (list -> LBRACKET list_elements RBRACKET .)
    NULLCOALESCE    reduce using rule 53 (list -> LBRACKET list_elements RBRACKET .)
    VAR_DECL        reduce using rule 53 (list -> LBRACKET list_elements RBRACKET .)
    INT             reduce using rule 53 (list -> LBRACKET list_elements RBRACKET .)
    FLOAT           reduce using rule 53 (list -> LBRACKET list_elements RBRACKET .)
    IDENTIFIER      reduce using rule 53 (list -> LBRACKET list_elements RBRACKET .)
    LCURLY_BRACKET  reduce using rule 53 (list -> LBRACKET list_elements RBRACKET .)
    VAR_ACCESS      reduce using rule 53 (list -> LBRACKET list_elements RBRACKET .)
    MAP             reduce using rule 53 (list -> LBRACKET list_elements RBRACKET .)
    FILTER          reduce using rule 53 (list -> LBRACKET list_elements RBRACKET .)
    REDUCE          reduce using rule 53 (list -> LBRACKET list_elements RBRACKET .)
    FOREACH         reduce using rule 53 (list -> LBRACKET list_elements RBRACKET .)
    FLATMAP         reduce using rule 53 (list -> LBRACKET list_elements RBRACKET .)
    FANOUT          reduce using rule 53 (list -> LBRACKET list_elements RBRACKET .)
    LBRACKET        reduce using rule 53 (list -> LBRACKET list_elements RBRACKET .)
    NULL            reduce using rule 53 (list -> LBRACKET list_elements RBRACKET .)
    LOGICAL_NOT     reduce using rule 53 (list -> LBRACKET list_elements RBRACKET .)
    BITWISE_NOT     reduce using rule 53 (list -> LBRACKET list_elements RBRACKET .)
    MINUS           reduce using rule 53 (list -> LBRACKET list_elements RBRACKET .)
    LPAREN          reduce using rule 53 (list -> LBRACKET list_elements RBRACKET .)
    STRING_LITERAL  reduce using rule 53 (list -> LBRACKET list_elements RBRACKET .)
    $end            reduce using rule 53 (list -> LBRACKET list_elements RBRACKET .)
    RBRACKET        reduce using rule 53 (list -> LBRACKET list_elements RBRACKET .)
    SEPARATOR       reduce using rule 53 (list -> LBRACKET list_elements RBRACKET .)
    RCURLY_BRACKET  reduce using rule 53 (list -> LBRACKET list_elements RBRACKET .)
    QUESTION        reduce using rule 53 (list -> LBRACKET list_elements RBRACKET .)
    COLON           reduce using rule 53 (list -> LBRACKET list_elements RBRACKET .)
    RPAREN          reduce using rule 53 (list -> LBRACKET list_elements RBRACKET .)


state 148

    (55) list_elements -> list_elements SEPARATOR . value
    (41) value -> . list
    (42) value -> . map
    (43) value -> . arithmetic_expr
    (44) value -> . null_value
    (45) value -> . comparison_expression
    (46) value -> . ternary_expression
    (47) value -> . null_coalesce_expression
    (53) list -> . LBRACKET list_elements RBRACKET
    (48) map -> . LCURLY_BRACKET map_entries RCURLY_BRACKET
    (82) arithmetic_expr -> . logical_or_expression
    (62) null_value -> . NULL
    (17) comparison_expression -> . expression EQ expression
    (18) comparison_expression -> . expression NE expression
    (19) comparison_expression -> . expression LANGLE expression
    (20) comparison_expression -> . expression RANGLE expression
    (21) comparison_expression -> . expression LE expression
    (22) comparison_expression -> . expression GE expression
    (16) ternary_expression -> . comparison_expression QUESTION expression COLON expression
    (23) null_coalesce_expression -> . expression NULLCOALESCE expression
    (83) logical_or_expression -> . logical_or_expression PARALLEL logical_and_expression
    (84) logical_or_expression -> . logical_and_expression
    (7) expression -> . expression POINTER expression
    (8) expression -> . expression PPOINTER expression
    (9) expression -> . expression PARALLEL expression
    (10) expression -> . descriptor POINTER expression
    (11) expression -> . descriptor PPOINTER expression
    (12) expression -> . factor RETRY task
    (13) expression -> . task RETRY factor
    (14) expression -> . expression_groupings RETRY factor
    (15) expression -> . factor RETRY expression_groupings
    (24) expression -> . term
    (85) logical_and_expression -> . logical_and_expression LOGICAL_AND bitwise_or_expression
    (86) logical_and_expression -> . bitwise_or_expression
    (65) descriptor -> . INT
    (66) factor -> . INT
    (67) factor -> . FLOAT
    (68) factor -> . variable_reference
    (29) task -> . meta_event
    (30) task -> . meta_event LBRACKET assigment_expression_group RBRACKET
    (69) task -> . task_name
    (70) task -> . IDENTIFIER DOUBLE_COLON task_name
    (75) task -> . task LPAREN conditional_group RPAREN
    (80) expression_groupings -> . LCURLY_BRACKET expression RCURLY_BRACKET
    (81) expression_groupings -> . LCURLY_BRACKET expression RCURLY_BRACKET LBRACKET assigment_expression_group RBRACKET
    (25) term -> . task
    (26) term -> . expression_groupings
    (27) term -> . value
    (28) term -> . variable_reference
    (87) bitwise_or_expression -> . bitwise_or_expression BITWISE_OR bitwise_xor_expression
    (88) bitwise_or_expression -> . bitwise_xor_expression
    (63) variable_reference -> . VAR_ACCESS
    (64) variable_reference -> . VAR_ACCESS DOT IDENTIFIER
    (31) meta_event -> . meta_mode LANGLE IDENTIFIER RANGLE
    (32) meta_event -> . meta_mode LANGLE IDENTIFIER DOUBLE_COLON IDENTIFIER RANGLE
    (71) task_name -> . IDENTIFIER
    (72) task_name -> . IDENTIFIER LBRACKET assigment_expression_group RBRACKET
    (89) bitwise_xor_expression -> . bitwise_xor_expression BITWISE_XOR bitwise_and_expression
    (90) bitwise_xor_expression -> . bitwise_and_expression
    (33) meta_mode -> . MAP
    (34) meta_mode -> . FILTER
    (35) meta_mode -> . REDUCE
    (36) meta_mode -> . FOREACH
    (37) meta_mode -> . FLATMAP
    (38) meta_mode -> . FANOUT
    (91) bitwise_and_expression -> . bitwise_and_expression BITWISE_AND arith_comparison_expression
    (92) bitwise_and_expression -> . arith_comparison_expression
    (93) arith_comparison_expression -> . arith_comparison_expression EQ shift_expression
    (94) arith_comparison_expression -> . arith_comparison_expression NE shift_expression
    (95) arith_comparison_expression -> . arith_comparison_expression LANGLE shift_expression
    (96) arith_comparison_expression -> . arith_comparison_expression RANGLE shift_expression
    (97) arith_comparison_expression -> . arith_comparison_expression LE shift_expression
    (98) arith_comparison_expression -> . arith_comparison_expression GE shift_expression
    (99) arith_comparison_expression -> . shift_expression
    (100) shift_expression -> . shift_expression LSHL additive_expression
    (101) shift_expression -> . shift_expression LSHR additive_expression
    (102) shift_expression -> . shift_expression ASHR additive_expression
    (103) shift_expression -> . additive_expression
    (104) additive_expression -> . additive_expression PLUS multiplicative_expression
    (105) additive_expression -> . additive_expression MINUS multiplicative_expression
    (106) additive_expression -> . multiplicative_expression
    (107) multiplicative_expression -> . multiplicative_expression DIV unary_expression
    (108) multiplicative_expression -> . multiplicative_expression MOD unary_expression
    (109) multiplicative_expression -> . multiplicative_expression RETRY unary_expression
    (110) multiplicative_expression -> . unary_expression
    (111) unary_expression -> . LOGICAL_NOT unary_expression
    (112) unary_expression -> . BITWISE_NOT unary_expression
    (113) unary_expression -> . MINUS unary_expression
    (114) unary_expression -> . primary_expression
    (115) primary_expression -> . LPAREN arithmetic_expr RPAREN
    (116) primary_expression -> . arithmetic_factor
    (117) arithmetic_factor -> . INT
    (118) arithmetic_factor -> . FLOAT
    (119) arithmetic_factor -> . STRING_LITERAL
    (120) arithmetic_factor -> . variable_reference

    LBRACKET        shift and go to state 18
    LCURLY_BRACKET  shift and go to state 78
    NULL            shift and go to state 39
    INT             shift and go to state 14
    FLOAT           shift and go to state 15
    IDENTIFIER      shift and go to state 20
    VAR_ACCESS      shift and go to state 23
    MAP             shift and go to state 32
    FILTER          shift and go to state 33
    REDUCE          shift and go to state 34
    FOREACH         shift and go to state 35
    FLATMAP         shift and go to state 36
    FANOUT          shift and go to state 37
    LOGICAL_NOT     shift and go to state 50
    BITWISE_NOT     shift and go to state 51
    MINUS           shift and go to state 48
    LPAREN          shift and go to state 21
    STRING_LITERAL  shift and go to state 54

    value                          shift and go to state 186
    list                           shift and go to state 25
    map                            shift and go to state 26
    arithmetic_expr                shift and go to state 27
    null_value                     shift and go to state 28
    comparison_expression          shift and go to state 29
    ternary_expression             shift and go to state 30
    null_coalesce_expression       shift and go to state 31
    logical_or_expression          shift and go to state 38
    expression                     shift and go to state 79
    logical_and_expression         shift and go to state 40
    descriptor                     shift and go to state 9
    factor                         shift and go to state 10
    task                           shift and go to state 11
    expression_groupings           shift and go to state 12
    term                           shift and go to state 13
    bitwise_or_expression          shift and go to state 41
    variable_reference             shift and go to state 16
    meta_event                     shift and go to state 17
    task_name                      shift and go to state 19
    bitwise_xor_expression         shift and go to state 42
    meta_mode                      shift and go to state 24
    bitwise_and_expression         shift and go to state 43
    arith_comparison_expression    shift and go to state 44
    shift_expression               shift and go to state 45
    additive_expression            shift and go to state 46
    multiplicative_expression      shift and go to state 47
    unary_expression               shift and go to state 49
    primary_expression             shift and go to state 52
    arithmetic_factor              shift and go to state 53

state 149

    (71) task_name -> IDENTIFIER .
    (72) task_name -> IDENTIFIER . LBRACKET assigment_expression_group RBRACKET

  ! shift/reduce conflict for LBRACKET resolved as shift
    RETRY           reduce using rule 71 (task_name -> IDENTIFIER .)
    LPAREN          reduce using rule 71 (task_name -> IDENTIFIER .)
    POINTER         reduce using rule 71 (task_name -> IDENTIFIER .)
    PPOINTER        reduce using rule 71 (task_name -> IDENTIFIER .)
    PARALLEL        reduce using rule 71 (task_name -> IDENTIFIER .)
    EQ              reduce using rule 71 (task_name -> IDENTIFIER .)
    NE              reduce using rule 71 (task_name -> IDENTIFIER .)
    LANGLE          reduce using rule 71 (task_name -> IDENTIFIER .)
    RANGLE          reduce using rule 71 (task_name -> IDENTIFIER .)
    LE              reduce using rule 71 (task_name -> IDENTIFIER .)
    GE              reduce using rule 71 (task_name -> IDENTIFIER .)
    NULLCOALESCE    reduce using rule 71 (task_name -> IDENTIFIER .)
    VAR_DECL        reduce using rule 71 (task_name -> IDENTIFIER .)
    INT             reduce using rule 71 (task_name -> IDENTIFIER .)
    FLOAT           reduce using rule 71 (task_name -> IDENTIFIER .)
    IDENTIFIER      reduce using rule 71 (task_name -> IDENTIFIER .)
    LCURLY_BRACKET  reduce using rule 71 (task_name -> IDENTIFIER .)
    VAR_ACCESS      reduce using rule 71 (task_name -> IDENTIFIER .)
    MAP             reduce using rule 71 (task_name -> IDENTIFIER .)
    FILTER          reduce using rule 71 (task_name -> IDENTIFIER .)
    REDUCE          reduce using rule 71 (task_name -> IDENTIFIER .)
    FOREACH         reduce using rule 71 (task_name -> IDENTIFIER .)
    FLATMAP         reduce using rule 71 (task_name -> IDENTIFIER .)
    FANOUT          reduce using rule 71 (task_name -> IDENTIFIER .)
    NULL            reduce using rule 71 (task_name -> IDENTIFIER .)
    LOGICAL_NOT     reduce using rule 71 (task_name -> IDENTIFIER .)
    BITWISE_NOT     reduce using rule 71 (task_name -> IDENTIFIER .)
    MINUS           reduce using rule 71 (task_name -> IDENTIFIER .)
    STRING_LITERAL  reduce using rule 71 (task_name -> IDENTIFIER .)
    $end            reduce using rule 71 (task_name -> IDENTIFIER .)
    RCURLY_BRACKET  reduce using rule 71 (task_name -> IDENTIFIER .)
    QUESTION        reduce using rule 71 (task_name -> IDENTIFIER .)
    RBRACKET        reduce using rule 71 (task_name -> IDENTIFIER .)
    SEPARATOR       reduce using rule 71 (task_name -> IDENTIFIER .)
    COLON           reduce using rule 71 (task_name -> IDENTIFIER .)
    RPAREN          reduce using rule 71 (task_name -> IDENTIFIER .)
    LBRACKET        shift and go to state 81

  ! LBRACKET        [ reduce using rule 71 (task_name -> IDENTIFIER .) ]


state 150

    (70) task -> IDENTIFIER DOUBLE_COLON task_name .

    RETRY           reduce using rule 70 (task -> IDENTIFIER DOUBLE_COLON task_name .)
    LPAREN          reduce using rule 70 (task -> IDENTIFIER DOUBLE_COLON task_name .)
    POINTER         reduce using rule 70 (task -> IDENTIFIER DOUBLE_COLON task_name .)
    PPOINTER        reduce using rule 70 (task -> IDENTIFIER DOUBLE_COLON task_name .)
    PARALLEL        reduce using rule 70 (task -> IDENTIFIER DOUBLE_COLON task_name .)
    EQ              reduce using rule 70 (task -> IDENTIFIER DOUBLE_COLON task_name .)
    NE              reduce using rule 70 (task -> IDENTIFIER DOUBLE_COLON task_name .)
    LANGLE          reduce using rule 70 (task -> IDENTIFIER DOUBLE_COLON task_name .)
    RANGLE          reduce using rule 70 (task -> IDENTIFIER DOUBLE_COLON task_name .)
    LE              reduce using rule 70 (task -> IDENTIFIER DOUBLE_COLON task_name .)
    GE              reduce using rule 70 (task -> IDENTIFIER DOUBLE_COLON task_name .)
    NULLCOALESCE    reduce using rule 70 (task -> IDENTIFIER DOUBLE_COLON task_name .)
    VAR_DECL        reduce using rule 70 (task -> IDENTIFIER DOUBLE_COLON task_name .)
    INT             reduce using rule 70 (task -> IDENTIFIER DOUBLE_COLON task_name .)
    FLOAT           reduce using rule 70 (task -> IDENTIFIER DOUBLE_COLON task_name .)
    IDENTIFIER      reduce using rule 70 (task -> IDENTIFIER DOUBLE_COLON task_name .)
    LCURLY_BRACKET  reduce using rule 70 (task -> IDENTIFIER DOUBLE_COLON task_name .)
    VAR_ACCESS      reduce using rule 70 (task -> IDENTIFIER DOUBLE_COLON task_name .)
    MAP             reduce using rule 70 (task -> IDENTIFIER DOUBLE_COLON task_name .)
    FILTER          reduce using rule 70 (task -> IDENTIFIER DOUBLE_COLON task_name .)
    REDUCE          reduce using rule 70 (task -> IDENTIFIER DOUBLE_COLON task_name .)
    FOREACH         reduce using rule 70 (task -> IDENTIFIER DOUBLE_COLON task_name .)
    FLATMAP         reduce using rule 70 (task -> IDENTIFIER DOUBLE_COLON task_name .)
    FANOUT          reduce using rule 70 (task -> IDENTIFIER DOUBLE_COLON task_name .)
    LBRACKET        reduce using rule 70 (task -> IDENTIFIER DOUBLE_COLON task_name .)
    NULL            reduce using rule 70 (task -> IDENTIFIER DOUBLE_COLON task_name .)
    LOGICAL_NOT     reduce using rule 70 (task -> IDENTIFIER DOUBLE_COLON task_name .)
    BITWISE_NOT     reduce using rule 70 (task -> IDENTIFIER DOUBLE_COLON task_name .)
    MINUS           reduce using rule 70 (task -> IDENTIFIER DOUBLE_COLON task_name .)
    STRING_LITERAL  reduce using rule 70 (task -> IDENTIFIER DOUBLE_COLON task_name .)
    $end            reduce using rule 70 (task -> IDENTIFIER DOUBLE_COLON task_name .)
    RCURLY_BRACKET  reduce using rule 70 (task -> IDENTIFIER DOUBLE_COLON task_name .)
    QUESTION        reduce using rule 70 (task -> IDENTIFIER DOUBLE_COLON task_name .)
    RBRACKET        reduce using rule 70 (task -> IDENTIFIER DOUBLE_COLON task_name .)
    SEPARATOR       reduce using rule 70 (task -> IDENTIFIER DOUBLE_COLON task_name .)
    COLON           reduce using rule 70 (task -> IDENTIFIER DOUBLE_COLON task_name .)
    RPAREN          reduce using rule 70 (task -> IDENTIFIER DOUBLE_COLON task_name .)


state 151

    (72) task_name -> IDENTIFIER LBRACKET assigment_expression_group . RBRACKET
    (79) assigment_expression_group -> assigment_expression_group . SEPARATOR assignment_expression

    RBRACKET        shift and go to state 187
    SEPARATOR       shift and go to state 183


state 152

    (115) primary_expression -> LPAREN arithmetic_expr RPAREN .

    DIV             reduce using rule 115 (primary_expression -> LPAREN arithmetic_expr RPAREN .)
    MOD             reduce using rule 115 (primary_expression -> LPAREN arithmetic_expr RPAREN .)
    RETRY           reduce using rule 115 (primary_expression -> LPAREN arithmetic_expr RPAREN .)
    PLUS            reduce using rule 115 (primary_expression -> LPAREN arithmetic_expr RPAREN .)
    MINUS           reduce using rule 115 (primary_expression -> LPAREN arithmetic_expr RPAREN .)
    LSHL            reduce using rule 115 (primary_expression -> LPAREN arithmetic_expr RPAREN .)
    LSHR            reduce using rule 115 (primary_expression -> LPAREN arithmetic_expr RPAREN .)
    ASHR            reduce using rule 115 (primary_expression -> LPAREN arithmetic_expr RPAREN .)
    EQ              reduce using rule 115 (primary_expression -> LPAREN arithmetic_expr RPAREN .)
    NE              reduce using rule 115 (primary_expression -> LPAREN arithmetic_expr RPAREN .)
    LANGLE          reduce using rule 115 (primary_expression -> LPAREN arithmetic_expr RPAREN .)
    RANGLE          reduce using rule 115 (primary_expression -> LPAREN arithmetic_expr RPAREN .)
    LE              reduce using rule 115 (primary_expression -> LPAREN arithmetic_expr RPAREN .)
    GE              reduce using rule 115 (primary_expression -> LPAREN arithmetic_expr RPAREN .)
    BITWISE_AND     reduce using rule 115 (primary_expression -> LPAREN arithmetic_expr RPAREN .)
    BITWISE_XOR     reduce using rule 115 (primary_expression -> LPAREN arithmetic_expr RPAREN .)
    BITWISE_OR      reduce using rule 115 (primary_expression -> LPAREN arithmetic_expr RPAREN .)
    LOGICAL_AND     reduce using rule 115 (primary_expression -> LPAREN arithmetic_expr RPAREN .)
    PARALLEL        reduce using rule 115 (primary_expression -> LPAREN arithmetic_expr RPAREN .)
    POINTER         reduce using rule 115 (primary_expression -> LPAREN arithmetic_expr RPAREN .)
    PPOINTER        reduce using rule 115 (primary_expression -> LPAREN arithmetic_expr RPAREN .)
    NULLCOALESCE    reduce using rule 115 (primary_expression -> LPAREN arithmetic_expr RPAREN .)
    VAR_DECL        reduce using rule 115 (primary_expression -> LPAREN arithmetic_expr RPAREN .)
    INT             reduce using rule 115 (primary_expression -> LPAREN arithmetic_expr RPAREN .)
    FLOAT           reduce using rule 115 (primary_expression -> LPAREN arithmetic_expr RPAREN .)
    IDENTIFIER      reduce using rule 115 (primary_expression -> LPAREN arithmetic_expr RPAREN .)
    LCURLY_BRACKET  reduce using rule 115 (primary_expression -> LPAREN arithmetic_expr RPAREN .)
    VAR_ACCESS      reduce using rule 115 (primary_expression -> LPAREN arithmetic_expr RPAREN .)
    MAP             reduce using rule 115 (primary_expression -> LPAREN arithmetic_expr RPAREN .)
    FILTER          reduce using rule 115 (primary_expression -> LPAREN arithmetic_expr RPAREN .)
    REDUCE          reduce using rule 115 (primary_expression -> LPAREN arithmetic_expr RPAREN .)
    FOREACH         reduce using rule 115 (primary_expression -> LPAREN arithmetic_expr RPAREN .)
    FLATMAP         reduce using rule 115 (primary_expression -> LPAREN arithmetic_expr RPAREN .)
    FANOUT          reduce using rule 115 (primary_expression -> LPAREN arithmetic_expr RPAREN .)
    LBRACKET        reduce using rule 115 (primary_expression -> LPAREN arithmetic_expr RPAREN .)
    NULL            reduce using rule 115 (primary_expression -> LPAREN arithmetic_expr RPAREN .)
    LOGICAL_NOT     reduce using rule 115 (primary_expression -> LPAREN arithmetic_expr RPAREN .)
    BITWISE_NOT     reduce using rule 115 (primary_expression -> LPAREN arithmetic_expr RPAREN .)
    LPAREN          reduce using rule 115 (primary_expression -> LPAREN arithmetic_expr RPAREN .)
    STRING_LITERAL  reduce using rule 115 (primary_expression -> LPAREN arithmetic_expr RPAREN .)
    $end            reduce using rule 115 (primary_expression -> LPAREN arithmetic_expr RPAREN .)
    RBRACKET        reduce using rule 115 (primary_expression -> LPAREN arithmetic_expr RPAREN .)
    SEPARATOR       reduce using rule 115 (primary_expression -> LPAREN arithmetic_expr RPAREN .)
    RPAREN          reduce using rule 115 (primary_expression -> LPAREN arithmetic_expr RPAREN .)
    RCURLY_BRACKET  reduce using rule 115 (primary_expression -> LPAREN arithmetic_expr RPAREN .)
    QUESTION        reduce using rule 115 (primary_expression -> LPAREN arithmetic_expr RPAREN .)
    COLON           reduce using rule 115 (primary_expression -> LPAREN arithmetic_expr RPAREN .)


state 153

    (80) expression_groupings -> LCURLY_BRACKET expression RCURLY_BRACKET .
    (81) expression_groupings -> LCURLY_BRACKET expression RCURLY_BRACKET . LBRACKET assigment_expression_group RBRACKET

  ! shift/reduce conflict for LBRACKET resolved as shift
    RETRY           reduce using rule 80 (expression_groupings -> LCURLY_BRACKET expression RCURLY_BRACKET .)
    POINTER         reduce using rule 80 (expression_groupings -> LCURLY_BRACKET expression RCURLY_BRACKET .)
    PPOINTER        reduce using rule 80 (expression_groupings -> LCURLY_BRACKET expression RCURLY_BRACKET .)
    PARALLEL        reduce using rule 80 (expression_groupings -> LCURLY_BRACKET expression RCURLY_BRACKET .)
    EQ              reduce using rule 80 (expression_groupings -> LCURLY_BRACKET expression RCURLY_BRACKET .)
    NE              reduce using rule 80 (expression_groupings -> LCURLY_BRACKET expression RCURLY_BRACKET .)
    LANGLE          reduce using rule 80 (expression_groupings -> LCURLY_BRACKET expression RCURLY_BRACKET .)
    RANGLE          reduce using rule 80 (expression_groupings -> LCURLY_BRACKET expression RCURLY_BRACKET .)
    LE              reduce using rule 80 (expression_groupings -> LCURLY_BRACKET expression RCURLY_BRACKET .)
    GE              reduce using rule 80 (expression_groupings -> LCURLY_BRACKET expression RCURLY_BRACKET .)
    NULLCOALESCE    reduce using rule 80 (expression_groupings -> LCURLY_BRACKET expression RCURLY_BRACKET .)
    VAR_DECL        reduce using rule 80 (expression_groupings -> LCURLY_BRACKET expression RCURLY_BRACKET .)
    INT             reduce using rule 80 (expression_groupings -> LCURLY_BRACKET expression RCURLY_BRACKET .)
    FLOAT           reduce using rule 80 (expression_groupings -> LCURLY_BRACKET expression RCURLY_BRACKET .)
    IDENTIFIER      reduce using rule 80 (expression_groupings -> LCURLY_BRACKET expression RCURLY_BRACKET .)
    LCURLY_BRACKET  reduce using rule 80 (expression_groupings -> LCURLY_BRACKET expression RCURLY_BRACKET .)
    VAR_ACCESS      reduce using rule 80 (expression_groupings -> LCURLY_BRACKET expression RCURLY_BRACKET .)
    MAP             reduce using rule 80 (expression_groupings -> LCURLY_BRACKET expression RCURLY_BRACKET .)
    FILTER          reduce using rule 80 (expression_groupings -> LCURLY_BRACKET expression RCURLY_BRACKET .)
    REDUCE          reduce using rule 80 (expression_groupings -> LCURLY_BRACKET expression RCURLY_BRACKET .)
    FOREACH         reduce using rule 80 (expression_groupings -> LCURLY_BRACKET expression RCURLY_BRACKET .)
    FLATMAP         reduce using rule 80 (expression_groupings -> LCURLY_BRACKET expression RCURLY_BRACKET .)
    FANOUT          reduce using rule 80 (expression_groupings -> LCURLY_BRACKET expression RCURLY_BRACKET .)
    NULL            reduce using rule 80 (expression_groupings -> LCURLY_BRACKET expression RCURLY_BRACKET .)
    LOGICAL_NOT     reduce using rule 80 (expression_groupings -> LCURLY_BRACKET expression RCURLY_BRACKET .)
    BITWISE_NOT     reduce using rule 80 (expression_groupings -> LCURLY_BRACKET expression RCURLY_BRACKET .)
    MINUS           reduce using rule 80 (expression_groupings -> LCURLY_BRACKET expression RCURLY_BRACKET .)
    LPAREN          reduce using rule 80 (expression_groupings -> LCURLY_BRACKET expression RCURLY_BRACKET .)
    STRING_LITERAL  reduce using rule 80 (expression_groupings -> LCURLY_BRACKET expression RCURLY_BRACKET .)
    $end            reduce using rule 80 (expression_groupings -> LCURLY_BRACKET expression RCURLY_BRACKET .)
    RCURLY_BRACKET  reduce using rule 80 (expression_groupings -> LCURLY_BRACKET expression RCURLY_BRACKET .)
    QUESTION        reduce using rule 80 (expression_groupings -> LCURLY_BRACKET expression RCURLY_BRACKET .)
    RBRACKET        reduce using rule 80 (expression_groupings -> LCURLY_BRACKET expression RCURLY_BRACKET .)
    SEPARATOR       reduce using rule 80 (expression_groupings -> LCURLY_BRACKET expression RCURLY_BRACKET .)
    COLON           reduce using rule 80 (expression_groupings -> LCURLY_BRACKET expression RCURLY_BRACKET .)
    RPAREN          reduce using rule 80 (expression_groupings -> LCURLY_BRACKET expression RCURLY_BRACKET .)
    LBRACKET        shift and go to state 188

  ! LBRACKET        [ reduce using rule 80 (expression_groupings -> LCURLY_BRACKET expression RCURLY_BRACKET .) ]


state 154

    (48) map -> LCURLY_BRACKET map_entries RCURLY_BRACKET .

    POINTER         reduce using rule 48 (map -> LCURLY_BRACKET map_entries RCURLY_BRACKET .)
    PPOINTER        reduce using rule 48 (map -> LCURLY_BRACKET map_entries RCURLY_BRACKET .)
    PARALLEL        reduce using rule 48 (map -> LCURLY_BRACKET map_entries RCURLY_BRACKET .)
    EQ              reduce using rule 48 (map -> LCURLY_BRACKET map_entries RCURLY_BRACKET .)
    NE              reduce using rule 48 (map -> LCURLY_BRACKET map_entries RCURLY_BRACKET .)
    LANGLE          reduce using rule 48 (map -> LCURLY_BRACKET map_entries RCURLY_BRACKET .)
    RANGLE          reduce using rule 48 (map -> LCURLY_BRACKET map_entries RCURLY_BRACKET .)
    LE              reduce using rule 48 (map -> LCURLY_BRACKET map_entries RCURLY_BRACKET .)
    GE              reduce using rule 48 (map -> LCURLY_BRACKET map_entries RCURLY_BRACKET .)
    NULLCOALESCE    reduce using rule 48 (map -> LCURLY_BRACKET map_entries RCURLY_BRACKET .)
    VAR_DECL        reduce using rule 48 (map -> LCURLY_BRACKET map_entries RCURLY_BRACKET .)
    INT             reduce using rule 48 (map -> LCURLY_BRACKET map_entries RCURLY_BRACKET .)
    FLOAT           reduce using rule 48 (map -> LCURLY_BRACKET map_entries RCURLY_BRACKET .)
    IDENTIFIER      reduce using rule 48 (map -> LCURLY_BRACKET map_entries RCURLY_BRACKET .)
    LCURLY_BRACKET  reduce using rule 48 (map -> LCURLY_BRACKET map_entries RCURLY_BRACKET .)
    VAR_ACCESS      reduce using rule 48 (map -> LCURLY_BRACKET map_entries RCURLY_BRACKET .)
    MAP             reduce using rule 48 (map -> LCURLY_BRACKET map_entries RCURLY_BRACKET .)
    FILTER          reduce using rule 48 (map -> LCURLY_BRACKET map_entries RCURLY_BRACKET .)
    REDUCE          reduce using rule 48 (map -> LCURLY_BRACKET map_entries RCURLY_BRACKET .)
    FOREACH         reduce using rule 48 (map -> LCURLY_BRACKET map_entries RCURLY_BRACKET .)
    FLATMAP         reduce using rule 48 (map -> LCURLY_BRACKET map_entries RCURLY_BRACKET .)
    FANOUT          reduce using rule 48 (map -> LCURLY_BRACKET map_entries RCURLY_BRACKET .)
    LBRACKET        reduce using rule 48 (map -> LCURLY_BRACKET map_entries RCURLY_BRACKET .)
    NULL            reduce using rule 48 (map -> LCURLY_BRACKET map_entries RCURLY_BRACKET .)
    LOGICAL_NOT     reduce using rule 48 (map -> LCURLY_BRACKET map_entries RCURLY_BRACKET .)
    BITWISE_NOT     reduce using rule 48 (map -> LCURLY_BRACKET map_entries RCURLY_BRACKET .)
    MINUS           reduce using rule 48 (map -> LCURLY_BRACKET map_entries RCURLY_BRACKET .)
    LPAREN          reduce using rule 48 (map -> LCURLY_BRACKET map_entries RCURLY_BRACKET .)
    STRING_LITERAL  reduce using rule 48 (map -> LCURLY_BRACKET map_entries RCURLY_BRACKET .)
    $end            reduce using rule 48 (map -> LCURLY_BRACKET map_entries RCURLY_BRACKET .)
    RBRACKET        reduce using rule 48 (map -> LCURLY_BRACKET map_entries RCURLY_BRACKET .)
    SEPARATOR       reduce using rule 48 (map -> LCURLY_BRACKET map_entries RCURLY_BRACKET .)
    RCURLY_BRACKET  reduce using rule 48 (map -> LCURLY_BRACKET map_entries RCURLY_BRACKET .)
    QUESTION        reduce using rule 48 (map -> LCURLY_BRACKET map_entries RCURLY_BRACKET .)
    COLON           reduce using rule 48 (map -> LCURLY_BRACKET map_entries RCURLY_BRACKET .)
    RPAREN          reduce using rule 48 (map -> LCURLY_BRACKET map_entries RCURLY_BRACKET .)


state 155

    (51) map_entries -> map_entries SEPARATOR . map_entry
    (52) map_entry -> . STRING_LITERAL COLON value

    STRING_LITERAL  shift and go to state 190

    map_entry                      shift and go to state 189

state 156

    (52) map_entry -> STRING_LITERAL COLON . value
    (41) value -> . list
    (42) value -> . map
    (43) value -> . arithmetic_expr
    (44) value -> . null_value
    (45) value -> . comparison_expression
    (46) value -> . ternary_expression
    (47) value -> . null_coalesce_expression
    (53) list -> . LBRACKET list_elements RBRACKET
    (48) map -> . LCURLY_BRACKET map_entries RCURLY_BRACKET
    (82) arithmetic_expr -> . logical_or_expression
    (62) null_value -> . NULL
    (17) comparison_expression -> . expression EQ expression
    (18) comparison_expression -> . expression NE expression
    (19) comparison_expression -> . expression LANGLE expression
    (20) comparison_expression -> . expression RANGLE expression
    (21) comparison_expression -> . expression LE expression
    (22) comparison_expression -> . expression GE expression
    (16) ternary_expression -> . comparison_expression QUESTION expression COLON expression
    (23) null_coalesce_expression -> . expression NULLCOALESCE expression
    (83) logical_or_expression -> . logical_or_expression PARALLEL logical_and_expression
    (84) logical_or_expression -> . logical_and_expression
    (7) expression -> . expression POINTER expression
    (8) expression -> . expression PPOINTER expression
    (9) expression -> . expression PARALLEL expression
    (10) expression -> . descriptor POINTER expression
    (11) expression -> . descriptor PPOINTER expression
    (12) expression -> . factor RETRY task
    (13) expression -> . task RETRY factor
    (14) expression -> . expression_groupings RETRY factor
    (15) expression -> . factor RETRY expression_groupings
    (24) expression -> . term
    (85) logical_and_expression -> . logical_and_expression LOGICAL_AND bitwise_or_expression
    (86) logical_and_expression -> . bitwise_or_expression
    (65) descriptor -> . INT
    (66) factor -> . INT
    (67) factor -> . FLOAT
    (68) factor -> . variable_reference
    (29) task -> . meta_event
    (30) task -> . meta_event LBRACKET assigment_expression_group RBRACKET
    (69) task -> . task_name
    (70) task -> . IDENTIFIER DOUBLE_COLON task_name
    (75) task -> . task LPAREN conditional_group RPAREN
    (80) expression_groupings -> . LCURLY_BRACKET expression RCURLY_BRACKET
    (81) expression_groupings -> . LCURLY_BRACKET expression RCURLY_BRACKET LBRACKET assigment_expression_group RBRACKET
    (25) term -> . task
    (26) term -> . expression_groupings
    (27) term -> . value
    (28) term -> . variable_reference
    (87) bitwise_or_expression -> . bitwise_or_expression BITWISE_OR bitwise_xor_expression
    (88) bitwise_or_expression -> . bitwise_xor_expression
    (63) variable_reference -> . VAR_ACCESS
    (64) variable_reference -> . VAR_ACCESS DOT IDENTIFIER
    (31) meta_event -> . meta_mode LANGLE IDENTIFIER RANGLE
    (32) meta_event -> . meta_mode LANGLE IDENTIFIER DOUBLE_COLON IDENTIFIER RANGLE
    (71) task_name -> . IDENTIFIER
    (72) task_name -> . IDENTIFIER LBRACKET assigment_expression_group RBRACKET
    (89) bitwise_xor_expression -> . bitwise_xor_expression BITWISE_XOR bitwise_and_expression
    (90) bitwise_xor_expression -> . bitwise_and_expression
    (33) meta_mode -> . MAP
    (34) meta_mode -> . FILTER
    (35) meta_mode -> . REDUCE
    (36) meta_mode -> . FOREACH
    (37) meta_mode -> . FLATMAP
    (38) meta_mode -> . FANOUT
    (91) bitwise_and_expression -> . bitwise_and_expression BITWISE_AND arith_comparison_expression
    (92) bitwise_and_expression -> . arith_comparison_expression
    (93) arith_comparison_expression -> . arith_comparison_expression EQ shift_expression
    (94) arith_comparison_expression -> . arith_comparison_expression NE shift_expression
    (95) arith_comparison_expression -> . arith_comparison_expression LANGLE shift_expression
    (96) arith_comparison_expression -> . arith_comparison_expression RANGLE shift_expression
    (97) arith_comparison_expression -> . arith_comparison_expression LE shift_expression
    (98) arith_comparison_expression -> . arith_comparison_expression GE shift_expression
    (99) arith_comparison_expression -> . shift_expression
    (100) shift_expression -> . shift_expression LSHL additive_expression
    (101) shift_expression -> . shift_expression LSHR additive_expression
    (102) shift_expression -> . shift_expression ASHR additive_expression
    (103) shift_expression -> . additive_expression
    (104) additive_expression -> . additive_expression PLUS multiplicative_expression
    (105) additive_expression -> . additive_expression MINUS multiplicative_expression
    (106) additive_expression -> . multiplicative_expression
    (107) multiplicative_expression -> . multiplicative_expression DIV unary_expression
    (108) multiplicative_expression -> . multiplicative_expression MOD unary_expression
    (109) multiplicative_expression -> . multiplicative_expression RETRY unary_expression
    (110) multiplicative_expression -> . unary_expression
    (111) unary_expression -> . LOGICAL_NOT unary_expression
    (112) unary_expression -> . BITWISE_NOT unary_expression
    (113) unary_expression -> . MINUS unary_expression
    (114) unary_expression -> . primary_expression
    (115) primary_expression -> . LPAREN arithmetic_expr RPAREN
    (116) primary_expression -> . arithmetic_factor
    (117) arithmetic_factor -> . INT
    (118) arithmetic_factor -> . FLOAT
    (119) arithmetic_factor -> . STRING_LITERAL
    (120) arithmetic_factor -> . variable_reference

    LBRACKET        shift and go to state 18
    LCURLY_BRACKET  shift and go to state 78
    NULL            shift and go to state 39
    INT             shift and go to state 14
    FLOAT           shift and go to state 15
    IDENTIFIER      shift and go to state 20
    VAR_ACCESS      shift and go to state 23
    MAP             shift and go to state 32
    FILTER          shift and go to state 33
    REDUCE          shift and go to state 34
    FOREACH         shift and go to state 35
    FLATMAP         shift and go to state 36
    FANOUT          shift and go to state 37
    LOGICAL_NOT     shift and go to state 50
    BITWISE_NOT     shift and go to state 51
    MINUS           shift and go to state 48
    LPAREN          shift and go to state 21
    STRING_LITERAL  shift and go to state 54

    value                          shift and go to state 191
    list                           shift and go to state 25
    map                            shift and go to state 26
    arithmetic_expr                shift and go to state 27
    null_value                     shift and go to state 28
    comparison_expression          shift and go to state 29
    ternary_expression             shift and go to state 30
    null_coalesce_expression       shift and go to state 31
    logical_or_expression          shift and go to state 38
    expression                     shift and go to state 79
    logical_and_expression         shift and go to state 40
    descriptor                     shift and go to state 9
    factor                         shift and go to state 10
    task                           shift and go to state 11
    expression_groupings           shift and go to state 12
    term                           shift and go to state 13
    bitwise_or_expression          shift and go to state 41
    variable_reference             shift and go to state 16
    meta_event                     shift and go to state 17
    task_name                      shift and go to state 19
    bitwise_xor_expression         shift and go to state 42
    meta_mode                      shift and go to state 24
    bitwise_and_expression         shift and go to state 43
    arith_comparison_expression    shift and go to state 44
    shift_expression               shift and go to state 45
    additive_expression            shift and go to state 46
    multiplicative_expression      shift and go to state 47
    unary_expression               shift and go to state 49
    primary_expression             shift and go to state 52
    arithmetic_factor              shift and go to state 53

state 157

    (64) variable_reference -> VAR_ACCESS DOT IDENTIFIER .

    RETRY           reduce using rule 64 (variable_reference -> VAR_ACCESS DOT IDENTIFIER .)
    POINTER         reduce using rule 64 (variable_reference -> VAR_ACCESS DOT IDENTIFIER .)
    PPOINTER        reduce using rule 64 (variable_reference -> VAR_ACCESS DOT IDENTIFIER .)
    PARALLEL        reduce using rule 64 (variable_reference -> VAR_ACCESS DOT IDENTIFIER .)
    EQ              reduce using rule 64 (variable_reference -> VAR_ACCESS DOT IDENTIFIER .)
    NE              reduce using rule 64 (variable_reference -> VAR_ACCESS DOT IDENTIFIER .)
    LANGLE          reduce using rule 64 (variable_reference -> VAR_ACCESS DOT IDENTIFIER .)
    RANGLE          reduce using rule 64 (variable_reference -> VAR_ACCESS DOT IDENTIFIER .)
    LE              reduce using rule 64 (variable_reference -> VAR_ACCESS DOT IDENTIFIER .)
    GE              reduce using rule 64 (variable_reference -> VAR_ACCESS DOT IDENTIFIER .)
    NULLCOALESCE    reduce using rule 64 (variable_reference -> VAR_ACCESS DOT IDENTIFIER .)
    VAR_DECL        reduce using rule 64 (variable_reference -> VAR_ACCESS DOT IDENTIFIER .)
    INT             reduce using rule 64 (variable_reference -> VAR_ACCESS DOT IDENTIFIER .)
    FLOAT           reduce using rule 64 (variable_reference -> VAR_ACCESS DOT IDENTIFIER .)
    IDENTIFIER      reduce using rule 64 (variable_reference -> VAR_ACCESS DOT IDENTIFIER .)
    LCURLY_BRACKET  reduce using rule 64 (variable_reference -> VAR_ACCESS DOT IDENTIFIER .)
    VAR_ACCESS      reduce using rule 64 (variable_reference -> VAR_ACCESS DOT IDENTIFIER .)
    MAP             reduce using rule 64 (variable_reference -> VAR_ACCESS DOT IDENTIFIER .)
    FILTER          reduce using rule 64 (variable_reference -> VAR_ACCESS DOT IDENTIFIER .)
    REDUCE          reduce using rule 64 (variable_reference -> VAR_ACCESS DOT IDENTIFIER .)
    FOREACH         reduce using rule 64 (variable_reference -> VAR_ACCESS DOT IDENTIFIER .)
    FLATMAP         reduce using rule 64 (variable_reference -> VAR_ACCESS DOT IDENTIFIER .)
    FANOUT          reduce using rule 64 (variable_reference -> VAR_ACCESS DOT IDENTIFIER .)
    LBRACKET        reduce using rule 64 (variable_reference -> VAR_ACCESS DOT IDENTIFIER .)
    NULL            reduce using rule 64 (variable_reference -> VAR_ACCESS DOT IDENTIFIER .)
    LOGICAL_NOT     reduce using rule 64 (variable_reference -> VAR_ACCESS DOT IDENTIFIER .)
    BITWISE_NOT     reduce using rule 64 (variable_reference -> VAR_ACCESS DOT IDENTIFIER .)
    MINUS           reduce using rule 64 (variable_reference -> VAR_ACCESS DOT IDENTIFIER .)
    LPAREN          reduce using rule 64 (variable_reference -> VAR_ACCESS DOT IDENTIFIER .)
    STRING_LITERAL  reduce using rule 64 (variable_reference -> VAR_ACCESS DOT IDENTIFIER .)
    $end            reduce using rule 64 (variable_reference -> VAR_ACCESS DOT IDENTIFIER .)
    DIV             reduce using rule 64 (variable_reference -> VAR_ACCESS DOT IDENTIFIER .)
    MOD             reduce using rule 64 (variable_reference -> VAR_ACCESS DOT IDENTIFIER .)
    PLUS            reduce using rule 64 (variable_reference -> VAR_ACCESS DOT IDENTIFIER .)
    LSHL            reduce using rule 64 (variable_reference -> VAR_ACCESS DOT IDENTIFIER .)
    LSHR            reduce using rule 64 (variable_reference -> VAR_ACCESS DOT IDENTIFIER .)
    ASHR            reduce using rule 64 (variable_reference -> VAR_ACCESS DOT IDENTIFIER .)
    BITWISE_AND     reduce using rule 64 (variable_reference -> VAR_ACCESS DOT IDENTIFIER .)
    BITWISE_XOR     reduce using rule 64 (variable_reference -> VAR_ACCESS DOT IDENTIFIER .)
    BITWISE_OR      reduce using rule 64 (variable_reference -> VAR_ACCESS DOT IDENTIFIER .)
    LOGICAL_AND     reduce using rule 64 (variable_reference -> VAR_ACCESS DOT IDENTIFIER .)
    RBRACKET        reduce using rule 64 (variable_reference -> VAR_ACCESS DOT IDENTIFIER .)
    SEPARATOR       reduce using rule 64 (variable_reference -> VAR_ACCESS DOT IDENTIFIER .)
    RPAREN          reduce using rule 64 (variable_reference -> VAR_ACCESS DOT IDENTIFIER .)
    RCURLY_BRACKET  reduce using rule 64 (variable_reference -> VAR_ACCESS DOT IDENTIFIER .)
    QUESTION        reduce using rule 64 (variable_reference -> VAR_ACCESS DOT IDENTIFIER .)
    COLON           reduce using rule 64 (variable_reference -> VAR_ACCESS DOT IDENTIFIER .)


state 158

    (31) meta_event -> meta_mode LANGLE IDENTIFIER . RANGLE
    (32) meta_event -> meta_mode LANGLE IDENTIFIER . DOUBLE_COLON IDENTIFIER RANGLE

    RANGLE          shift and go to state 192
    DOUBLE_COLON    shift and go to state 193


state 159

    (16) ternary_expression -> comparison_expression QUESTION expression . COLON expression
    (7) expression -> expression . POINTER expression
    (8) expression -> expression . PPOINTER expression
    (9) expression -> expression . PARALLEL expression
    (17) comparison_expression -> expression . EQ expression
    (18) comparison_expression -> expression . NE expression
    (19) comparison_expression -> expression . LANGLE expression
    (20) comparison_expression -> expression . RANGLE expression
    (21) comparison_expression -> expression . LE expression
    (22) comparison_expression -> expression . GE expression
    (23) null_coalesce_expression -> expression . NULLCOALESCE expression

    COLON           shift and go to state 194
    POINTER         shift and go to state 56
    PPOINTER        shift and go to state 57
    PARALLEL        shift and go to state 58
    EQ              shift and go to state 59
    NE              shift and go to state 60
    LANGLE          shift and go to state 61
    RANGLE          shift and go to state 62
    LE              shift and go to state 63
    GE              shift and go to state 64
    NULLCOALESCE    shift and go to state 65


state 160

    (83) logical_or_expression -> logical_or_expression PARALLEL logical_and_expression .
    (85) logical_and_expression -> logical_and_expression . LOGICAL_AND bitwise_or_expression

    PARALLEL        reduce using rule 83 (logical_or_expression -> logical_or_expression PARALLEL logical_and_expression .)
    POINTER         reduce using rule 83 (logical_or_expression -> logical_or_expression PARALLEL logical_and_expression .)
    PPOINTER        reduce using rule 83 (logical_or_expression -> logical_or_expression PARALLEL logical_and_expression .)
    EQ              reduce using rule 83 (logical_or_expression -> logical_or_expression PARALLEL logical_and_expression .)
    NE              reduce using rule 83 (logical_or_expression -> logical_or_expression PARALLEL logical_and_expression .)
    LANGLE          reduce using rule 83 (logical_or_expression -> logical_or_expression PARALLEL logical_and_expression .)
    RANGLE          reduce using rule 83 (logical_or_expression -> logical_or_expression PARALLEL logical_and_expression .)
    LE              reduce using rule 83 (logical_or_expression -> logical_or_expression PARALLEL logical_and_expression .)
    GE              reduce using rule 83 (logical_or_expression -> logical_or_expression PARALLEL logical_and_expression .)
    NULLCOALESCE    reduce using rule 83 (logical_or_expression -> logical_or_expression PARALLEL logical_and_expression .)
    VAR_DECL        reduce using rule 83 (logical_or_expression -> logical_or_expression PARALLEL logical_and_expression .)
    INT             reduce using rule 83 (logical_or_expression -> logical_or_expression PARALLEL logical_and_expression .)
    FLOAT           reduce using rule 83 (logical_or_expression -> logical_or_expression PARALLEL logical_and_expression .)
    IDENTIFIER      reduce using rule 83 (logical_or_expression -> logical_or_expression PARALLEL logical_and_expression .)
    LCURLY_BRACKET  reduce using rule 83 (logical_or_expression -> logical_or_expression PARALLEL logical_and_expression .)
    VAR_ACCESS      reduce using rule 83 (logical_or_expression -> logical_or_expression PARALLEL logical_and_expression .)
    MAP             reduce using rule 83 (logical_or_expression -> logical_or_expression PARALLEL logical_and_expression .)
    FILTER          reduce using rule 83 (logical_or_expression -> logical_or_expression PARALLEL logical_and_expression .)
    REDUCE          reduce using rule 83 (logical_or_expression -> logical_or_expression PARALLEL logical_and_expression .)
    FOREACH         reduce using rule 83 (logical_or_expression -> logical_or_expression PARALLEL logical_and_expression .)
    FLATMAP         reduce using rule 83 (logical_or_expression -> logical_or_expression PARALLEL logical_and_expression .)
    FANOUT          reduce using rule 83 (logical_or_expression -> logical_or_expression PARALLEL logical_and_expression .)
    LBRACKET        reduce using rule 83 (logical_or_expression -> logical_or_expression PARALLEL logical_and_expression .)
    NULL            reduce using rule 83 (logical_or_expression -> logical_or_expression PARALLEL logical_and_expression .)
    LOGICAL_NOT     reduce using rule 83 (logical_or_expression -> logical_or_expression PARALLEL logical_and_expression .)
    BITWISE_NOT     reduce using rule 83 (logical_or_expression -> logical_or_expression PARALLEL logical_and_expression .)
    MINUS           reduce using rule 83 (logical_or_expression -> logical_or_expression PARALLEL logical_and_expression .)
    LPAREN          reduce using rule 83 (logical_or_expression -> logical_or_expression PARALLEL logical_and_expression .)
    STRING_LITERAL  reduce using rule 83 (logical_or_expression -> logical_or_expression PARALLEL logical_and_expression .)
    $end            reduce using rule 83 (logical_or_expression -> logical_or_expression PARALLEL logical_and_expression .)
    RBRACKET        reduce using rule 83 (logical_or_expression -> logical_or_expression PARALLEL logical_and_expression .)
    SEPARATOR       reduce using rule 83 (logical_or_expression -> logical_or_expression PARALLEL logical_and_expression .)
    RPAREN          reduce using rule 83 (logical_or_expression -> logical_or_expression PARALLEL logical_and_expression .)
    RCURLY_BRACKET  reduce using rule 83 (logical_or_expression -> logical_or_expression PARALLEL logical_and_expression .)
    QUESTION        reduce using rule 83 (logical_or_expression -> logical_or_expression PARALLEL logical_and_expression .)
    COLON           reduce using rule 83 (logical_or_expression -> logical_or_expression PARALLEL logical_and_expression .)
    LOGICAL_AND     shift and go to state 95


state 161

    (85) logical_and_expression -> logical_and_expression LOGICAL_AND bitwise_or_expression .
    (87) bitwise_or_expression -> bitwise_or_expression . BITWISE_OR bitwise_xor_expression

    LOGICAL_AND     reduce using rule 85 (logical_and_expression -> logical_and_expression LOGICAL_AND bitwise_or_expression .)
    PARALLEL        reduce using rule 85 (logical_and_expression -> logical_and_expression LOGICAL_AND bitwise_or_expression .)
    POINTER         reduce using rule 85 (logical_and_expression -> logical_and_expression LOGICAL_AND bitwise_or_expression .)
    PPOINTER        reduce using rule 85 (logical_and_expression -> logical_and_expression LOGICAL_AND bitwise_or_expression .)
    EQ              reduce using rule 85 (logical_and_expression -> logical_and_expression LOGICAL_AND bitwise_or_expression .)
    NE              reduce using rule 85 (logical_and_expression -> logical_and_expression LOGICAL_AND bitwise_or_expression .)
    LANGLE          reduce using rule 85 (logical_and_expression -> logical_and_expression LOGICAL_AND bitwise_or_expression .)
    RANGLE          reduce using rule 85 (logical_and_expression -> logical_and_expression LOGICAL_AND bitwise_or_expression .)
    LE              reduce using rule 85 (logical_and_expression -> logical_and_expression LOGICAL_AND bitwise_or_expression .)
    GE              reduce using rule 85 (logical_and_expression -> logical_and_expression LOGICAL_AND bitwise_or_expression .)
    NULLCOALESCE    reduce using rule 85 (logical_and_expression -> logical_and_expression LOGICAL_AND bitwise_or_expression .)
    VAR_DECL        reduce using rule 85 (logical_and_expression -> logical_and_expression LOGICAL_AND bitwise_or_expression .)
    INT             reduce using rule 85 (logical_and_expression -> logical_and_expression LOGICAL_AND bitwise_or_expression .)
    FLOAT           reduce using rule 85 (logical_and_expression -> logical_and_expression LOGICAL_AND bitwise_or_expression .)
    IDENTIFIER      reduce using rule 85 (logical_and_expression -> logical_and_expression LOGICAL_AND bitwise_or_expression .)
    LCURLY_BRACKET  reduce using rule 85 (logical_and_expression -> logical_and_expression LOGICAL_AND bitwise_or_expression .)
    VAR_ACCESS      reduce using rule 85 (logical_and_expression -> logical_and_expression LOGICAL_AND bitwise_or_expression .)
    MAP             reduce using rule 85 (logical_and_expression -> logical_and_expression LOGICAL_AND bitwise_or_expression .)
    FILTER          reduce using rule 85 (logical_and_expression -> logical_and_expression LOGICAL_AND bitwise_or_expression .)
    REDUCE          reduce using rule 85 (logical_and_expression -> logical_and_expression LOGICAL_AND bitwise_or_expression .)
    FOREACH         reduce using rule 85 (logical_and_expression -> logical_and_expression LOGICAL_AND bitwise_or_expression .)
    FLATMAP         reduce using rule 85 (logical_and_expression -> logical_and_expression LOGICAL_AND bitwise_or_expression .)
    FANOUT          reduce using rule 85 (logical_and_expression -> logical_and_expression LOGICAL_AND bitwise_or_expression .)
    LBRACKET        reduce using rule 85 (logical_and_expression -> logical_and_expression LOGICAL_AND bitwise_or_expression .)
    NULL            reduce using rule 85 (logical_and_expression -> logical_and_expression LOGICAL_AND bitwise_or_expression .)
    LOGICAL_NOT     reduce using rule 85 (logical_and_expression -> logical_and_expression LOGICAL_AND bitwise_or_expression .)
    BITWISE_NOT     reduce using rule 85 (logical_and_expression -> logical_and_expression LOGICAL_AND bitwise_or_expression .)
    MINUS           reduce using rule 85 (logical_and_expression -> logical_and_expression LOGICAL_AND bitwise_or_expression .)
    LPAREN          reduce using rule 85 (logical_and_expression -> logical_and_expression LOGICAL_AND bitwise_or_expression .)
    STRING_LITERAL  reduce using rule 85 (logical_and_expression -> logical_and_expression LOGICAL_AND bitwise_or_expression .)
    $end            reduce using rule 85 (logical_and_expression -> logical_and_expression LOGICAL_AND bitwise_or_expression .)
    RBRACKET        reduce using rule 85 (logical_and_expression -> logical_and_expression LOGICAL_AND bitwise_or_expression .)
    SEPARATOR       reduce using rule 85 (logical_and_expression -> logical_and_expression LOGICAL_AND bitwise_or_expression .)
    RPAREN          reduce using rule 85 (logical_and_expression -> logical_and_expression LOGICAL_AND bitwise_or_expression .)
    RCURLY_BRACKET  reduce using rule 85 (logical_and_expression -> logical_and_expression LOGICAL_AND bitwise_or_expression .)
    QUESTION        reduce using rule 85 (logical_and_expression -> logical_and_expression LOGICAL_AND bitwise_or_expression .)
    COLON           reduce using rule 85 (logical_and_expression -> logical_and_expression LOGICAL_AND bitwise_or_expression .)
    BITWISE_OR      shift and go to state 96


state 162

    (87) bitwise_or_expression -> bitwise_or_expression BITWISE_OR bitwise_xor_expression .
    (89) bitwise_xor_expression -> bitwise_xor_expression . BITWISE_XOR bitwise_and_expression

    BITWISE_OR      reduce using rule 87 (bitwise_or_expression -> bitwise_or_expression BITWISE_OR bitwise_xor_expression .)
    LOGICAL_AND     reduce using rule 87 (bitwise_or_expression -> bitwise_or_expression BITWISE_OR bitwise_xor_expression .)
    PARALLEL        reduce using rule 87 (bitwise_or_expression -> bitwise_or_expression BITWISE_OR bitwise_xor_expression .)
    POINTER         reduce using rule 87 (bitwise_or_expression -> bitwise_or_expression BITWISE_OR bitwise_xor_expression .)
    PPOINTER        reduce using rule 87 (bitwise_or_expression -> bitwise_or_expression BITWISE_OR bitwise_xor_expression .)
    EQ              reduce using rule 87 (bitwise_or_expression -> bitwise_or_expression BITWISE_OR bitwise_xor_expression .)
    NE              reduce using rule 87 (bitwise_or_expression -> bitwise_or_expression BITWISE_OR bitwise_xor_expression .)
    LANGLE          reduce using rule 87 (bitwise_or_expression -> bitwise_or_expression BITWISE_OR bitwise_xor_expression .)
    RANGLE          reduce using rule 87 (bitwise_or_expression -> bitwise_or_expression BITWISE_OR bitwise_xor_expression .)
    LE              reduce using rule 87 (bitwise_or_expression -> bitwise_or_expression BITWISE_OR bitwise_xor_expression .)
    GE              reduce using rule 87 (bitwise_or_expression -> bitwise_or_expression BITWISE_OR bitwise_xor_expression .)
    NULLCOALESCE    reduce using rule 87 (bitwise_or_expression -> bitwise_or_expression BITWISE_OR bitwise_xor_expression .)
    VAR_DECL        reduce using rule 87 (bitwise_or_expression -> bitwise_or_expression BITWISE_OR bitwise_xor_expression .)
    INT             reduce using rule 87 (bitwise_or_expression -> bitwise_or_expression BITWISE_OR bitwise_xor_expression .)
    FLOAT           reduce using rule 87 (bitwise_or_expression -> bitwise_or_expression BITWISE_OR bitwise_xor_expression .)
    IDENTIFIER      reduce using rule 87 (bitwise_or_expression -> bitwise_or_expression BITWISE_OR bitwise_xor_expression .)
    LCURLY_BRACKET  reduce using rule 87 (bitwise_or_expression -> bitwise_or_expression BITWISE_OR bitwise_xor_expression .)
    VAR_ACCESS      reduce using rule 87 (bitwise_or_expression -> bitwise_or_expression BITWISE_OR bitwise_xor_expression .)
    MAP             reduce using rule 87 (bitwise_or_expression -> bitwise_or_expression BITWISE_OR bitwise_xor_expression .)
    FILTER          reduce using rule 87 (bitwise_or_expression -> bitwise_or_expression BITWISE_OR bitwise_xor_expression .)
    REDUCE          reduce using rule 87 (bitwise_or_expression -> bitwise_or_expression BITWISE_OR bitwise_xor_expression .)
    FOREACH         reduce using rule 87 (bitwise_or_expression -> bitwise_or_expression BITWISE_OR bitwise_xor_expression .)
    FLATMAP         reduce using rule 87 (bitwise_or_expression -> bitwise_or_expression BITWISE_OR bitwise_xor_expression .)
    FANOUT          reduce using rule 87 (bitwise_or_expression -> bitwise_or_expression BITWISE_OR bitwise_xor_expression .)
    LBRACKET        reduce using rule 87 (bitwise_or_expression -> bitwise_or_expression BITWISE_OR bitwise_xor_expression .)
    NULL            reduce using rule 87 (bitwise_or_expression -> bitwise_or_expression BITWISE_OR bitwise_xor_expression .)
    LOGICAL_NOT     reduce using rule 87 (bitwise_or_expression -> bitwise_or_expression BITWISE_OR bitwise_xor_expression .)
    BITWISE_NOT     reduce using rule 87 (bitwise_or_expression -> bitwise_or_expression BITWISE_OR bitwise_xor_expression .)
    MINUS           reduce using rule 87 (bitwise_or_expression -> bitwise_or_expression BITWISE_OR bitwise_xor_expression .)
    LPAREN          reduce using rule 87 (bitwise_or_expression -> bitwise_or_expression BITWISE_OR bitwise_xor_expression .)
    STRING_LITERAL  reduce using rule 87 (bitwise_or_expression -> bitwise_or_expression BITWISE_OR bitwise_xor_expression .)
    $end            reduce using rule 87 (bitwise_or_expression -> bitwise_or_expression BITWISE_OR bitwise_xor_expression .)
    RBRACKET        reduce using rule 87 (bitwise_or_expression -> bitwise_or_expression BITWISE_OR bitwise_xor_expression .)
    SEPARATOR       reduce using rule 87 (bitwise_or_expression -> bitwise_or_expression BITWISE_OR bitwise_xor_expression .)
    RPAREN          reduce using rule 87 (bitwise_or_expression -> bitwise_or_expression BITWISE_OR bitwise_xor_expression .)
    RCURLY_BRACKET  reduce using rule 87 (bitwise_or_expression -> bitwise_or_expression BITWISE_OR bitwise_xor_expression .)
    QUESTION        reduce using rule 87 (bitwise_or_expression -> bitwise_or_expression BITWISE_OR bitwise_xor_expression .)
    COLON           reduce using rule 87 (bitwise_or_expression -> bitwise_or_expression BITWISE_OR bitwise_xor_expression .)
    BITWISE_XOR     shift and go to state 97


state 163

    (89) bitwise_xor_expression -> bitwise_xor_expression BITWISE_XOR bitwise_and_expression .
    (91) bitwise_and_expression -> bitwise_and_expression . BITWISE_AND arith_comparison_expression

    BITWISE_XOR     reduce using rule 89 (bitwise_xor_expression -> bitwise_xor_expression BITWISE_XOR bitwise_and_expression .)
    BITWISE_OR      reduce using rule 89 (bitwise_xor_expression -> bitwise_xor_expression BITWISE_XOR bitwise_and_expression .)
    LOGICAL_AND     reduce using rule 89 (bitwise_xor_expression -> bitwise_xor_expression BITWISE_XOR bitwise_and_expression .)
    PARALLEL        reduce using rule 89 (bitwise_xor_expression -> bitwise_xor_expression BITWISE_XOR bitwise_and_expression .)
    POINTER         reduce using rule 89 (bitwise_xor_expression -> bitwise_xor_expression BITWISE_XOR bitwise_and_expression .)
    PPOINTER        reduce using rule 89 (bitwise_xor_expression -> bitwise_xor_expression BITWISE_XOR bitwise_and_expression .)
    EQ              reduce using rule 89 (bitwise_xor_expression -> bitwise_xor_expression BITWISE_XOR bitwise_and_expression .)
    NE              reduce using rule 89 (bitwise_xor_expression -> bitwise_xor_expression BITWISE_XOR bitwise_and_expression .)
    LANGLE          reduce using rule 89 (bitwise_xor_expression -> bitwise_xor_expression BITWISE_XOR bitwise_and_expression .)
    RANGLE          reduce using rule 89 (bitwise_xor_expression -> bitwise_xor_expression BITWISE_XOR bitwise_and_expression .)
    LE              reduce using rule 89 (bitwise_xor_expression -> bitwise_xor_expression BITWISE_XOR bitwise_and_expression .)
    GE              reduce using rule 89 (bitwise_xor_expression -> bitwise_xor_expression BITWISE_XOR bitwise_and_expression .)
    NULLCOALESCE    reduce using rule 89 (bitwise_xor_expression -> bitwise_xor_expression BITWISE_XOR bitwise_and_expression .)
    VAR_DECL        reduce using rule 89 (bitwise_xor_expression -> bitwise_xor_expression BITWISE_XOR bitwise_and_expression .)
    INT             reduce using rule 89 (bitwise_xor_expression -> bitwise_xor_expression BITWISE_XOR bitwise_and_expression .)
    FLOAT           reduce using rule 89 (bitwise_xor_expression -> bitwise_xor_expression BITWISE_XOR bitwise_and_expression .)
    IDENTIFIER      reduce using rule 89 (bitwise_xor_expression -> bitwise_xor_expression BITWISE_XOR bitwise_and_expression .)
    LCURLY_BRACKET  reduce using rule 89 (bitwise_xor_expression -> bitwise_xor_expression BITWISE_XOR bitwise_and_expression .)
    VAR_ACCESS      reduce using rule 89 (bitwise_xor_expression -> bitwise_xor_expression BITWISE_XOR bitwise_and_expression .)
    MAP             reduce using rule 89 (bitwise_xor_expression -> bitwise_xor_expression BITWISE_XOR bitwise_and_expression .)
    FILTER          reduce using rule 89 (bitwise_xor_expression -> bitwise_xor_expression BITWISE_XOR bitwise_and_expression .)
    REDUCE          reduce using rule 89 (bitwise_xor_expression -> bitwise_xor_expression BITWISE_XOR bitwise_and_expression .)
    FOREACH         reduce using rule 89 (bitwise_xor_expression -> bitwise_xor_expression BITWISE_XOR bitwise_and_expression .)
    FLATMAP         reduce using rule 89 (bitwise_xor_expression -> bitwise_xor_expression BITWISE_XOR bitwise_and_expression .)
    FANOUT          reduce using rule 89 (bitwise_xor_expression -> bitwise_xor_expression BITWISE_XOR bitwise_and_expression .)
    LBRACKET        reduce using rule 89 (bitwise_xor_expression -> bitwise_xor_expression BITWISE_XOR bitwise_and_expression .)
    NULL            reduce using rule 89 (bitwise_xor_expression -> bitwise_xor_expression BITWISE_XOR bitwise_and_expression .)
    LOGICAL_NOT     reduce using rule 89 (bitwise_xor_expression -> bitwise_xor_expression BITWISE_XOR bitwise_and_expression .)
    BITWISE_NOT     reduce using rule 89 (bitwise_xor_expression -> bitwise_xor_expression BITWISE_XOR bitwise_and_expression .)
    MINUS           reduce using rule 89 (bitwise_xor_expression -> bitwise_xor_expression BITWISE_XOR bitwise_and_expression .)
    LPAREN          reduce using rule 89 (bitwise_xor_expression -> bitwise_xor_expression BITWISE_XOR bitwise_and_expression .)
    STRING_LITERAL  reduce using rule 89 (bitwise_xor_expression -> bitwise_xor_expression BITWISE_XOR bitwise_and_expression .)
    $end            reduce using rule 89 (bitwise_xor_expression -> bitwise_xor_expression BITWISE_XOR bitwise_and_expression .)
    RBRACKET        reduce using rule 89 (bitwise_xor_expression -> bitwise_xor_expression BITWISE_XOR bitwise_and_expression .)
    SEPARATOR       reduce using rule 89 (bitwise_xor_expression -> bitwise_xor_expression BITWISE_XOR bitwise_and_expression .)
    RPAREN          reduce using rule 89 (bitwise_xor_expression -> bitwise_xor_expression BITWISE_XOR bitwise_and_expression .)
    RCURLY_BRACKET  reduce using rule 89 (bitwise_xor_expression -> bitwise_xor_expression BITWISE_XOR bitwise_and_expression .)
    QUESTION        reduce using rule 89 (bitwise_xor_expression -> bitwise_xor_expression BITWISE_XOR bitwise_and_expression .)
    COLON           reduce using rule 89 (bitwise_xor_expression -> bitwise_xor_expression BITWISE_XOR bitwise_and_expression .)
    BITWISE_AND     shift and go to state 98


state 164

    (91) bitwise_and_expression -> bitwise_and_expression BITWISE_AND arith_comparison_expression .
    (93) arith_comparison_expression -> arith_comparison_expression . EQ shift_expression
    (94) arith_comparison_expression -> arith_comparison_expression . NE shift_expression
    (95) arith_comparison_expression -> arith_comparison_expression . LANGLE shift_expression
    (96) arith_comparison_expression -> arith_comparison_expression . RANGLE shift_expression
    (97) arith_comparison_expression -> arith_comparison_expression . LE shift_expression
    (98) arith_comparison_expression -> arith_comparison_expression . GE shift_expression

  ! shift/reduce conflict for EQ resolved as shift
  ! shift/reduce conflict for NE resolved as shift
  ! shift/reduce conflict for LANGLE resolved as shift
  ! shift/reduce conflict for RANGLE resolved as shift
  ! shift/reduce conflict for LE resolved as shift
  ! shift/reduce conflict for GE resolved as shift
    BITWISE_AND     reduce using rule 91 (bitwise_and_expression -> bitwise_and_expression BITWISE_AND arith_comparison_expression .)
    BITWISE_XOR     reduce using rule 91 (bitwise_and_expression -> bitwise_and_expression BITWISE_AND arith_comparison_expression .)
    BITWISE_OR      reduce using rule 91 (bitwise_and_expression -> bitwise_and_expression BITWISE_AND arith_comparison_expression .)
    LOGICAL_AND     reduce using rule 91 (bitwise_and_expression -> bitwise_and_expression BITWISE_AND arith_comparison_expression .)
    PARALLEL        reduce using rule 91 (bitwise_and_expression -> bitwise_and_expression BITWISE_AND arith_comparison_expression .)
    POINTER         reduce using rule 91 (bitwise_and_expression -> bitwise_and_expression BITWISE_AND arith_comparison_expression .)
    PPOINTER        reduce using rule 91 (bitwise_and_expression -> bitwise_and_expression BITWISE_AND arith_comparison_expression .)
    NULLCOALESCE    reduce using rule 91 (bitwise_and_expression -> bitwise_and_expression BITWISE_AND arith_comparison_expression .)
    VAR_DECL        reduce using rule 91 (bitwise_and_expression -> bitwise_and_expression BITWISE_AND arith_comparison_expression .)
    INT             reduce using rule 91 (bitwise_and_expression -> bitwise_and_expression BITWISE_AND arith_comparison_expression .)
    FLOAT           reduce using rule 91 (bitwise_and_expression -> bitwise_and_expression BITWISE_AND arith_comparison_expression .)
    IDENTIFIER      reduce using rule 91 (bitwise_and_expression -> bitwise_and_expression BITWISE_AND arith_comparison_expression .)
    LCURLY_BRACKET  reduce using rule 91 (bitwise_and_expression -> bitwise_and_expression BITWISE_AND arith_comparison_expression .)
    VAR_ACCESS      reduce using rule 91 (bitwise_and_expression -> bitwise_and_expression BITWISE_AND arith_comparison_expression .)
    MAP             reduce using rule 91 (bitwise_and_expression -> bitwise_and_expression BITWISE_AND arith_comparison_expression .)
    FILTER          reduce using rule 91 (bitwise_and_expression -> bitwise_and_expression BITWISE_AND arith_comparison_expression .)
    REDUCE          reduce using rule 91 (bitwise_and_expression -> bitwise_and_expression BITWISE_AND arith_comparison_expression .)
    FOREACH         reduce using rule 91 (bitwise_and_expression -> bitwise_and_expression BITWISE_AND arith_comparison_expression .)
    FLATMAP         reduce using rule 91 (bitwise_and_expression -> bitwise_and_expression BITWISE_AND arith_comparison_expression .)
    FANOUT          reduce using rule 91 (bitwise_and_expression -> bitwise_and_expression BITWISE_AND arith_comparison_expression .)
    LBRACKET        reduce using rule 91 (bitwise_and_expression -> bitwise_and_expression BITWISE_AND arith_comparison_expression .)
    NULL            reduce using rule 91 (bitwise_and_expression -> bitwise_and_expression BITWISE_AND arith_comparison_expression .)
    LOGICAL_NOT     reduce using rule 91 (bitwise_and_expression -> bitwise_and_expression BITWISE_AND arith_comparison_expression .)
    BITWISE_NOT     reduce using rule 91 (bitwise_and_expression -> bitwise_and_expression BITWISE_AND arith_comparison_expression .)
    MINUS           reduce using rule 91 (bitwise_and_expression -> bitwise_and_expression BITWISE_AND arith_comparison_expression .)
    LPAREN          reduce using rule 91 (bitwise_and_expression -> bitwise_and_expression BITWISE_AND arith_comparison_expression .)
    STRING_LITERAL  reduce using rule 91 (bitwise_and_expression -> bitwise_and_expression BITWISE_AND arith_comparison_expression .)
    $end            reduce using rule 91 (bitwise_and_expression -> bitwise_and_expression BITWISE_AND arith_comparison_expression .)
    RBRACKET        reduce using rule 91 (bitwise_and_expression -> bitwise_and_expression BITWISE_AND arith_comparison_expression .)
    SEPARATOR       reduce using rule 91 (bitwise_and_expression -> bitwise_and_expression BITWISE_AND arith_comparison_expression .)
    RPAREN          reduce using rule 91 (bitwise_and_expression -> bitwise_and_expression BITWISE_AND arith_comparison_expression .)
    RCURLY_BRACKET  reduce using rule 91 (bitwise_and_expression -> bitwise_and_expression BITWISE_AND arith_comparison_expression .)
    QUESTION        reduce using rule 91 (bitwise_and_expression -> bitwise_and_expression BITWISE_AND arith_comparison_expression .)
    COLON           reduce using rule 91 (bitwise_and_expression -> bitwise_and_expression BITWISE_AND arith_comparison_expression .)
    EQ              shift and go to state 99
    NE              shift and go to state 100
    LANGLE          shift and go to state 101
    RANGLE          shift and go to state 102
    LE              shift and go to state 103
    GE              shift and go to state 104

  ! EQ              [ reduce using rule 91 (bitwise_and_expression -> bitwise_and_expression BITWISE_AND arith_comparison_expression .) ]
  ! NE              [ reduce using rule 91 (bitwise_and_expression -> bitwise_and_expression BITWISE_AND arith_comparison_expression .) ]
  ! LANGLE          [ reduce using rule 91 (bitwise_and_expression -> bitwise_and_expression BITWISE_AND arith_comparison_expression .) ]
  ! RANGLE          [ reduce using rule 91 (bitwise_and_expression -> bitwise_and_expression BITWISE_AND arith_comparison_expression .) ]
  ! LE              [ reduce using rule 91 (bitwise_and_expression -> bitwise_and_expression BITWISE_AND arith_comparison_expression .) ]
  ! GE              [ reduce using rule 91 (bitwise_and_expression -> bitwise_and_expression BITWISE_AND arith_comparison_expression .) ]


state 165

    (93) arith_comparison_expression -> arith_comparison_expression EQ shift_expression .
    (100) shift_expression -> shift_expression . LSHL additive_expression
    (101) shift_expression -> shift_expression . LSHR additive_expression
    (102) shift_expression -> shift_expression . ASHR additive_expression

    EQ              reduce using rule 93 (arith_comparison_expression -> arith_comparison_expression EQ shift_expression .)
    NE              reduce using rule 93 (arith_comparison_expression -> arith_comparison_expression EQ shift_expression .)
    LANGLE          reduce using rule 93 (arith_comparison_expression -> arith_comparison_expression EQ shift_expression .)
    RANGLE          reduce using rule 93 (arith_comparison_expression -> arith_comparison_expression EQ shift_expression .)
    LE              reduce using rule 93 (arith_comparison_expression -> arith_comparison_expression EQ shift_expression .)
    GE              reduce using rule 93 (arith_comparison_expression -> arith_comparison_expression EQ shift_expression .)
    BITWISE_AND     reduce using rule 93 (arith_comparison_expression -> arith_comparison_expression EQ shift_expression .)
    BITWISE_XOR     reduce using rule 93 (arith_comparison_expression -> arith_comparison_expression EQ shift_expression .)
    BITWISE_OR      reduce using rule 93 (arith_comparison_expression -> arith_comparison_expression EQ shift_expression .)
    LOGICAL_AND     reduce using rule 93 (arith_comparison_expression -> arith_comparison_expression EQ shift_expression .)
    PARALLEL        reduce using rule 93 (arith_comparison_expression -> arith_comparison_expression EQ shift_expression .)
    POINTER         reduce using rule 93 (arith_comparison_expression -> arith_comparison_expression EQ shift_expression .)
    PPOINTER        reduce using rule 93 (arith_comparison_expression -> arith_comparison_expression EQ shift_expression .)
    NULLCOALESCE    reduce using rule 93 (arith_comparison_expression -> arith_comparison_expression EQ shift_expression .)
    VAR_DECL        reduce using rule 93 (arith_comparison_expression -> arith_comparison_expression EQ shift_expression .)
    INT             reduce using rule 93 (arith_comparison_expression -> arith_comparison_expression EQ shift_expression .)
    FLOAT           reduce using rule 93 (arith_comparison_expression -> arith_comparison_expression EQ shift_expression .)
    IDENTIFIER      reduce using rule 93 (arith_comparison_expression -> arith_comparison_expression EQ shift_expression .)
    LCURLY_BRACKET  reduce using rule 93 (arith_comparison_expression -> arith_comparison_expression EQ shift_expression .)
    VAR_ACCESS      reduce using rule 93 (arith_comparison_expression -> arith_comparison_expression EQ shift_expression .)
    MAP             reduce using rule 93 (arith_comparison_expression -> arith_comparison_expression EQ shift_expression .)
    FILTER          reduce using rule 93 (arith_comparison_expression -> arith_comparison_expression EQ shift_expression .)
    REDUCE          reduce using rule 93 (arith_comparison_expression -> arith_comparison_expression EQ shift_expression .)
    FOREACH         reduce using rule 93 (arith_comparison_expression -> arith_comparison_expression EQ shift_expression .)
    FLATMAP         reduce using rule 93 (arith_comparison_expression -> arith_comparison_expression EQ shift_expression .)
    FANOUT          reduce using rule 93 (arith_comparison_expression -> arith_comparison_expression EQ shift_expression .)
    LBRACKET        reduce using rule 93 (arith_comparison_expression -> arith_comparison_expression EQ shift_expression .)
    NULL            reduce using rule 93 (arith_comparison_expression -> arith_comparison_expression EQ shift_expression .)
    LOGICAL_NOT     reduce using rule 93 (arith_comparison_expression -> arith_comparison_expression EQ shift_expression .)
    BITWISE_NOT     reduce using rule 93 (arith_comparison_expression -> arith_comparison_expression EQ shift_expression .)
    MINUS           reduce using rule 93 (arith_comparison_expression -> arith_comparison_expression EQ shift_expression .)
    LPAREN          reduce using rule 93 (arith_comparison_expression -> arith_comparison_expression EQ shift_expression .)
    STRING_LITERAL  reduce using rule 93 (arith_comparison_expression -> arith_comparison_expression EQ shift_expression .)
    $end            reduce using rule 93 (arith_comparison_expression -> arith_comparison_expression EQ shift_expression .)
    RBRACKET        reduce using rule 93 (arith_comparison_expression -> arith_comparison_expression EQ shift_expression .)
    SEPARATOR       reduce using rule 93 (arith_comparison_expression -> arith_comparison_expression EQ shift_expression .)
    RPAREN          reduce using rule 93 (arith_comparison_expression -> arith_comparison_expression EQ shift_expression .)
    RCURLY_BRACKET  reduce using rule 93 (arith_comparison_expression -> arith_comparison_expression EQ shift_expression .)
    QUESTION        reduce using rule 93 (arith_comparison_expression -> arith_comparison_expression EQ shift_expression .)
    COLON           reduce using rule 93 (arith_comparison_expression -> arith_comparison_expression EQ shift_expression .)
    LSHL            shift and go to state 105
    LSHR            shift and go to state 106
    ASHR            shift and go to state 107


state 166

    (94) arith_comparison_expression -> arith_comparison_expression NE shift_expression .
    (100) shift_expression -> shift_expression . LSHL additive_expression
    (101) shift_expression -> shift_expression . LSHR additive_expression
    (102) shift_expression -> shift_expression . ASHR additive_expression

    EQ              reduce using rule 94 (arith_comparison_expression -> arith_comparison_expression NE shift_expression .)
    NE              reduce using rule 94 (arith_comparison_expression -> arith_comparison_expression NE shift_expression .)
    LANGLE          reduce using rule 94 (arith_comparison_expression -> arith_comparison_expression NE shift_expression .)
    RANGLE          reduce using rule 94 (arith_comparison_expression -> arith_comparison_expression NE shift_expression .)
    LE              reduce using rule 94 (arith_comparison_expression -> arith_comparison_expression NE shift_expression .)
    GE              reduce using rule 94 (arith_comparison_expression -> arith_comparison_expression NE shift_expression .)
    BITWISE_AND     reduce using rule 94 (arith_comparison_expression -> arith_comparison_expression NE shift_expression .)
    BITWISE_XOR     reduce using rule 94 (arith_comparison_expression -> arith_comparison_expression NE shift_expression .)
    BITWISE_OR      reduce using rule 94 (arith_comparison_expression -> arith_comparison_expression NE shift_expression .)
    LOGICAL_AND     reduce using rule 94 (arith_comparison_expression -> arith_comparison_expression NE shift_expression .)
    PARALLEL        reduce using rule 94 (arith_comparison_expression -> arith_comparison_expression NE shift_expression .)
    POINTER         reduce using rule 94 (arith_comparison_expression -> arith_comparison_expression NE shift_expression .)
    PPOINTER        reduce using rule 94 (arith_comparison_expression -> arith_comparison_expression NE shift_expression .)
    NULLCOALESCE    reduce using rule 94 (arith_comparison_expression -> arith_comparison_expression NE shift_expression .)
    VAR_DECL        reduce using rule 94 (arith_comparison_expression -> arith_comparison_expression NE shift_expression .)
    INT             reduce using rule 94 (arith_comparison_expression -> arith_comparison_expression NE shift_expression .)
    FLOAT           reduce using rule 94 (arith_comparison_expression -> arith_comparison_expression NE shift_expression .)
    IDENTIFIER      reduce using rule 94 (arith_comparison_expression -> arith_comparison_expression NE shift_expression .)
    LCURLY_BRACKET  reduce using rule 94 (arith_comparison_expression -> arith_comparison_expression NE shift_expression .)
    VAR_ACCESS      reduce using rule 94 (arith_comparison_expression -> arith_comparison_expression NE shift_expression .)
    MAP             reduce using rule 94 (arith_comparison_expression -> arith_comparison_expression NE shift_expression .)
    FILTER          reduce using rule 94 (arith_comparison_expression -> arith_comparison_expression NE shift_expression .)
    REDUCE          reduce using rule 94 (arith_comparison_expression -> arith_comparison_expression NE shift_expression .)
    FOREACH         reduce using rule 94 (arith_comparison_expression -> arith_comparison_expression NE shift_expression .)
    FLATMAP         reduce using rule 94 (arith_comparison_expression -> arith_comparison_expression NE shift_expression .)
    FANOUT          reduce using rule 94 (arith_comparison_expression -> arith_comparison_expression NE shift_expression .)
    LBRACKET        reduce using rule 94 (arith_comparison_expression -> arith_comparison_expression NE shift_expression .)
    NULL            reduce using rule 94 (arith_comparison_expression -> arith_comparison_expression NE shift_expression .)
    LOGICAL_NOT     reduce using rule 94 (arith_comparison_expression -> arith_comparison_expression NE shift_expression .)
    BITWISE_NOT     reduce using rule 94 (arith_comparison_expression -> arith_comparison_expression NE shift_expression .)
    MINUS           reduce using rule 94 (arith_comparison_expression -> arith_comparison_expression NE shift_expression .)
    LPAREN          reduce using rule 94 (arith_comparison_expression -> arith_comparison_expression NE shift_expression .)
    STRING_LITERAL  reduce using rule 94 (arith_comparison_expression -> arith_comparison_expression NE shift_expression .)
    $end            reduce using rule 94 (arith_comparison_expression -> arith_comparison_expression NE shift_expression .)
    RBRACKET        reduce using rule 94 (arith_comparison_expression -> arith_comparison_expression NE shift_expression .)
    SEPARATOR       reduce using rule 94 (arith_comparison_expression -> arith_comparison_expression NE shift_expression .)
    RPAREN          reduce using rule 94 (arith_comparison_expression -> arith_comparison_expression NE shift_expression .)
    RCURLY_BRACKET  reduce using rule 94 (arith_comparison_expression -> arith_comparison_expression NE shift_expression .)
    QUESTION        reduce using rule 94 (arith_comparison_expression -> arith_comparison_expression NE shift_expression .)
    COLON           reduce using rule 94 (arith_comparison_expression -> arith_comparison_expression NE shift_expression .)
    LSHL            shift and go to state 105
    LSHR            shift and go to state 106
    ASHR            shift and go to state 107


state 167

    (95) arith_comparison_expression -> arith_comparison_expression LANGLE shift_expression .
    (100) shift_expression -> shift_expression . LSHL additive_expression
    (101) shift_expression -> shift_expression . LSHR additive_expression
    (102) shift_expression -> shift_expression . ASHR additive_expression

    EQ              reduce using rule 95 (arith_comparison_expression -> arith_comparison_expression LANGLE shift_expression .)
    NE              reduce using rule 95 (arith_comparison_expression -> arith_comparison_expression LANGLE shift_expression .)
    LANGLE          reduce using rule 95 (arith_comparison_expression -> arith_comparison_expression LANGLE shift_expression .)
    RANGLE          reduce using rule 95 (arith_comparison_expression -> arith_comparison_expression LANGLE shift_expression .)
    LE              reduce using rule 95 (arith_comparison_expression -> arith_comparison_expression LANGLE shift_expression .)
    GE              reduce using rule 95 (arith_comparison_expression -> arith_comparison_expression LANGLE shift_expression .)
    BITWISE_AND     reduce using rule 95 (arith_comparison_expression -> arith_comparison_expression LANGLE shift_expression .)
    BITWISE_XOR     reduce using rule 95 (arith_comparison_expression -> arith_comparison_expression LANGLE shift_expression .)
    BITWISE_OR      reduce using rule 95 (arith_comparison_expression -> arith_comparison_expression LANGLE shift_expression .)
    LOGICAL_AND     reduce using rule 95 (arith_comparison_expression -> arith_comparison_expression LANGLE shift_expression .)
    PARALLEL        reduce using rule 95 (arith_comparison_expression -> arith_comparison_expression LANGLE shift_expression .)
    POINTER         reduce using rule 95 (arith_comparison_expression -> arith_comparison_expression LANGLE shift_expression .)
    PPOINTER        reduce using rule 95 (arith_comparison_expression -> arith_comparison_expression LANGLE shift_expression .)
    NULLCOALESCE    reduce using rule 95 (arith_comparison_expression -> arith_comparison_expression LANGLE shift_expression .)
    VAR_DECL        reduce using rule 95 (arith_comparison_expression -> arith_comparison_expression LANGLE shift_expression .)
    INT             reduce using rule 95 (arith_comparison_expression -> arith_comparison_expression LANGLE shift_expression .)
    FLOAT           reduce using rule 95 (arith_comparison_expression -> arith_comparison_expression LANGLE shift_expression .)
    IDENTIFIER      reduce using rule 95 (arith_comparison_expression -> arith_comparison_expression LANGLE shift_expression .)
    LCURLY_BRACKET  reduce using rule 95 (arith_comparison_expression -> arith_comparison_expression LANGLE shift_expression .)
    VAR_ACCESS      reduce using rule 95 (arith_comparison_expression -> arith_comparison_expression LANGLE shift_expression .)
    MAP             reduce using rule 95 (arith_comparison_expression -> arith_comparison_expression LANGLE shift_expression .)
    FILTER          reduce using rule 95 (arith_comparison_expression -> arith_comparison_expression LANGLE shift_expression .)
    REDUCE          reduce using rule 95 (arith_comparison_expression -> arith_comparison_expression LANGLE shift_expression .)
    FOREACH         reduce using rule 95 (arith_comparison_expression -> arith_comparison_expression LANGLE shift_expression .)
    FLATMAP         reduce using rule 95 (arith_comparison_expression -> arith_comparison_expression LANGLE shift_expression .)
    FANOUT          reduce using rule 95 (arith_comparison_expression -> arith_comparison_expression LANGLE shift_expression .)
    LBRACKET        reduce using rule 95 (arith_comparison_expression -> arith_comparison_expression LANGLE shift_expression .)
    NULL            reduce using rule 95 (arith_comparison_expression -> arith_comparison_expression LANGLE shift_expression .)
    LOGICAL_NOT     reduce using rule 95 (arith_comparison_expression -> arith_comparison_expression LANGLE shift_expression .)
    BITWISE_NOT     reduce using rule 95 (arith_comparison_expression -> arith_comparison_expression LANGLE shift_expression .)
    MINUS           reduce using rule 95 (arith_comparison_expression -> arith_comparison_expression LANGLE shift_expression .)
    LPAREN          reduce using rule 95 (arith_comparison_expression -> arith_comparison_expression LANGLE shift_expression .)
    STRING_LITERAL  reduce using rule 95 (arith_comparison_expression -> arith_comparison_expression LANGLE shift_expression .)
    $end            reduce using rule 95 (arith_comparison_expression -> arith_comparison_expression LANGLE shift_expression .)
    RBRACKET        reduce using rule 95 (arith_comparison_expression -> arith_comparison_expression LANGLE shift_expression .)
    SEPARATOR       reduce using rule 95 (arith_comparison_expression -> arith_comparison_expression LANGLE shift_expression .)
    RPAREN          reduce using rule 95 (arith_comparison_expression -> arith_comparison_expression LANGLE shift_expression .)
    RCURLY_BRACKET  reduce using rule 95 (arith_comparison_expression -> arith_comparison_expression LANGLE shift_expression .)
    QUESTION        reduce using rule 95 (arith_comparison_expression -> arith_comparison_expression LANGLE shift_expression .)
    COLON           reduce using rule 95 (arith_comparison_expression -> arith_comparison_expression LANGLE shift_expression .)
    LSHL            shift and go to state 105
    LSHR            shift and go to state 106
    ASHR            shift and go to state 107


state 168

    (96) arith_comparison_expression -> arith_comparison_expression RANGLE shift_expression .
    (100) shift_expression -> shift_expression . LSHL additive_expression
    (101) shift_expression -> shift_expression . LSHR additive_expression
    (102) shift_expression -> shift_expression . ASHR additive_expression

    EQ              reduce using rule 96 (arith_comparison_expression -> arith_comparison_expression RANGLE shift_expression .)
    NE              reduce using rule 96 (arith_comparison_expression -> arith_comparison_expression RANGLE shift_expression .)
    LANGLE          reduce using rule 96 (arith_comparison_expression -> arith_comparison_expression RANGLE shift_expression .)
    RANGLE          reduce using rule 96 (arith_comparison_expression -> arith_comparison_expression RANGLE shift_expression .)
    LE              reduce using rule 96 (arith_comparison_expression -> arith_comparison_expression RANGLE shift_expression .)
    GE              reduce using rule 96 (arith_comparison_expression -> arith_comparison_expression RANGLE shift_expression .)
    BITWISE_AND     reduce using rule 96 (arith_comparison_expression -> arith_comparison_expression RANGLE shift_expression .)
    BITWISE_XOR     reduce using rule 96 (arith_comparison_expression -> arith_comparison_expression RANGLE shift_expression .)
    BITWISE_OR      reduce using rule 96 (arith_comparison_expression -> arith_comparison_expression RANGLE shift_expression .)
    LOGICAL_AND     reduce using rule 96 (arith_comparison_expression -> arith_comparison_expression RANGLE shift_expression .)
    PARALLEL        reduce using rule 96 (arith_comparison_expression -> arith_comparison_expression RANGLE shift_expression .)
    POINTER         reduce using rule 96 (arith_comparison_expression -> arith_comparison_expression RANGLE shift_expression .)
    PPOINTER        reduce using rule 96 (arith_comparison_expression -> arith_comparison_expression RANGLE shift_expression .)
    NULLCOALESCE    reduce using rule 96 (arith_comparison_expression -> arith_comparison_expression RANGLE shift_expression .)
    VAR_DECL        reduce using rule 96 (arith_comparison_expression -> arith_comparison_expression RANGLE shift_expression .)
    INT             reduce using rule 96 (arith_comparison_expression -> arith_comparison_expression RANGLE shift_expression .)
    FLOAT           reduce using rule 96 (arith_comparison_expression -> arith_comparison_expression RANGLE shift_expression .)
    IDENTIFIER      reduce using rule 96 (arith_comparison_expression -> arith_comparison_expression RANGLE shift_expression .)
    LCURLY_BRACKET  reduce using rule 96 (arith_comparison_expression -> arith_comparison_expression RANGLE shift_expression .)
    VAR_ACCESS      reduce using rule 96 (arith_comparison_expression -> arith_comparison_expression RANGLE shift_expression .)
    MAP             reduce using rule 96 (arith_comparison_expression -> arith_comparison_expression RANGLE shift_expression .)
    FILTER          reduce using rule 96 (arith_comparison_expression -> arith_comparison_expression RANGLE shift_expression .)
    REDUCE          reduce using rule 96 (arith_comparison_expression -> arith_comparison_expression RANGLE shift_expression .)
    FOREACH         reduce using rule 96 (arith_comparison_expression -> arith_comparison_expression RANGLE shift_expression .)
    FLATMAP         reduce using rule 96 (arith_comparison_expression -> arith_comparison_expression RANGLE shift_expression .)
    FANOUT          reduce using rule 96 (arith_comparison_expression -> arith_comparison_expression RANGLE shift_expression .)
    LBRACKET        reduce using rule 96 (arith_comparison_expression -> arith_comparison_expression RANGLE shift_expression .)
    NULL            reduce using rule 96 (arith_comparison_expression -> arith_comparison_expression RANGLE shift_expression .)
    LOGICAL_NOT     reduce using rule 96 (arith_comparison_expression -> arith_comparison_expression RANGLE shift_expression .)
    BITWISE_NOT     reduce using rule 96 (arith_comparison_expression -> arith_comparison_expression RANGLE shift_expression .)
    MINUS           reduce using rule 96 (arith_comparison_expression -> arith_comparison_expression RANGLE shift_expression .)
    LPAREN          reduce using rule 96 (arith_comparison_expression -> arith_comparison_expression RANGLE shift_expression .)
    STRING_LITERAL  reduce using rule 96 (arith_comparison_expression -> arith_comparison_expression RANGLE shift_expression .)
    $end            reduce using rule 96 (arith_comparison_expression -> arith_comparison_expression RANGLE shift_expression .)
    RBRACKET        reduce using rule 96 (arith_comparison_expression -> arith_comparison_expression RANGLE shift_expression .)
    SEPARATOR       reduce using rule 96 (arith_comparison_expression -> arith_comparison_expression RANGLE shift_expression .)
    RPAREN          reduce using rule 96 (arith_comparison_expression -> arith_comparison_expression RANGLE shift_expression .)
    RCURLY_BRACKET  reduce using rule 96 (arith_comparison_expression -> arith_comparison_expression RANGLE shift_expression .)
    QUESTION        reduce using rule 96 (arith_comparison_expression -> arith_comparison_expression RANGLE shift_expression .)
    COLON           reduce using rule 96 (arith_comparison_expression -> arith_comparison_expression RANGLE shift_expression .)
    LSHL            shift and go to state 105
    LSHR            shift and go to state 106
    ASHR            shift and go to state 107


state 169

    (97) arith_comparison_expression -> arith_comparison_expression LE shift_expression .
    (100) shift_expression -> shift_expression . LSHL additive_expression
    (101) shift_expression -> shift_expression . LSHR additive_expression
    (102) shift_expression -> shift_expression . ASHR additive_expression

    EQ              reduce using rule 97 (arith_comparison_expression -> arith_comparison_expression LE shift_expression .)
    NE              reduce using rule 97 (arith_comparison_expression -> arith_comparison_expression LE shift_expression .)
    LANGLE          reduce using rule 97 (arith_comparison_expression -> arith_comparison_expression LE shift_expression .)
    RANGLE          reduce using rule 97 (arith_comparison_expression -> arith_comparison_expression LE shift_expression .)
    LE              reduce using rule 97 (arith_comparison_expression -> arith_comparison_expression LE shift_expression .)
    GE              reduce using rule 97 (arith_comparison_expression -> arith_comparison_expression LE shift_expression .)
    BITWISE_AND     reduce using rule 97 (arith_comparison_expression -> arith_comparison_expression LE shift_expression .)
    BITWISE_XOR     reduce using rule 97 (arith_comparison_expression -> arith_comparison_expression LE shift_expression .)
    BITWISE_OR      reduce using rule 97 (arith_comparison_expression -> arith_comparison_expression LE shift_expression .)
    LOGICAL_AND     reduce using rule 97 (arith_comparison_expression -> arith_comparison_expression LE shift_expression .)
    PARALLEL        reduce using rule 97 (arith_comparison_expression -> arith_comparison_expression LE shift_expression .)
    POINTER         reduce using rule 97 (arith_comparison_expression -> arith_comparison_expression LE shift_expression .)
    PPOINTER        reduce using rule 97 (arith_comparison_expression -> arith_comparison_expression LE shift_expression .)
    NULLCOALESCE    reduce using rule 97 (arith_comparison_expression -> arith_comparison_expression LE shift_expression .)
    VAR_DECL        reduce using rule 97 (arith_comparison_expression -> arith_comparison_expression LE shift_expression .)
    INT             reduce using rule 97 (arith_comparison_expression -> arith_comparison_expression LE shift_expression .)
    FLOAT           reduce using rule 97 (arith_comparison_expression -> arith_comparison_expression LE shift_expression .)
    IDENTIFIER      reduce using rule 97 (arith_comparison_expression -> arith_comparison_expression LE shift_expression .)
    LCURLY_BRACKET  reduce using rule 97 (arith_comparison_expression -> arith_comparison_expression LE shift_expression .)
    VAR_ACCESS      reduce using rule 97 (arith_comparison_expression -> arith_comparison_expression LE shift_expression .)
    MAP             reduce using rule 97 (arith_comparison_expression -> arith_comparison_expression LE shift_expression .)
    FILTER          reduce using rule 97 (arith_comparison_expression -> arith_comparison_expression LE shift_expression .)
    REDUCE          reduce using rule 97 (arith_comparison_expression -> arith_comparison_expression LE shift_expression .)
    FOREACH         reduce using rule 97 (arith_comparison_expression -> arith_comparison_expression LE shift_expression .)
    FLATMAP         reduce using rule 97 (arith_comparison_expression -> arith_comparison_expression LE shift_expression .)
    FANOUT          reduce using rule 97 (arith_comparison_expression -> arith_comparison_expression LE shift_expression .)
    LBRACKET        reduce using rule 97 (arith_comparison_expression -> arith_comparison_expression LE shift_expression .)
    NULL            reduce using rule 97 (arith_comparison_expression -> arith_comparison_expression LE shift_expression .)
    LOGICAL_NOT     reduce using rule 97 (arith_comparison_expression -> arith_comparison_expression LE shift_expression .)
    BITWISE_NOT     reduce using rule 97 (arith_comparison_expression -> arith_comparison_expression LE shift_expression .)
    MINUS           reduce using rule 97 (arith_comparison_expression -> arith_comparison_expression LE shift_expression .)
    LPAREN          reduce using rule 97 (arith_comparison_expression -> arith_comparison_expression LE shift_expression .)
    STRING_LITERAL  reduce using rule 97 (arith_comparison_expression -> arith_comparison_expression LE shift_expression .)
    $end            reduce using rule 97 (arith_comparison_expression -> arith_comparison_expression LE shift_expression .)
    RBRACKET        reduce using rule 97 (arith_comparison_expression -> arith_comparison_expression LE shift_expression .)
    SEPARATOR       reduce using rule 97 (arith_comparison_expression -> arith_comparison_expression LE shift_expression .)
    RPAREN          reduce using rule 97 (arith_comparison_expression -> arith_comparison_expression LE shift_expression .)
    RCURLY_BRACKET  reduce using rule 97 (arith_comparison_expression -> arith_comparison_expression LE shift_expression .)
    QUESTION        reduce using rule 97 (arith_comparison_expression -> arith_comparison_expression LE shift_expression .)
    COLON           reduce using rule 97 (arith_comparison_expression -> arith_comparison_expression LE shift_expression .)
    LSHL            shift and go to state 105
    LSHR            shift and go to state 106
    ASHR            shift and go to state 107


state 170

    (98) arith_comparison_expression -> arith_comparison_expression GE shift_expression .
    (100) shift_expression -> shift_expression . LSHL additive_expression
    (101) shift_expression -> shift_expression . LSHR additive_expression
    (102) shift_expression -> shift_expression . ASHR additive_expression

    EQ              reduce using rule 98 (arith_comparison_expression -> arith_comparison_expression GE shift_expression .)
    NE              reduce using rule 98 (arith_comparison_expression -> arith_comparison_expression GE shift_expression .)
    LANGLE          reduce using rule 98 (arith_comparison_expression -> arith_comparison_expression GE shift_expression .)
    RANGLE          reduce using rule 98 (arith_comparison_expression -> arith_comparison_expression GE shift_expression .)
    LE              reduce using rule 98 (arith_comparison_expression -> arith_comparison_expression GE shift_expression .)
    GE              reduce using rule 98 (arith_comparison_expression -> arith_comparison_expression GE shift_expression .)
    BITWISE_AND     reduce using rule 98 (arith_comparison_expression -> arith_comparison_expression GE shift_expression .)
    BITWISE_XOR     reduce using rule 98 (arith_comparison_expression -> arith_comparison_expression GE shift_expression .)
    BITWISE_OR      reduce using rule 98 (arith_comparison_expression -> arith_comparison_expression GE shift_expression .)
    LOGICAL_AND     reduce using rule 98 (arith_comparison_expression -> arith_comparison_expression GE shift_expression .)
    PARALLEL        reduce using rule 98 (arith_comparison_expression -> arith_comparison_expression GE shift_expression .)
    POINTER         reduce using rule 98 (arith_comparison_expression -> arith_comparison_expression GE shift_expression .)
    PPOINTER        reduce using rule 98 (arith_comparison_expression -> arith_comparison_expression GE shift_expression .)
    NULLCOALESCE    reduce using rule 98 (arith_comparison_expression -> arith_comparison_expression GE shift_expression .)
    VAR_DECL        reduce using rule 98 (arith_comparison_expression -> arith_comparison_expression GE shift_expression .)
    INT             reduce using rule 98 (arith_comparison_expression -> arith_comparison_expression GE shift_expression .)
    FLOAT           reduce using rule 98 (arith_comparison_expression -> arith_comparison_expression GE shift_expression .)
    IDENTIFIER      reduce using rule 98 (arith_comparison_expression -> arith_comparison_expression GE shift_expression .)
    LCURLY_BRACKET  reduce using rule 98 (arith_comparison_expression -> arith_comparison_expression GE shift_expression .)
    VAR_ACCESS      reduce using rule 98 (arith_comparison_expression -> arith_comparison_expression GE shift_expression .)
    MAP             reduce using rule 98 (arith_comparison_expression -> arith_comparison_expression GE shift_expression .)
    FILTER          reduce using rule 98 (arith_comparison_expression -> arith_comparison_expression GE shift_expression .)
    REDUCE          reduce using rule 98 (arith_comparison_expression -> arith_comparison_expression GE shift_expression .)
    FOREACH         reduce using rule 98 (arith_comparison_expression -> arith_comparison_expression GE shift_expression .)
    FLATMAP         reduce using rule 98 (arith_comparison_expression -> arith_comparison_expression GE shift_expression .)
    FANOUT          reduce using rule 98 (arith_comparison_expression -> arith_comparison_expression GE shift_expression .)
    LBRACKET        reduce using rule 98 (arith_comparison_expression -> arith_comparison_expression GE shift_expression .)
    NULL            reduce using rule 98 (arith_comparison_expression -> arith_comparison_expression GE shift_expression .)
    LOGICAL_NOT     reduce using rule 98 (arith_comparison_expression -> arith_comparison_expression GE shift_expression .)
    BITWISE_NOT     reduce using rule 98 (arith_comparison_expression -> arith_comparison_expression GE shift_expression .)
    MINUS           reduce using rule 98 (arith_comparison_expression -> arith_comparison_expression GE shift_expression .)
    LPAREN          reduce using rule 98 (arith_comparison_expression -> arith_comparison_expression GE shift_expression .)
    STRING_LITERAL  reduce using rule 98 (arith_comparison_expression -> arith_comparison_expression GE shift_expression .)
    $end            reduce using rule 98 (arith_comparison_expression -> arith_comparison_expression GE shift_expression .)
    RBRACKET        reduce using rule 98 (arith_comparison_expression -> arith_comparison_expression GE shift_expression .)
    SEPARATOR       reduce using rule 98 (arith_comparison_expression -> arith_comparison_expression GE shift_expression .)
    RPAREN          reduce using rule 98 (arith_comparison_expression -> arith_comparison_expression GE shift_expression .)
    RCURLY_BRACKET  reduce using rule 98 (arith_comparison_expression -> arith_comparison_expression GE shift_expression .)
    QUESTION        reduce using rule 98 (arith_comparison_expression -> arith_comparison_expression GE shift_expression .)
    COLON           reduce using rule 98 (arith_comparison_expression -> arith_comparison_expression GE shift_expression .)
    LSHL            shift and go to state 105
    LSHR            shift and go to state 106
    ASHR            shift and go to state 107


state 171

    (100) shift_expression -> shift_expression LSHL additive_expression .
    (104) additive_expression -> additive_expression . PLUS multiplicative_expression
    (105) additive_expression -> additive_expression . MINUS multiplicative_expression

  ! shift/reduce conflict for MINUS resolved as shift
    LSHL            reduce using rule 100 (shift_expression -> shift_expression LSHL additive_expression .)
    LSHR            reduce using rule 100 (shift_expression -> shift_expression LSHL additive_expression .)
    ASHR            reduce using rule 100 (shift_expression -> shift_expression LSHL additive_expression .)
    EQ              reduce using rule 100 (shift_expression -> shift_expression LSHL additive_expression .)
    NE              reduce using rule 100 (shift_expression -> shift_expression LSHL additive_expression .)
    LANGLE          reduce using rule 100 (shift_expression -> shift_expression LSHL additive_expression .)
    RANGLE          reduce using rule 100 (shift_expression -> shift_expression LSHL additive_expression .)
    LE              reduce using rule 100 (shift_expression -> shift_expression LSHL additive_expression .)
    GE              reduce using rule 100 (shift_expression -> shift_expression LSHL additive_expression .)
    BITWISE_AND     reduce using rule 100 (shift_expression -> shift_expression LSHL additive_expression .)
    BITWISE_XOR     reduce using rule 100 (shift_expression -> shift_expression LSHL additive_expression .)
    BITWISE_OR      reduce using rule 100 (shift_expression -> shift_expression LSHL additive_expression .)
    LOGICAL_AND     reduce using rule 100 (shift_expression -> shift_expression LSHL additive_expression .)
    PARALLEL        reduce using rule 100 (shift_expression -> shift_expression LSHL additive_expression .)
    POINTER         reduce using rule 100 (shift_expression -> shift_expression LSHL additive_expression .)
    PPOINTER        reduce using rule 100 (shift_expression -> shift_expression LSHL additive_expression .)
    NULLCOALESCE    reduce using rule 100 (shift_expression -> shift_expression LSHL additive_expression .)
    VAR_DECL        reduce using rule 100 (shift_expression -> shift_expression LSHL additive_expression .)
    INT             reduce using rule 100 (shift_expression -> shift_expression LSHL additive_expression .)
    FLOAT           reduce using rule 100 (shift_expression -> shift_expression LSHL additive_expression .)
    IDENTIFIER      reduce using rule 100 (shift_expression -> shift_expression LSHL additive_expression .)
    LCURLY_BRACKET  reduce using rule 100 (shift_expression -> shift_expression LSHL additive_expression .)
    VAR_ACCESS      reduce using rule 100 (shift_expression -> shift_expression LSHL additive_expression .)
    MAP             reduce using rule 100 (shift_expression -> shift_expression LSHL additive_expression .)
    FILTER          reduce using rule 100 (shift_expression -> shift_expression LSHL additive_expression .)
    REDUCE          reduce using rule 100 (shift_expression -> shift_expression LSHL additive_expression .)
    FOREACH         reduce using rule 100 (shift_expression -> shift_expression LSHL additive_expression .)
    FLATMAP         reduce using rule 100 (shift_expression -> shift_expression LSHL additive_expression .)
    FANOUT          reduce using rule 100 (shift_expression -> shift_expression LSHL additive_expression .)
    LBRACKET        reduce using rule 100 (shift_expression -> shift_expression LSHL additive_expression .)
    NULL            reduce using rule 100 (shift_expression -> shift_expression LSHL additive_expression .)
    LOGICAL_NOT     reduce using rule 100 (shift_expression -> shift_expression LSHL additive_expression .)
    BITWISE_NOT     reduce using rule 100 (shift_expression -> shift_expression LSHL additive_expression .)
    LPAREN          reduce using rule 100 (shift_expression -> shift_expression LSHL additive_expression .)
    STRING_LITERAL  reduce using rule 100 (shift_expression -> shift_expression LSHL additive_expression .)
    $end            reduce using rule 100 (shift_expression -> shift_expression LSHL additive_expression .)
    RBRACKET        reduce using rule 100 (shift_expression -> shift_expression LSHL additive_expression .)
    SEPARATOR       reduce using rule 100 (shift_expression -> shift_expression LSHL additive_expression .)
    RPAREN          reduce using rule 100 (shift_expression -> shift_expression LSHL additive_expression .)
    RCURLY_BRACKET  reduce using rule 100 (shift_expression -> shift_expression LSHL additive_expression .)
    QUESTION        reduce using rule 100 (shift_expression -> shift_expression LSHL additive_expression .)
    COLON           reduce using rule 100 (shift_expression -> shift_expression LSHL additive_expression .)
    PLUS            shift and go to state 108
    MINUS           shift and go to state 109

  ! MINUS           [ reduce using rule 100 (shift_expression -> shift_expression LSHL additive_expression .) ]


state 172

    (101) shift_expression -> shift_expression LSHR additive_expression .
    (104) additive_expression -> additive_expression . PLUS multiplicative_expression
    (105) additive_expression -> additive_expression . MINUS multiplicative_expression

  ! shift/reduce conflict for MINUS resolved as shift
    LSHL            reduce using rule 101 (shift_expression -> shift_expression LSHR additive_expression .)
    LSHR            reduce using rule 101 (shift_expression -> shift_expression LSHR additive_expression .)
    ASHR            reduce using rule 101 (shift_expression -> shift_expression LSHR additive_expression .)
    EQ              reduce using rule 101 (shift_expression -> shift_expression LSHR additive_expression .)
    NE              reduce using rule 101 (shift_expression -> shift_expression LSHR additive_expression .)
    LANGLE          reduce using rule 101 (shift_expression -> shift_expression LSHR additive_expression .)
    RANGLE          reduce using rule 101 (shift_expression -> shift_expression LSHR additive_expression .)
    LE              reduce using rule 101 (shift_expression -> shift_expression LSHR additive_expression .)
    GE              reduce using rule 101 (shift_expression -> shift_expression LSHR additive_expression .)
    BITWISE_AND     reduce using rule 101 (shift_expression -> shift_expression LSHR additive_expression .)
    BITWISE_XOR     reduce using rule 101 (shift_expression -> shift_expression LSHR additive_expression .)
    BITWISE_OR      reduce using rule 101 (shift_expression -> shift_expression LSHR additive_expression .)
    LOGICAL_AND     reduce using rule 101 (shift_expression -> shift_expression LSHR additive_expression .)
    PARALLEL        reduce using rule 101 (shift_expression -> shift_expression LSHR additive_expression .)
    POINTER         reduce using rule 101 (shift_expression -> shift_expression LSHR additive_expression .)
    PPOINTER        reduce using rule 101 (shift_expression -> shift_expression LSHR additive_expression .)
    NULLCOALESCE    reduce using rule 101 (shift_expression -> shift_expression LSHR additive_expression .)
    VAR_DECL        reduce using rule 101 (shift_expression -> shift_expression LSHR additive_expression .)
    INT             reduce using rule 101 (shift_expression -> shift_expression LSHR additive_expression .)
    FLOAT           reduce using rule 101 (shift_expression -> shift_expression LSHR additive_expression .)
    IDENTIFIER      reduce using rule 101 (shift_expression -> shift_expression LSHR additive_expression .)
    LCURLY_BRACKET  reduce using rule 101 (shift_expression -> shift_expression LSHR additive_expression .)
    VAR_ACCESS      reduce using rule 101 (shift_expression -> shift_expression LSHR additive_expression .)
    MAP             reduce using rule 101 (shift_expression -> shift_expression LSHR additive_expression .)
    FILTER          reduce using rule 101 (shift_expression -> shift_expression LSHR additive_expression .)
    REDUCE          reduce using rule 101 (shift_expression -> shift_expression LSHR additive_expression .)
    FOREACH         reduce using rule 101 (shift_expression -> shift_expression LSHR additive_expression .)
    FLATMAP         reduce using rule 101 (shift_expression -> shift_expression LSHR additive_expression .)
    FANOUT          reduce using rule 101 (shift_expression -> shift_expression LSHR additive_expression .)
    LBRACKET        reduce using rule 101 (shift_expression -> shift_expression LSHR additive_expression .)
    NULL            reduce using rule 101 (shift_expression -> shift_expression LSHR additive_expression .)
    LOGICAL_NOT     reduce using rule 101 (shift_expression -> shift_expression LSHR additive_expression .)
    BITWISE_NOT     reduce using rule 101 (shift_expression -> shift_expression LSHR additive_expression .)
    LPAREN          reduce using rule 101 (shift_expression -> shift_expression LSHR additive_expression .)
    STRING_LITERAL  reduce using rule 101 (shift_expression -> shift_expression LSHR additive_expression .)
    $end            reduce using rule 101 (shift_expression -> shift_expression LSHR additive_expression .)
    RBRACKET        reduce using rule 101 (shift_expression -> shift_expression LSHR additive_expression .)
    SEPARATOR       reduce using rule 101 (shift_expression -> shift_expression LSHR additive_expression .)
    RPAREN          reduce using rule 101 (shift_expression -> shift_expression LSHR additive_expression .)
    RCURLY_BRACKET  reduce using rule 101 (shift_expression -> shift_expression LSHR additive_expression .)
    QUESTION        reduce using rule 101 (shift_expression -> shift_expression LSHR additive_expression .)
    COLON           reduce using rule 101 (shift_expression -> shift_expression LSHR additive_expression .)
    PLUS            shift and go to state 108
    MINUS           shift and go to state 109

  ! MINUS           [ reduce using rule 101 (shift_expression -> shift_expression LSHR additive_expression .) ]


state 173

    (102) shift_expression -> shift_expression ASHR additive_expression .
    (104) additive_expression -> additive_expression . PLUS multiplicative_expression
    (105) additive_expression -> additive_expression . MINUS multiplicative_expression

  ! shift/reduce conflict for MINUS resolved as shift
    LSHL            reduce using rule 102 (shift_expression -> shift_expression ASHR additive_expression .)
    LSHR            reduce using rule 102 (shift_expression -> shift_expression ASHR additive_expression .)
    ASHR            reduce using rule 102 (shift_expression -> shift_expression ASHR additive_expression .)
    EQ              reduce using rule 102 (shift_expression -> shift_expression ASHR additive_expression .)
    NE              reduce using rule 102 (shift_expression -> shift_expression ASHR additive_expression .)
    LANGLE          reduce using rule 102 (shift_expression -> shift_expression ASHR additive_expression .)
    RANGLE          reduce using rule 102 (shift_expression -> shift_expression ASHR additive_expression .)
    LE              reduce using rule 102 (shift_expression -> shift_expression ASHR additive_expression .)
    GE              reduce using rule 102 (shift_expression -> shift_expression ASHR additive_expression .)
    BITWISE_AND     reduce using rule 102 (shift_expression -> shift_expression ASHR additive_expression .)
    BITWISE_XOR     reduce using rule 102 (shift_expression -> shift_expression ASHR additive_expression .)
    BITWISE_OR      reduce using rule 102 (shift_expression -> shift_expression ASHR additive_expression .)
    LOGICAL_AND     reduce using rule 102 (shift_expression -> shift_expression ASHR additive_expression .)
    PARALLEL        reduce using rule 102 (shift_expression -> shift_expression ASHR additive_expression .)
    POINTER         reduce using rule 102 (shift_expression -> shift_expression ASHR additive_expression .)
    PPOINTER        reduce using rule 102 (shift_expression -> shift_expression ASHR additive_expression .)
    NULLCOALESCE    reduce using rule 102 (shift_expression -> shift_expression ASHR additive_expression .)
    VAR_DECL        reduce using rule 102 (shift_expression -> shift_expression ASHR additive_expression .)
    INT             reduce using rule 102 (shift_expression -> shift_expression ASHR additive_expression .)
    FLOAT           reduce using rule 102 (shift_expression -> shift_expression ASHR additive_expression .)
    IDENTIFIER      reduce using rule 102 (shift_expression -> shift_expression ASHR additive_expression .)
    LCURLY_BRACKET  reduce using rule 102 (shift_expression -> shift_expression ASHR additive_expression .)
    VAR_ACCESS      reduce using rule 102 (shift_expression -> shift_expression ASHR additive_expression .)
    MAP             reduce using rule 102 (shift_expression -> shift_expression ASHR additive_expression .)
    FILTER          reduce using rule 102 (shift_expression -> shift_expression ASHR additive_expression .)
    REDUCE          reduce using rule 102 (shift_expression -> shift_expression ASHR additive_expression .)
    FOREACH         reduce using rule 102 (shift_expression -> shift_expression ASHR additive_expression .)
    FLATMAP         reduce using rule 102 (shift_expression -> shift_expression ASHR additive_expression .)
    FANOUT          reduce using rule 102 (shift_expression -> shift_expression ASHR additive_expression .)
    LBRACKET        reduce using rule 102 (shift_expression -> shift_expression ASHR additive_expression .)
    NULL            reduce using rule 102 (shift_expression -> shift_expression ASHR additive_expression .)
    LOGICAL_NOT     reduce using rule 102 (shift_expression -> shift_expression ASHR additive_expression .)
    BITWISE_NOT     reduce using rule 102 (shift_expression -> shift_expression ASHR additive_expression .)
    LPAREN          reduce using rule 102 (shift_expression -> shift_expression ASHR additive_expression .)
    STRING_LITERAL  reduce using rule 102 (shift_expression -> shift_expression ASHR additive_expression .)
    $end            reduce using rule 102 (shift_expression -> shift_expression ASHR additive_expression .)
    RBRACKET        reduce using rule 102 (shift_expression -> shift_expression ASHR additive_expression .)
    SEPARATOR       reduce using rule 102 (shift_expression -> shift_expression ASHR additive_expression .)
    RPAREN          reduce using rule 102 (shift_expression -> shift_expression ASHR additive_expression .)
    RCURLY_BRACKET  reduce using rule 102 (shift_expression -> shift_expression ASHR additive_expression .)
    QUESTION        reduce using rule 102 (shift_expression -> shift_expression ASHR additive_expression .)
    COLON           reduce using rule 102 (shift_expression -> shift_expression ASHR additive_expression .)
    PLUS            shift and go to state 108
    MINUS           shift and go to state 109

  ! MINUS           [ reduce using rule 102 (shift_expression -> shift_expression ASHR additive_expression .) ]


state 174

    (104) additive_expression -> additive_expression PLUS multiplicative_expression .
    (107) multiplicative_expression -> multiplicative_expression . DIV unary_expression
    (108) multiplicative_expression -> multiplicative_expression . MOD unary_expression
    (109) multiplicative_expression -> multiplicative_expression . RETRY unary_expression

    PLUS            reduce using rule 104 (additive_expression -> additive_expression PLUS multiplicative_expression .)
    MINUS           reduce using rule 104 (additive_expression -> additive_expression PLUS multiplicative_expression .)
    LSHL            reduce using rule 104 (additive_expression -> additive_expression PLUS multiplicative_expression .)
    LSHR            reduce using rule 104 (additive_expression -> additive_expression PLUS multiplicative_expression .)
    ASHR            reduce using rule 104 (additive_expression -> additive_expression PLUS multiplicative_expression .)
    EQ              reduce using rule 104 (additive_expression -> additive_expression PLUS multiplicative_expression .)
    NE              reduce using rule 104 (additive_expression -> additive_expression PLUS multiplicative_expression .)
    LANGLE          reduce using rule 104 (additive_expression -> additive_expression PLUS multiplicative_expression .)
    RANGLE          reduce using rule 104 (additive_expression -> additive_expression PLUS multiplicative_expression .)
    LE              reduce using rule 104 (additive_expression -> additive_expression PLUS multiplicative_expression .)
    GE              reduce using rule 104 (additive_expression -> additive_expression PLUS multiplicative_expression .)
    BITWISE_AND     reduce using rule 104 (additive_expression -> additive_expression PLUS multiplicative_expression .)
    BITWISE_XOR     reduce using rule 104 (additive_expression -> additive_expression PLUS multiplicative_expression .)
    BITWISE_OR      reduce using rule 104 (additive_expression -> additive_expression PLUS multiplicative_expression .)
    LOGICAL_AND     reduce using rule 104 (additive_expression -> additive_expression PLUS multiplicative_expression .)
    PARALLEL        reduce using rule 104 (additive_expression -> additive_expression PLUS multiplicative_expression .)
    POINTER         reduce using rule 104 (additive_expression -> additive_expression PLUS multiplicative_expression .)
    PPOINTER        reduce using rule 104 (additive_expression -> additive_expression PLUS multiplicative_expression .)
    NULLCOALESCE    reduce using rule 104 (additive_expression -> additive_expression PLUS multiplicative_expression .)
    VAR_DECL        reduce using rule 104 (additive_expression -> additive_expression PLUS multiplicative_expression .)
    INT             reduce using rule 104 (additive_expression -> additive_expression PLUS multiplicative_expression .)
    FLOAT           reduce using rule 104 (additive_expression -> additive_expression PLUS multiplicative_expression .)
    IDENTIFIER      reduce using rule 104 (additive_expression -> additive_expression PLUS multiplicative_expression .)
    LCURLY_BRACKET  reduce using rule 104 (additive_expression -> additive_expression PLUS multiplicative_expression .)
    VAR_ACCESS      reduce using rule 104 (additive_expression -> additive_expression PLUS multiplicative_expression .)
    MAP             reduce using rule 104 (additive_expression -> additive_expression PLUS multiplicative_expression .)
    FILTER          reduce using rule 104 (additive_expression -> additive_expression PLUS multiplicative_expression .)
    REDUCE          reduce using rule 104 (additive_expression -> additive_expression PLUS multiplicative_expression .)
    FOREACH         reduce using rule 104 (additive_expression -> additive_expression PLUS multiplicative_expression .)
    FLATMAP         reduce using rule 104 (additive_expression -> additive_expression PLUS multiplicative_expression .)
    FANOUT          reduce using rule 104 (additive_expression -> additive_expression PLUS multiplicative_expression .)
    LBRACKET        reduce using rule 104 (additive_expression -> additive_expression PLUS multiplicative_expression .)
    NULL            reduce using rule 104 (additive_expression -> additive_expression PLUS multiplicative_expression .)
    LOGICAL_NOT     reduce using rule 104 (additive_expression -> additive_expression PLUS multiplicative_expression .)
    BITWISE_NOT     reduce using rule 104 (additive_expression -> additive_expression PLUS multiplicative_expression .)
    LPAREN          reduce using rule 104 (additive_expression -> additive_expression PLUS multiplicative_expression .)
    STRING_LITERAL  reduce using rule 104 (additive_expression -> additive_expression PLUS multiplicative_expression .)
    $end            reduce using rule 104 (additive_expression -> additive_expression PLUS multiplicative_expression .)
    RBRACKET        reduce using rule 104 (additive_expression -> additive_expression PLUS multiplicative_expression .)
    SEPARATOR       reduce using rule 104 (additive_expression -> additive_expression PLUS multiplicative_expression .)
    RPAREN          reduce using rule 104 (additive_expression -> additive_expression PLUS multiplicative_expression .)
    RCURLY_BRACKET  reduce using rule 104 (additive_expression -> additive_expression PLUS multiplicative_expression .)
    QUESTION        reduce using rule 104 (additive_expression -> additive_expression PLUS multiplicative_expression .)
    COLON           reduce using rule 104 (additive_expression -> additive_expression PLUS multiplicative_expression .)
    DIV             shift and go to state 110
    MOD             shift and go to state 111
    RETRY           shift and go to state 112


state 175

    (105) additive_expression -> additive_expression MINUS multiplicative_expression .
    (107) multiplicative_expression -> multiplicative_expression . DIV unary_expression
    (108) multiplicative_expression -> multiplicative_expression . MOD unary_expression
    (109) multiplicative_expression -> multiplicative_expression . RETRY unary_expression

    PLUS            reduce using rule 105 (additive_expression -> additive_expression MINUS multiplicative_expression .)
    MINUS           reduce using rule 105 (additive_expression -> additive_expression MINUS multiplicative_expression .)
    LSHL            reduce using rule 105 (additive_expression -> additive_expression MINUS multiplicative_expression .)
    LSHR            reduce using rule 105 (additive_expression -> additive_expression MINUS multiplicative_expression .)
    ASHR            reduce using rule 105 (additive_expression -> additive_expression MINUS multiplicative_expression .)
    EQ              reduce using rule 105 (additive_expression -> additive_expression MINUS multiplicative_expression .)
    NE              reduce using rule 105 (additive_expression -> additive_expression MINUS multiplicative_expression .)
    LANGLE          reduce using rule 105 (additive_expression -> additive_expression MINUS multiplicative_expression .)
    RANGLE          reduce using rule 105 (additive_expression -> additive_expression MINUS multiplicative_expression .)
    LE              reduce using rule 105 (additive_expression -> additive_expression MINUS multiplicative_expression .)
    GE              reduce using rule 105 (additive_expression -> additive_expression MINUS multiplicative_expression .)
    BITWISE_AND     reduce using rule 105 (additive_expression -> additive_expression MINUS multiplicative_expression .)
    BITWISE_XOR     reduce using rule 105 (additive_expression -> additive_expression MINUS multiplicative_expression .)
    BITWISE_OR      reduce using rule 105 (additive_expression -> additive_expression MINUS multiplicative_expression .)
    LOGICAL_AND     reduce using rule 105 (additive_expression -> additive_expression MINUS multiplicative_expression .)
    PARALLEL        reduce using rule 105 (additive_expression -> additive_expression MINUS multiplicative_expression .)
    POINTER         reduce using rule 105 (additive_expression -> additive_expression MINUS multiplicative_expression .)
    PPOINTER        reduce using rule 105 (additive_expression -> additive_expression MINUS multiplicative_expression .)
    NULLCOALESCE    reduce using rule 105 (additive_expression -> additive_expression MINUS multiplicative_expression .)
    VAR_DECL        reduce using rule 105 (additive_expression -> additive_expression MINUS multiplicative_expression .)
    INT             reduce using rule 105 (additive_expression -> additive_expression MINUS multiplicative_expression .)
    FLOAT           reduce using rule 105 (additive_expression -> additive_expression MINUS multiplicative_expression .)
    IDENTIFIER      reduce using rule 105 (additive_expression -> additive_expression MINUS multiplicative_expression .)
    LCURLY_BRACKET  reduce using rule 105 (additive_expression -> additive_expression MINUS multiplicative_expression .)
    VAR_ACCESS      reduce using rule 105 (additive_expression -> additive_expression MINUS multiplicative_expression .)
    MAP             reduce using rule 105 (additive_expression -> additive_expression MINUS multiplicative_expression .)
    FILTER          reduce using rule 105 (additive_expression -> additive_expression MINUS multiplicative_expression .)
    REDUCE          reduce using rule 105 (additive_expression -> additive_expression MINUS multiplicative_expression .)
    FOREACH         reduce using rule 105 (additive_expression -> additive_expression MINUS multiplicative_expression .)
    FLATMAP         reduce using rule 105 (additive_expression -> additive_expression MINUS multiplicative_expression .)
    FANOUT          reduce using rule 105 (additive_expression -> additive_expression MINUS multiplicative_expression .)
    LBRACKET        reduce using rule 105 (additive_expression -> additive_expression MINUS multiplicative_expression .)
    NULL            reduce using rule 105 (additive_expression -> additive_expression MINUS multiplicative_expression .)
    LOGICAL_NOT     reduce using rule 105 (additive_expression -> additive_expression MINUS multiplicative_expression .)
    BITWISE_NOT     reduce using rule 105 (additive_expression -> additive_expression MINUS multiplicative_expression .)
    LPAREN          reduce using rule 105 (additive_expression -> additive_expression MINUS multiplicative_expression .)
    STRING_LITERAL  reduce using rule 105 (additive_expression -> additive_expression MINUS multiplicative_expression .)
    $end            reduce using rule 105 (additive_expression -> additive_expression MINUS multiplicative_expression .)
    RBRACKET        reduce using rule 105 (additive_expression -> additive_expression MINUS multiplicative_expression .)
    SEPARATOR       reduce using rule 105 (additive_expression -> additive_expression MINUS multiplicative_expression .)
    RPAREN          reduce using rule 105 (additive_expression -> additive_expression MINUS multiplicative_expression .)
    RCURLY_BRACKET  reduce using rule 105 (additive_expression -> additive_expression MINUS multiplicative_expression .)
    QUESTION        reduce using rule 105 (additive_expression -> additive_expression MINUS multiplicative_expression .)
    COLON           reduce using rule 105 (additive_expression -> additive_expression MINUS multiplicative_expression .)
    DIV             shift and go to state 110
    MOD             shift and go to state 111
    RETRY           shift and go to state 112


state 176

    (107) multiplicative_expression -> multiplicative_expression DIV unary_expression .

    DIV             reduce using rule 107 (multiplicative_expression -> multiplicative_expression DIV unary_expression .)
    MOD             reduce using rule 107 (multiplicative_expression -> multiplicative_expression DIV unary_expression .)
    RETRY           reduce using rule 107 (multiplicative_expression -> multiplicative_expression DIV unary_expression .)
    PLUS            reduce using rule 107 (multiplicative_expression -> multiplicative_expression DIV unary_expression .)
    MINUS           reduce using rule 107 (multiplicative_expression -> multiplicative_expression DIV unary_expression .)
    LSHL            reduce using rule 107 (multiplicative_expression -> multiplicative_expression DIV unary_expression .)
    LSHR            reduce using rule 107 (multiplicative_expression -> multiplicative_expression DIV unary_expression .)
    ASHR            reduce using rule 107 (multiplicative_expression -> multiplicative_expression DIV unary_expression .)
    EQ              reduce using rule 107 (multiplicative_expression -> multiplicative_expression DIV unary_expression .)
    NE              reduce using rule 107 (multiplicative_expression -> multiplicative_expression DIV unary_expression .)
    LANGLE          reduce using rule 107 (multiplicative_expression -> multiplicative_expression DIV unary_expression .)
    RANGLE          reduce using rule 107 (multiplicative_expression -> multiplicative_expression DIV unary_expression .)
    LE              reduce using rule 107 (multiplicative_expression -> multiplicative_expression DIV unary_expression .)
    GE              reduce using rule 107 (multiplicative_expression -> multiplicative_expression DIV unary_expression .)
    BITWISE_AND     reduce using rule 107 (multiplicative_expression -> multiplicative_expression DIV unary_expression .)
    BITWISE_XOR     reduce using rule 107 (multiplicative_expression -> multiplicative_expression DIV unary_expression .)
    BITWISE_OR      reduce using rule 107 (multiplicative_expression -> multiplicative_expression DIV unary_expression .)
    LOGICAL_AND     reduce using rule 107 (multiplicative_expression -> multiplicative_expression DIV unary_expression .)
    PARALLEL        reduce using rule 107 (multiplicative_expression -> multiplicative_expression DIV unary_expression .)
    POINTER         reduce using rule 107 (multiplicative_expression -> multiplicative_expression DIV unary_expression .)
    PPOINTER        reduce using rule 107 (multiplicative_expression -> multiplicative_expression DIV unary_expression .)
    NULLCOALESCE    reduce using rule 107 (multiplicative_expression -> multiplicative_expression DIV unary_expression .)
    VAR_DECL        reduce using rule 107 (multiplicative_expression -> multiplicative_expression DIV unary_expression .)
    INT             reduce using rule 107 (multiplicative_expression -> multiplicative_expression DIV unary_expression .)
    FLOAT           reduce using rule 107 (multiplicative_expression -> multiplicative_expression DIV unary_expression .)
    IDENTIFIER      reduce using rule 107 (multiplicative_expression -> multiplicative_expression DIV unary_expression .)
    LCURLY_BRACKET  reduce using rule 107 (multiplicative_expression -> multiplicative_expression DIV unary_expression .)
    VAR_ACCESS      reduce using rule 107 (multiplicative_expression -> multiplicative_expression DIV unary_expression .)
    MAP             reduce using rule 107 (multiplicative_expression -> multiplicative_expression DIV unary_expression .)
    FILTER          reduce using rule 107 (multiplicative_expression -> multiplicative_expression DIV unary_expression .)
    REDUCE          reduce using rule 107 (multiplicative_expression -> multiplicative_expression DIV unary_expression .)
    FOREACH         reduce using rule 107 (multiplicative_expression -> multiplicative_expression DIV unary_expression .)
    FLATMAP         reduce using rule 107 (multiplicative_expression -> multiplicative_expression DIV unary_expression .)
    FANOUT          reduce using rule 107 (multiplicative_expression -> multiplicative_expression DIV unary_expression .)
    LBRACKET        reduce using rule 107 (multiplicative_expression -> multiplicative_expression DIV unary_expression .)
    NULL            reduce using rule 107 (multiplicative_expression -> multiplicative_expression DIV unary_expression .)
    LOGICAL_NOT     reduce using rule 107 (multiplicative_expression -> multiplicative_expression DIV unary_expression .)
    BITWISE_NOT     reduce using rule 107 (multiplicative_expression -> multiplicative_expression DIV unary_expression .)
    LPAREN          reduce using rule 107 (multiplicative_expression -> multiplicative_expression DIV unary_expression .)
    STRING_LITERAL  reduce using rule 107 (multiplicative_expression -> multiplicative_expression DIV unary_expression .)
    $end            reduce using rule 107 (multiplicative_expression -> multiplicative_expression DIV unary_expression .)
    RBRACKET        reduce using rule 107 (multiplicative_expression -> multiplicative_expression DIV unary_expression .)
    SEPARATOR       reduce using rule 107 (multiplicative_expression -> multiplicative_expression DIV unary_expression .)
    RPAREN          reduce using rule 107 (multiplicative_expression -> multiplicative_expression DIV unary_expression .)
    RCURLY_BRACKET  reduce using rule 107 (multiplicative_expression -> multiplicative_expression DIV unary_expression .)
    QUESTION        reduce using rule 107 (multiplicative_expression -> multiplicative_expression DIV unary_expression .)
    COLON           reduce using rule 107 (multiplicative_expression -> multiplicative_expression DIV unary_expression .)


state 177

    (108) multiplicative_expression -> multiplicative_expression MOD unary_expression .

    DIV             reduce using rule 108 (multiplicative_expression -> multiplicative_expression MOD unary_expression .)
    MOD             reduce using rule 108 (multiplicative_expression -> multiplicative_expression MOD unary_expression .)
    RETRY           reduce using rule 108 (multiplicative_expression -> multiplicative_expression MOD unary_expression .)
    PLUS            reduce using rule 108 (multiplicative_expression -> multiplicative_expression MOD unary_expression .)
    MINUS           reduce using rule 108 (multiplicative_expression -> multiplicative_expression MOD unary_expression .)
    LSHL            reduce using rule 108 (multiplicative_expression -> multiplicative_expression MOD unary_expression .)
    LSHR            reduce using rule 108 (multiplicative_expression -> multiplicative_expression MOD unary_expression .)
    ASHR            reduce using rule 108 (multiplicative_expression -> multiplicative_expression MOD unary_expression .)
    EQ              reduce using rule 108 (multiplicative_expression -> multiplicative_expression MOD unary_expression .)
    NE              reduce using rule 108 (multiplicative_expression -> multiplicative_expression MOD unary_expression .)
    LANGLE          reduce using rule 108 (multiplicative_expression -> multiplicative_expression MOD unary_expression .)
    RANGLE          reduce using rule 108 (multiplicative_expression -> multiplicative_expression MOD unary_expression .)
    LE              reduce using rule 108 (multiplicative_expression -> multiplicative_expression MOD unary_expression .)
    GE              reduce using rule 108 (multiplicative_expression -> multiplicative_expression MOD unary_expression .)
    BITWISE_AND     reduce using rule 108 (multiplicative_expression -> multiplicative_expression MOD unary_expression .)
    BITWISE_XOR     reduce using rule 108 (multiplicative_expression -> multiplicative_expression MOD unary_expression .)
    BITWISE_OR      reduce using rule 108 (multiplicative_expression -> multiplicative_expression MOD unary_expression .)
    LOGICAL_AND     reduce using rule 108 (multiplicative_expression -> multiplicative_expression MOD unary_expression .)
    PARALLEL        reduce using rule 108 (multiplicative_expression -> multiplicative_expression MOD unary_expression .)
    POINTER         reduce using rule 108 (multiplicative_expression -> multiplicative_expression MOD unary_expression .)
    PPOINTER        reduce using rule 108 (multiplicative_expression -> multiplicative_expression MOD unary_expression .)
    NULLCOALESCE    reduce using rule 108 (multiplicative_expression -> multiplicative_expression MOD unary_expression .)
    VAR_DECL        reduce using rule 108 (multiplicative_expression -> multiplicative_expression MOD unary_expression .)
    INT             reduce using rule 108 (multiplicative_expression -> multiplicative_expression MOD unary_expression .)
    FLOAT           reduce using rule 108 (multiplicative_expression -> multiplicative_expression MOD unary_expression .)
    IDENTIFIER      reduce using rule 108 (multiplicative_expression -> multiplicative_expression MOD unary_expression .)
    LCURLY_BRACKET  reduce using rule 108 (multiplicative_expression -> multiplicative_expression MOD unary_expression .)
    VAR_ACCESS      reduce using rule 108 (multiplicative_expression -> multiplicative_expression MOD unary_expression .)
    MAP             reduce using rule 108 (multiplicative_expression -> multiplicative_expression MOD unary_expression .)
    FILTER          reduce using rule 108 (multiplicative_expression -> multiplicative_expression MOD unary_expression .)
    REDUCE          reduce using rule 108 (multiplicative_expression -> multiplicative_expression MOD unary_expression .)
    FOREACH         reduce using rule 108 (multiplicative_expression -> multiplicative_expression MOD unary_expression .)
    FLATMAP         reduce using rule 108 (multiplicative_expression -> multiplicative_expression MOD unary_expression .)
    FANOUT          reduce using rule 108 (multiplicative_expression -> multiplicative_expression MOD unary_expression .)
    LBRACKET        reduce using rule 108 (multiplicative_expression -> multiplicative_expression MOD unary_expression .)
    NULL            reduce using rule 108 (multiplicative_expression -> multiplicative_expression MOD unary_expression .)
    LOGICAL_NOT     reduce using rule 108 (multiplicative_expression -> multiplicative_expression MOD unary_expression .)
    BITWISE_NOT     reduce using rule 108 (multiplicative_expression -> multiplicative_expression MOD unary_expression .)
    LPAREN          reduce using rule 108 (multiplicative_expression -> multiplicative_expression MOD unary_expression .)
    STRING_LITERAL  reduce using rule 108 (multiplicative_expression -> multiplicative_expression MOD unary_expression .)
    $end            reduce using rule 108 (multiplicative_expression -> multiplicative_expression MOD unary_expression .)
    RBRACKET        reduce using rule 108 (multiplicative_expression -> multiplicative_expression MOD unary_expression .)
    SEPARATOR       reduce using rule 108 (multiplicative_expression -> multiplicative_expression MOD unary_expression .)
    RPAREN          reduce using rule 108 (multiplicative_expression -> multiplicative_expression MOD unary_expression .)
    RCURLY_BRACKET  reduce using rule 108 (multiplicative_expression -> multiplicative_expression MOD unary_expression .)
    QUESTION        reduce using rule 108 (multiplicative_expression -> multiplicative_expression MOD unary_expression .)
    COLON           reduce using rule 108 (multiplicative_expression -> multiplicative_expression MOD unary_expression .)


state 178

    (109) multiplicative_expression -> multiplicative_expression RETRY unary_expression .

    DIV             reduce using rule 109 (multiplicative_expression -> multiplicative_expression RETRY unary_expression .)
    MOD             reduce using rule 109 (multiplicative_expression -> multiplicative_expression RETRY unary_expression .)
    RETRY           reduce using rule 109 (multiplicative_expression -> multiplicative_expression RETRY unary_expression .)
    PLUS            reduce using rule 109 (multiplicative_expression -> multiplicative_expression RETRY unary_expression .)
    MINUS           reduce using rule 109 (multiplicative_expression -> multiplicative_expression RETRY unary_expression .)
    LSHL            reduce using rule 109 (multiplicative_expression -> multiplicative_expression RETRY unary_expression .)
    LSHR            reduce using rule 109 (multiplicative_expression -> multiplicative_expression RETRY unary_expression .)
    ASHR            reduce using rule 109 (multiplicative_expression -> multiplicative_expression RETRY unary_expression .)
    EQ              reduce using rule 109 (multiplicative_expression -> multiplicative_expression RETRY unary_expression .)
    NE              reduce using rule 109 (multiplicative_expression -> multiplicative_expression RETRY unary_expression .)
    LANGLE          reduce using rule 109 (multiplicative_expression -> multiplicative_expression RETRY unary_expression .)
    RANGLE          reduce using rule 109 (multiplicative_expression -> multiplicative_expression RETRY unary_expression .)
    LE              reduce using rule 109 (multiplicative_expression -> multiplicative_expression RETRY unary_expression .)
    GE              reduce using rule 109 (multiplicative_expression -> multiplicative_expression RETRY unary_expression .)
    BITWISE_AND     reduce using rule 109 (multiplicative_expression -> multiplicative_expression RETRY unary_expression .)
    BITWISE_XOR     reduce using rule 109 (multiplicative_expression -> multiplicative_expression RETRY unary_expression .)
    BITWISE_OR      reduce using rule 109 (multiplicative_expression -> multiplicative_expression RETRY unary_expression .)
    LOGICAL_AND     reduce using rule 109 (multiplicative_expression -> multiplicative_expression RETRY unary_expression .)
    PARALLEL        reduce using rule 109 (multiplicative_expression -> multiplicative_expression RETRY unary_expression .)
    POINTER         reduce using rule 109 (multiplicative_expression -> multiplicative_expression RETRY unary_expression .)
    PPOINTER        reduce using rule 109 (multiplicative_expression -> multiplicative_expression RETRY unary_expression .)
    NULLCOALESCE    reduce using rule 109 (multiplicative_expression -> multiplicative_expression RETRY unary_expression .)
    VAR_DECL        reduce using rule 109 (multiplicative_expression -> multiplicative_expression RETRY unary_expression .)
    INT             reduce using rule 109 (multiplicative_expression -> multiplicative_expression RETRY unary_expression .)
    FLOAT           reduce using rule 109 (multiplicative_expression -> multiplicative_expression RETRY unary_expression .)
    IDENTIFIER      reduce using rule 109 (multiplicative_expression -> multiplicative_expression RETRY unary_expression .)
    LCURLY_BRACKET  reduce using rule 109 (multiplicative_expression -> multiplicative_expression RETRY unary_expression .)
    VAR_ACCESS      reduce using rule 109 (multiplicative_expression -> multiplicative_expression RETRY unary_expression .)
    MAP             reduce using rule 109 (multiplicative_expression -> multiplicative_expression RETRY unary_expression .)
    FILTER          reduce using rule 109 (multiplicative_expression -> multiplicative_expression RETRY unary_expression .)
    REDUCE          reduce using rule 109 (multiplicative_expression -> multiplicative_expression RETRY unary_expression .)
    FOREACH         reduce using rule 109 (multiplicative_expression -> multiplicative_expression RETRY unary_expression .)
    FLATMAP         reduce using rule 109 (multiplicative_expression -> multiplicative_expression RETRY unary_expression .)
    FANOUT          reduce using rule 109 (multiplicative_expression -> multiplicative_expression RETRY unary_expression .)
    LBRACKET        reduce using rule 109 (multiplicative_expression -> multiplicative_expression RETRY unary_expression .)
    NULL            reduce using rule 109 (multiplicative_expression -> multiplicative_expression RETRY unary_expression .)
    LOGICAL_NOT     reduce using rule 109 (multiplicative_expression -> multiplicative_expression RETRY unary_expression .)
    BITWISE_NOT     reduce using rule 109 (multiplicative_expression -> multiplicative_expression RETRY unary_expression .)
    LPAREN          reduce using rule 109 (multiplicative_expression -> multiplicative_expression RETRY unary_expression .)
    STRING_LITERAL  reduce using rule 109 (multiplicative_expression -> multiplicative_expression RETRY unary_expression .)
    $end            reduce using rule 109 (multiplicative_expression -> multiplicative_expression RETRY unary_expression .)
    RBRACKET        reduce using rule 109 (multiplicative_expression -> multiplicative_expression RETRY unary_expression .)
    SEPARATOR       reduce using rule 109 (multiplicative_expression -> multiplicative_expression RETRY unary_expression .)
    RPAREN          reduce using rule 109 (multiplicative_expression -> multiplicative_expression RETRY unary_expression .)
    RCURLY_BRACKET  reduce using rule 109 (multiplicative_expression -> multiplicative_expression RETRY unary_expression .)
    QUESTION        reduce using rule 109 (multiplicative_expression -> multiplicative_expression RETRY unary_expression .)
    COLON           reduce using rule 109 (multiplicative_expression -> multiplicative_expression RETRY unary_expression .)


state 179

    (75) task -> task LPAREN conditional_group RPAREN .

    RETRY           reduce using rule 75 (task -> task LPAREN conditional_group RPAREN .)
    LPAREN          reduce using rule 75 (task -> task LPAREN conditional_group RPAREN .)
    POINTER         reduce using rule 75 (task -> task LPAREN conditional_group RPAREN .)
    PPOINTER        reduce using rule 75 (task -> task LPAREN conditional_group RPAREN .)
    PARALLEL        reduce using rule 75 (task -> task LPAREN conditional_group RPAREN .)
    EQ              reduce using rule 75 (task -> task LPAREN conditional_group RPAREN .)
    NE              reduce using rule 75 (task -> task LPAREN conditional_group RPAREN .)
    LANGLE          reduce using rule 75 (task -> task LPAREN conditional_group RPAREN .)
    RANGLE          reduce using rule 75 (task -> task LPAREN conditional_group RPAREN .)
    LE              reduce using rule 75 (task -> task LPAREN conditional_group RPAREN .)
    GE              reduce using rule 75 (task -> task LPAREN conditional_group RPAREN .)
    NULLCOALESCE    reduce using rule 75 (task -> task LPAREN conditional_group RPAREN .)
    VAR_DECL        reduce using rule 75 (task -> task LPAREN conditional_group RPAREN .)
    INT             reduce using rule 75 (task -> task LPAREN conditional_group RPAREN .)
    FLOAT           reduce using rule 75 (task -> task LPAREN conditional_group RPAREN .)
    IDENTIFIER      reduce using rule 75 (task -> task LPAREN conditional_group RPAREN .)
    LCURLY_BRACKET  reduce using rule 75 (task -> task LPAREN conditional_group RPAREN .)
    VAR_ACCESS      reduce using rule 75 (task -> task LPAREN conditional_group RPAREN .)
    MAP             reduce using rule 75 (task -> task LPAREN conditional_group RPAREN .)
    FILTER          reduce using rule 75 (task -> task LPAREN conditional_group RPAREN .)
    REDUCE          reduce using rule 75 (task -> task LPAREN conditional_group RPAREN .)
    FOREACH         reduce using rule 75 (task -> task LPAREN conditional_group RPAREN .)
    FLATMAP         reduce using rule 75 (task -> task LPAREN conditional_group RPAREN .)
    FANOUT          reduce using rule 75 (task -> task LPAREN conditional_group RPAREN .)
    LBRACKET        reduce using rule 75 (task -> task LPAREN conditional_group RPAREN .)
    NULL            reduce using rule 75 (task -> task LPAREN conditional_group RPAREN .)
    LOGICAL_NOT     reduce using rule 75 (task -> task LPAREN conditional_group RPAREN .)
    BITWISE_NOT     reduce using rule 75 (task -> task LPAREN conditional_group RPAREN .)
    MINUS           reduce using rule 75 (task -> task LPAREN conditional_group RPAREN .)
    STRING_LITERAL  reduce using rule 75 (task -> task LPAREN conditional_group RPAREN .)
    $end            reduce using rule 75 (task -> task LPAREN conditional_group RPAREN .)
    RCURLY_BRACKET  reduce using rule 75 (task -> task LPAREN conditional_group RPAREN .)
    QUESTION        reduce using rule 75 (task -> task LPAREN conditional_group RPAREN .)
    RBRACKET        reduce using rule 75 (task -> task LPAREN conditional_group RPAREN .)
    SEPARATOR       reduce using rule 75 (task -> task LPAREN conditional_group RPAREN .)
    COLON           reduce using rule 75 (task -> task LPAREN conditional_group RPAREN .)
    RPAREN          reduce using rule 75 (task -> task LPAREN conditional_group RPAREN .)


state 180

    (74) conditional_group -> conditional_group SEPARATOR . expression
    (7) expression -> . expression POINTER expression
    (8) expression -> . expression PPOINTER expression
    (9) expression -> . expression PARALLEL expression
    (10) expression -> . descriptor POINTER expression
    (11) expression -> . descriptor PPOINTER expression
    (12) expression -> . factor RETRY task
    (13) expression -> . task RETRY factor
    (14) expression -> . expression_groupings RETRY factor
    (15) expression -> . factor RETRY expression_groupings
    (24) expression -> . term
    (65) descriptor -> . INT
    (66) factor -> . INT
    (67) factor -> . FLOAT
    (68) factor -> . variable_reference
    (29) task -> . meta_event
    (30) task -> . meta_event LBRACKET assigment_expression_group RBRACKET
    (69) task -> . task_name
    (70) task -> . IDENTIFIER DOUBLE_COLON task_name
    (75) task -> . task LPAREN conditional_group RPAREN
    (80) expression_groupings -> . LCURLY_BRACKET expression RCURLY_BRACKET
    (81) expression_groupings -> . LCURLY_BRACKET expression RCURLY_BRACKET LBRACKET assigment_expression_group RBRACKET
    (25) term -> . task
    (26) term -> . expression_groupings
    (27) term -> . value
    (28) term -> . variable_reference
    (63) variable_reference -> . VAR_ACCESS
    (64) variable_reference -> . VAR_ACCESS DOT IDENTIFIER
    (31) meta_event -> . meta_mode LANGLE IDENTIFIER RANGLE
    (32) meta_event -> . meta_mode LANGLE IDENTIFIER DOUBLE_COLON IDENTIFIER RANGLE
    (71) task_name -> . IDENTIFIER
    (72) task_name -> . IDENTIFIER LBRACKET assigment_expression_group RBRACKET
    (41) value -> . list
    (42) value -> . map
    (43) value -> . arithmetic_expr
    (44) value -> . null_value
    (45) value -> . comparison_expression
    (46) value -> . ternary_expression
    (47) value -> . null_coalesce_expression
    (33) meta_mode -> . MAP
    (34) meta_mode -> . FILTER
    (35) meta_mode -> . REDUCE
    (36) meta_mode -> . FOREACH
    (37) meta_mode -> . FLATMAP
    (38) meta_mode -> . FANOUT
    (53) list -> . LBRACKET list_elements RBRACKET
    (48) map -> . LCURLY_BRACKET map_entries RCURLY_BRACKET
    (82) arithmetic_expr -> . logical_or_expression
    (62) null_value -> . NULL
    (17) comparison_expression -> . expression EQ expression
    (18) comparison_expression -> . expression NE expression
    (19) comparison_expression -> . expression LANGLE expression
    (20) comparison_expression -> . expression RANGLE expression
    (21) comparison_expression -> . expression LE expression
    (22) comparison_expression -> . expression GE expression
    (16) ternary_expression -> . comparison_expression QUESTION expression COLON expression
    (23) null_coalesce_expression -> . expression NULLCOALESCE expression
    (83) logical_or_expression -> . logical_or_expression PARALLEL logical_and_expression
    (84) logical_or_expression -> . logical_and_expression
    (85) logical_and_expression -> . logical_and_expression LOGICAL_AND bitwise_or_expression
    (86) logical_and_expression -> . bitwise_or_expression
    (87) bitwise_or_expression -> . bitwise_or_expression BITWISE_OR bitwise_xor_expression
    (88) bitwise_or_expression -> . bitwise_xor_expression
    (89) bitwise_xor_expression -> . bitwise_xor_expression BITWISE_XOR bitwise_and_expression
    (90) bitwise_xor_expression -> . bitwise_and_expression
    (91) bitwise_and_expression -> . bitwise_and_expression BITWISE_AND arith_comparison_expression
    (92) bitwise_and_expression -> . arith_comparison_expression
    (93) arith_comparison_expression -> . arith_comparison_expression EQ shift_expression
    (94) arith_comparison_expression -> . arith_comparison_expression NE shift_expression
    (95) arith_comparison_expression -> . arith_comparison_expression LANGLE shift_expression
    (96) arith_comparison_expression -> . arith_comparison_expression RANGLE shift_expression
    (97) arith_comparison_expression -> . arith_comparison_expression LE shift_expression
    (98) arith_comparison_expression -> . arith_comparison_expression GE shift_expression
    (99) arith_comparison_expression -> . shift_expression
    (100) shift_expression -> . shift_expression LSHL additive_expression
    (101) shift_expression -> . shift_expression LSHR additive_expression
    (102) shift_expression -> . shift_expression ASHR additive_expression
    (103) shift_expression -> . additive_expression
    (104) additive_expression -> . additive_expression PLUS multiplicative_expression
    (105) additive_expression -> . additive_expression MINUS multiplicative_expression
    (106) additive_expression -> . multiplicative_expression
    (107) multiplicative_expression -> . multiplicative_expression DIV unary_expression
    (108) multiplicative_expression -> . multiplicative_expression MOD unary_expression
    (109) multiplicative_expression -> . multiplicative_expression RETRY unary_expression
    (110) multiplicative_expression -> . unary_expression
    (111) unary_expression -> . LOGICAL_NOT unary_expression
    (112) unary_expression -> . BITWISE_NOT unary_expression
    (113) unary_expression -> . MINUS unary_expression
    (114) unary_expression -> . primary_expression
    (115) primary_expression -> . LPAREN arithmetic_expr RPAREN
    (116) primary_expression -> . arithmetic_factor
    (117) arithmetic_factor -> . INT
    (118) arithmetic_factor -> . FLOAT
    (119) arithmetic_factor -> . STRING_LITERAL
    (120) arithmetic_factor -> . variable_reference

    INT             shift and go to state 14
    FLOAT           shift and go to state 15
    IDENTIFIER      shift and go to state 20
    LCURLY_BRACKET  shift and go to state 22
    VAR_ACCESS      shift and go to state 23
    MAP             shift and go to state 32
    FILTER          shift and go to state 33
    REDUCE          shift and go to state 34
    FOREACH         shift and go to state 35
    FLATMAP         shift and go to state 36
    FANOUT          shift and go to state 37
    LBRACKET        shift and go to state 18
    NULL            shift and go to state 39
    LOGICAL_NOT     shift and go to state 50
    BITWISE_NOT     shift and go to state 51
    MINUS           shift and go to state 48
    LPAREN          shift and go to state 21
    STRING_LITERAL  shift and go to state 54

    expression                     shift and go to state 195
    descriptor                     shift and go to state 9
    factor                         shift and go to state 10
    task                           shift and go to state 11
    expression_groupings           shift and go to state 12
    term                           shift and go to state 13
    variable_reference             shift and go to state 16
    meta_event                     shift and go to state 17
    task_name                      shift and go to state 19
    value                          shift and go to state 8
    meta_mode                      shift and go to state 24
    list                           shift and go to state 25
    map                            shift and go to state 26
    arithmetic_expr                shift and go to state 27
    null_value                     shift and go to state 28
    comparison_expression          shift and go to state 29
    ternary_expression             shift and go to state 30
    null_coalesce_expression       shift and go to state 31
    logical_or_expression          shift and go to state 38
    logical_and_expression         shift and go to state 40
    bitwise_or_expression          shift and go to state 41
    bitwise_xor_expression         shift and go to state 42
    bitwise_and_expression         shift and go to state 43
    arith_comparison_expression    shift and go to state 44
    shift_expression               shift and go to state 45
    additive_expression            shift and go to state 46
    multiplicative_expression      shift and go to state 47
    unary_expression               shift and go to state 49
    primary_expression             shift and go to state 52
    arithmetic_factor              shift and go to state 53

state 181

    (73) conditional_group -> expression SEPARATOR . expression
    (7) expression -> . expression POINTER expression
    (8) expression -> . expression PPOINTER expression
    (9) expression -> . expression PARALLEL expression
    (10) expression -> . descriptor POINTER expression
    (11) expression -> . descriptor PPOINTER expression
    (12) expression -> . factor RETRY task
    (13) expression -> . task RETRY factor
    (14) expression -> . expression_groupings RETRY factor
    (15) expression -> . factor RETRY expression_groupings
    (24) expression -> . term
    (65) descriptor -> . INT
    (66) factor -> . INT
    (67) factor -> . FLOAT
    (68) factor -> . variable_reference
    (29) task -> . meta_event
    (30) task -> . meta_event LBRACKET assigment_expression_group RBRACKET
    (69) task -> . task_name
    (70) task -> . IDENTIFIER DOUBLE_COLON task_name
    (75) task -> . task LPAREN conditional_group RPAREN
    (80) expression_groupings -> . LCURLY_BRACKET expression RCURLY_BRACKET
    (81) expression_groupings -> . LCURLY_BRACKET expression RCURLY_BRACKET LBRACKET assigment_expression_group RBRACKET
    (25) term -> . task
    (26) term -> . expression_groupings
    (27) term -> . value
    (28) term -> . variable_reference
    (63) variable_reference -> . VAR_ACCESS
    (64) variable_reference -> . VAR_ACCESS DOT IDENTIFIER
    (31) meta_event -> . meta_mode LANGLE IDENTIFIER RANGLE
    (32) meta_event -> . meta_mode LANGLE IDENTIFIER DOUBLE_COLON IDENTIFIER RANGLE
    (71) task_name -> . IDENTIFIER
    (72) task_name -> . IDENTIFIER LBRACKET assigment_expression_group RBRACKET
    (41) value -> . list
    (42) value -> . map
    (43) value -> . arithmetic_expr
    (44) value -> . null_value
    (45) value -> . comparison_expression
    (46) value -> . ternary_expression
    (47) value -> . null_coalesce_expression
    (33) meta_mode -> . MAP
    (34) meta_mode -> . FILTER
    (35) meta_mode -> . REDUCE
    (36) meta_mode -> . FOREACH
    (37) meta_mode -> . FLATMAP
    (38) meta_mode -> . FANOUT
    (53) list -> . LBRACKET list_elements RBRACKET
    (48) map -> . LCURLY_BRACKET map_entries RCURLY_BRACKET
    (82) arithmetic_expr -> . logical_or_expression
    (62) null_value -> . NULL
    (17) comparison_expression -> . expression EQ expression
    (18) comparison_expression -> . expression NE expression
    (19) comparison_expression -> . expression LANGLE expression
    (20) comparison_expression -> . expression RANGLE expression
    (21) comparison_expression -> . expression LE expression
    (22) comparison_expression -> . expression GE expression
    (16) ternary_expression -> . comparison_expression QUESTION expression COLON expression
    (23) null_coalesce_expression -> . expression NULLCOALESCE expression
    (83) logical_or_expression -> . logical_or_expression PARALLEL logical_and_expression
    (84) logical_or_expression -> . logical_and_expression
    (85) logical_and_expression -> . logical_and_expression LOGICAL_AND bitwise_or_expression
    (86) logical_and_expression -> . bitwise_or_expression
    (87) bitwise_or_expression -> . bitwise_or_expression BITWISE_OR bitwise_xor_expression
    (88) bitwise_or_expression -> . bitwise_xor_expression
    (89) bitwise_xor_expression -> . bitwise_xor_expression BITWISE_XOR bitwise_and_expression
    (90) bitwise_xor_expression -> . bitwise_and_expression
    (91) bitwise_and_expression -> . bitwise_and_expression BITWISE_AND arith_comparison_expression
    (92) bitwise_and_expression -> . arith_comparison_expression
    (93) arith_comparison_expression -> . arith_comparison_expression EQ shift_expression
    (94) arith_comparison_expression -> . arith_comparison_expression NE shift_expression
    (95) arith_comparison_expression -> . arith_comparison_expression LANGLE shift_expression
    (96) arith_comparison_expression -> . arith_comparison_expression RANGLE shift_expression
    (97) arith_comparison_expression -> . arith_comparison_expression LE shift_expression
    (98) arith_comparison_expression -> . arith_comparison_expression GE shift_expression
    (99) arith_comparison_expression -> . shift_expression
    (100) shift_expression -> . shift_expression LSHL additive_expression
    (101) shift_expression -> . shift_expression LSHR additive_expression
    (102) shift_expression -> . shift_expression ASHR additive_expression
    (103) shift_expression -> . additive_expression
    (104) additive_expression -> . additive_expression PLUS multiplicative_expression
    (105) additive_expression -> . additive_expression MINUS multiplicative_expression
    (106) additive_expression -> . multiplicative_expression
    (107) multiplicative_expression -> . multiplicative_expression DIV unary_expression
    (108) multiplicative_expression -> . multiplicative_expression MOD unary_expression
    (109) multiplicative_expression -> . multiplicative_expression RETRY unary_expression
    (110) multiplicative_expression -> . unary_expression
    (111) unary_expression -> . LOGICAL_NOT unary_expression
    (112) unary_expression -> . BITWISE_NOT unary_expression
    (113) unary_expression -> . MINUS unary_expression
    (114) unary_expression -> . primary_expression
    (115) primary_expression -> . LPAREN arithmetic_expr RPAREN
    (116) primary_expression -> . arithmetic_factor
    (117) arithmetic_factor -> . INT
    (118) arithmetic_factor -> . FLOAT
    (119) arithmetic_factor -> . STRING_LITERAL
    (120) arithmetic_factor -> . variable_reference

    INT             shift and go to state 14
    FLOAT           shift and go to state 15
    IDENTIFIER      shift and go to state 20
    LCURLY_BRACKET  shift and go to state 22
    VAR_ACCESS      shift and go to state 23
    MAP             shift and go to state 32
    FILTER          shift and go to state 33
    REDUCE          shift and go to state 34
    FOREACH         shift and go to state 35
    FLATMAP         shift and go to state 36
    FANOUT          shift and go to state 37
    LBRACKET        shift and go to state 18
    NULL            shift and go to state 39
    LOGICAL_NOT     shift and go to state 50
    BITWISE_NOT     shift and go to state 51
    MINUS           shift and go to state 48
    LPAREN          shift and go to state 21
    STRING_LITERAL  shift and go to state 54

    expression                     shift and go to state 196
    descriptor                     shift and go to state 9
    factor                         shift and go to state 10
    task                           shift and go to state 11
    expression_groupings           shift and go to state 12
    term                           shift and go to state 13
    variable_reference             shift and go to state 16
    meta_event                     shift and go to state 17
    task_name                      shift and go to state 19
    value                          shift and go to state 8
    meta_mode                      shift and go to state 24
    list                           shift and go to state 25
    map                            shift and go to state 26
    arithmetic_expr                shift and go to state 27
    null_value                     shift and go to state 28
    comparison_expression          shift and go to state 29
    ternary_expression             shift and go to state 30
    null_coalesce_expression       shift and go to state 31
    logical_or_expression          shift and go to state 38
    logical_and_expression         shift and go to state 40
    bitwise_or_expression          shift and go to state 41
    bitwise_xor_expression         shift and go to state 42
    bitwise_and_expression         shift and go to state 43
    arith_comparison_expression    shift and go to state 44
    shift_expression               shift and go to state 45
    additive_expression            shift and go to state 46
    multiplicative_expression      shift and go to state 47
    unary_expression               shift and go to state 49
    primary_expression             shift and go to state 52
    arithmetic_factor              shift and go to state 53

state 182

    (30) task -> meta_event LBRACKET assigment_expression_group RBRACKET .

    RETRY           reduce using rule 30 (task -> meta_event LBRACKET assigment_expression_group RBRACKET .)
    LPAREN          reduce using rule 30 (task -> meta_event LBRACKET assigment_expression_group RBRACKET .)
    POINTER         reduce using rule 30 (task -> meta_event LBRACKET assigment_expression_group RBRACKET .)
    PPOINTER        reduce using rule 30 (task -> meta_event LBRACKET assigment_expression_group RBRACKET .)
    PARALLEL        reduce using rule 30 (task -> meta_event LBRACKET assigment_expression_group RBRACKET .)
    EQ              reduce using rule 30 (task -> meta_event LBRACKET assigment_expression_group RBRACKET .)
    NE              reduce using rule 30 (task -> meta_event LBRACKET assigment_expression_group RBRACKET .)
    LANGLE          reduce using rule 30 (task -> meta_event LBRACKET assigment_expression_group RBRACKET .)
    RANGLE          reduce using rule 30 (task -> meta_event LBRACKET assigment_expression_group RBRACKET .)
    LE              reduce using rule 30 (task -> meta_event LBRACKET assigment_expression_group RBRACKET .)
    GE              reduce using rule 30 (task -> meta_event LBRACKET assigment_expression_group RBRACKET .)
    NULLCOALESCE    reduce using rule 30 (task -> meta_event LBRACKET assigment_expression_group RBRACKET .)
    VAR_DECL        reduce using rule 30 (task -> meta_event LBRACKET assigment_expression_group RBRACKET .)
    INT             reduce using rule 30 (task -> meta_event LBRACKET assigment_expression_group RBRACKET .)
    FLOAT           reduce using rule 30 (task -> meta_event LBRACKET assigment_expression_group RBRACKET .)
    IDENTIFIER      reduce using rule 30 (task -> meta_event LBRACKET assigment_expression_group RBRACKET .)
    LCURLY_BRACKET  reduce using rule 30 (task -> meta_event LBRACKET assigment_expression_group RBRACKET .)
    VAR_ACCESS      reduce using rule 30 (task -> meta_event LBRACKET assigment_expression_group RBRACKET .)
    MAP             reduce using rule 30 (task -> meta_event LBRACKET assigment_expression_group RBRACKET .)
    FILTER          reduce using rule 30 (task -> meta_event LBRACKET assigment_expression_group RBRACKET .)
    REDUCE          reduce using rule 30 (task -> meta_event LBRACKET assigment_expression_group RBRACKET .)
    FOREACH         reduce using rule 30 (task -> meta_event LBRACKET assigment_expression_group RBRACKET .)
    FLATMAP         reduce using rule 30 (task -> meta_event LBRACKET assigment_expression_group RBRACKET .)
    FANOUT          reduce using rule 30 (task -> meta_event LBRACKET assigment_expression_group RBRACKET .)
    LBRACKET        reduce using rule 30 (task -> meta_event LBRACKET assigment_expression_group RBRACKET .)
    NULL            reduce using rule 30 (task -> meta_event LBRACKET assigment_expression_group RBRACKET .)
    LOGICAL_NOT     reduce using rule 30 (task -> meta_event LBRACKET assigment_expression_group RBRACKET .)
    BITWISE_NOT     reduce using rule 30 (task -> meta_event LBRACKET assigment_expression_group RBRACKET .)
    MINUS           reduce using rule 30 (task -> meta_event LBRACKET assigment_expression_group RBRACKET .)
    STRING_LITERAL  reduce using rule 30 (task -> meta_event LBRACKET assigment_expression_group RBRACKET .)
    $end            reduce using rule 30 (task -> meta_event LBRACKET assigment_expression_group RBRACKET .)
    RCURLY_BRACKET  reduce using rule 30 (task -> meta_event LBRACKET assigment_expression_group RBRACKET .)
    QUESTION        reduce using rule 30 (task -> meta_event LBRACKET assigment_expression_group RBRACKET .)
    RBRACKET        reduce using rule 30 (task -> meta_event LBRACKET assigment_expression_group RBRACKET .)
    SEPARATOR       reduce using rule 30 (task -> meta_event LBRACKET assigment_expression_group RBRACKET .)
    COLON           reduce using rule 30 (task -> meta_event LBRACKET assigment_expression_group RBRACKET .)
    RPAREN          reduce using rule 30 (task -> meta_event LBRACKET assigment_expression_group RBRACKET .)


state 183

    (79) assigment_expression_group -> assigment_expression_group SEPARATOR . assignment_expression
    (76) assignment_expression -> . IDENTIFIER ASSIGN value

    IDENTIFIER      shift and go to state 146

    assignment_expression          shift and go to state 197

state 184

    (78) assigment_expression_group -> assignment_expression SEPARATOR . assignment_expression
    (76) assignment_expression -> . IDENTIFIER ASSIGN value

    IDENTIFIER      shift and go to state 146

    assignment_expression          shift and go to state 198

state 185

    (76) assignment_expression -> IDENTIFIER ASSIGN . value
    (41) value -> . list
    (42) value -> . map
    (43) value -> . arithmetic_expr
    (44) value -> . null_value
    (45) value -> . comparison_expression
    (46) value -> . ternary_expression
    (47) value -> . null_coalesce_expression
    (53) list -> . LBRACKET list_elements RBRACKET
    (48) map -> . LCURLY_BRACKET map_entries RCURLY_BRACKET
    (82) arithmetic_expr -> . logical_or_expression
    (62) null_value -> . NULL
    (17) comparison_expression -> . expression EQ expression
    (18) comparison_expression -> . expression NE expression
    (19) comparison_expression -> . expression LANGLE expression
    (20) comparison_expression -> . expression RANGLE expression
    (21) comparison_expression -> . expression LE expression
    (22) comparison_expression -> . expression GE expression
    (16) ternary_expression -> . comparison_expression QUESTION expression COLON expression
    (23) null_coalesce_expression -> . expression NULLCOALESCE expression
    (83) logical_or_expression -> . logical_or_expression PARALLEL logical_and_expression
    (84) logical_or_expression -> . logical_and_expression
    (7) expression -> . expression POINTER expression
    (8) expression -> . expression PPOINTER expression
    (9) expression -> . expression PARALLEL expression
    (10) expression -> . descriptor POINTER expression
    (11) expression -> . descriptor PPOINTER expression
    (12) expression -> . factor RETRY task
    (13) expression -> . task RETRY factor
    (14) expression -> . expression_groupings RETRY factor
    (15) expression -> . factor RETRY expression_groupings
    (24) expression -> . term
    (85) logical_and_expression -> . logical_and_expression LOGICAL_AND bitwise_or_expression
    (86) logical_and_expression -> . bitwise_or_expression
    (65) descriptor -> . INT
    (66) factor -> . INT
    (67) factor -> . FLOAT
    (68) factor -> . variable_reference
    (29) task -> . meta_event
    (30) task -> . meta_event LBRACKET assigment_expression_group RBRACKET
    (69) task -> . task_name
    (70) task -> . IDENTIFIER DOUBLE_COLON task_name
    (75) task -> . task LPAREN conditional_group RPAREN
    (80) expression_groupings -> . LCURLY_BRACKET expression RCURLY_BRACKET
    (81) expression_groupings -> . LCURLY_BRACKET expression RCURLY_BRACKET LBRACKET assigment_expression_group RBRACKET
    (25) term -> . task
    (26) term -> . expression_groupings
    (27) term -> . value
    (28) term -> . variable_reference
    (87) bitwise_or_expression -> . bitwise_or_expression BITWISE_OR bitwise_xor_expression
    (88) bitwise_or_expression -> . bitwise_xor_expression
    (63) variable_reference -> . VAR_ACCESS
    (64) variable_reference -> . VAR_ACCESS DOT IDENTIFIER
    (31) meta_event -> . meta_mode LANGLE IDENTIFIER RANGLE
    (32) meta_event -> . meta_mode LANGLE IDENTIFIER DOUBLE_COLON IDENTIFIER RANGLE
    (71) task_name -> . IDENTIFIER
    (72) task_name -> . IDENTIFIER LBRACKET assigment_expression_group RBRACKET
    (89) bitwise_xor_expression -> . bitwise_xor_expression BITWISE_XOR bitwise_and_expression
    (90) bitwise_xor_expression -> . bitwise_and_expression
    (33) meta_mode -> . MAP
    (34) meta_mode -> . FILTER
    (35) meta_mode -> . REDUCE
    (36) meta_mode -> . FOREACH
    (37) meta_mode -> . FLATMAP
    (38) meta_mode -> . FANOUT
    (91) bitwise_and_expression -> . bitwise_and_expression BITWISE_AND arith_comparison_expression
    (92) bitwise_and_expression -> . arith_comparison_expression
    (93) arith_comparison_expression -> . arith_comparison_expression EQ shift_expression
    (94) arith_comparison_expression -> . arith_comparison_expression NE shift_expression
    (95) arith_comparison_expression -> . arith_comparison_expression LANGLE shift_expression
    (96) arith_comparison_expression -> . arith_comparison_expression RANGLE shift_expression
    (97) arith_comparison_expression -> . arith_comparison_expression LE shift_expression
    (98) arith_comparison_expression -> . arith_comparison_expression GE shift_expression
    (99) arith_comparison_expression -> . shift_expression
    (100) shift_expression -> . shift_expression LSHL additive_expression
    (101) shift_expression -> . shift_expression LSHR additive_expression
    (102) shift_expression -> . shift_expression ASHR additive_expression
    (103) shift_expression -> . additive_expression
    (104) additive_expression -> . additive_expression PLUS multiplicative_expression
    (105) additive_expression -> . additive_expression MINUS multiplicative_expression
    (106) additive_expression -> . multiplicative_expression
    (107) multiplicative_expression -> . multiplicative_expression DIV unary_expression
    (108) multiplicative_expression -> . multiplicative_expression MOD unary_expression
    (109) multiplicative_expression -> . multiplicative_expression RETRY unary_expression
    (110) multiplicative_expression -> . unary_expression
    (111) unary_expression -> . LOGICAL_NOT unary_expression
    (112) unary_expression -> . BITWISE_NOT unary_expression
    (113) unary_expression -> . MINUS unary_expression
    (114) unary_expression -> . primary_expression
    (115) primary_expression -> . LPAREN arithmetic_expr RPAREN
    (116) primary_expression -> . arithmetic_factor
    (117) arithmetic_factor -> . INT
    (118) arithmetic_factor -> . FLOAT
    (119) arithmetic_factor -> . STRING_LITERAL
    (120) arithmetic_factor -> . variable_reference

    LBRACKET        shift and go to state 18
    LCURLY_BRACKET  shift and go to state 78
    NULL            shift and go to state 39
    INT             shift and go to state 14
    FLOAT           shift and go to state 15
    IDENTIFIER      shift and go to state 20
    VAR_ACCESS      shift and go to state 23
    MAP             shift and go to state 32
    FILTER          shift and go to state 33
    REDUCE          shift and go to state 34
    FOREACH         shift and go to state 35
    FLATMAP         shift and go to state 36
    FANOUT          shift and go to state 37
    LOGICAL_NOT     shift and go to state 50
    BITWISE_NOT     shift and go to state 51
    MINUS           shift and go to state 48
    LPAREN          shift and go to state 21
    STRING_LITERAL  shift and go to state 54

    value                          shift and go to state 199
    list                           shift and go to state 25
    map                            shift and go to state 26
    arithmetic_expr                shift and go to state 27
    null_value                     shift and go to state 28
    comparison_expression          shift and go to state 29
    ternary_expression             shift and go to state 30
    null_coalesce_expression       shift and go to state 31
    logical_or_expression          shift and go to state 38
    expression                     shift and go to state 79
    logical_and_expression         shift and go to state 40
    descriptor                     shift and go to state 9
    factor                         shift and go to state 10
    task                           shift and go to state 11
    expression_groupings           shift and go to state 12
    term                           shift and go to state 13
    bitwise_or_expression          shift and go to state 41
    variable_reference             shift and go to state 16
    meta_event                     shift and go to state 17
    task_name                      shift and go to state 19
    bitwise_xor_expression         shift and go to state 42
    meta_mode                      shift and go to state 24
    bitwise_and_expression         shift and go to state 43
    arith_comparison_expression    shift and go to state 44
    shift_expression               shift and go to state 45
    additive_expression            shift and go to state 46
    multiplicative_expression      shift and go to state 47
    unary_expression               shift and go to state 49
    primary_expression             shift and go to state 52
    arithmetic_factor              shift and go to state 53

state 186

    (55) list_elements -> list_elements SEPARATOR value .
    (27) term -> value .

    RBRACKET        reduce using rule 55 (list_elements -> list_elements SEPARATOR value .)
    SEPARATOR       reduce using rule 55 (list_elements -> list_elements SEPARATOR value .)
    EQ              reduce using rule 27 (term -> value .)
    NE              reduce using rule 27 (term -> value .)
    LANGLE          reduce using rule 27 (term -> value .)
    RANGLE          reduce using rule 27 (term -> value .)
    LE              reduce using rule 27 (term -> value .)
    GE              reduce using rule 27 (term -> value .)
    NULLCOALESCE    reduce using rule 27 (term -> value .)
    POINTER         reduce using rule 27 (term -> value .)
    PPOINTER        reduce using rule 27 (term -> value .)
    PARALLEL        reduce using rule 27 (term -> value .)


state 187

    (72) task_name -> IDENTIFIER LBRACKET assigment_expression_group RBRACKET .

    RETRY           reduce using rule 72 (task_name -> IDENTIFIER LBRACKET assigment_expression_group RBRACKET .)
    LPAREN          reduce using rule 72 (task_name -> IDENTIFIER LBRACKET assigment_expression_group RBRACKET .)
    POINTER         reduce using rule 72 (task_name -> IDENTIFIER LBRACKET assigment_expression_group RBRACKET .)
    PPOINTER        reduce using rule 72 (task_name -> IDENTIFIER LBRACKET assigment_expression_group RBRACKET .)
    PARALLEL        reduce using rule 72 (task_name -> IDENTIFIER LBRACKET assigment_expression_group RBRACKET .)
    EQ              reduce using rule 72 (task_name -> IDENTIFIER LBRACKET assigment_expression_group RBRACKET .)
    NE              reduce using rule 72 (task_name -> IDENTIFIER LBRACKET assigment_expression_group RBRACKET .)
    LANGLE          reduce using rule 72 (task_name -> IDENTIFIER LBRACKET assigment_expression_group RBRACKET .)
    RANGLE          reduce using rule 72 (task_name -> IDENTIFIER LBRACKET assigment_expression_group RBRACKET .)
    LE              reduce using rule 72 (task_name -> IDENTIFIER LBRACKET assigment_expression_group RBRACKET .)
    GE              reduce using rule 72 (task_name -> IDENTIFIER LBRACKET assigment_expression_group RBRACKET .)
    NULLCOALESCE    reduce using rule 72 (task_name -> IDENTIFIER LBRACKET assigment_expression_group RBRACKET .)
    VAR_DECL        reduce using rule 72 (task_name -> IDENTIFIER LBRACKET assigment_expression_group RBRACKET .)
    INT             reduce using rule 72 (task_name -> IDENTIFIER LBRACKET assigment_expression_group RBRACKET .)
    FLOAT           reduce using rule 72 (task_name -> IDENTIFIER LBRACKET assigment_expression_group RBRACKET .)
    IDENTIFIER      reduce using rule 72 (task_name -> IDENTIFIER LBRACKET assigment_expression_group RBRACKET .)
    LCURLY_BRACKET  reduce using rule 72 (task_name -> IDENTIFIER LBRACKET assigment_expression_group RBRACKET .)
    VAR_ACCESS      reduce using rule 72 (task_name -> IDENTIFIER LBRACKET assigment_expression_group RBRACKET .)
    MAP             reduce using rule 72 (task_name -> IDENTIFIER LBRACKET assigment_expression_group RBRACKET .)
    FILTER          reduce using rule 72 (task_name -> IDENTIFIER LBRACKET assigment_expression_group RBRACKET .)
    REDUCE          reduce using rule 72 (task_name -> IDENTIFIER LBRACKET assigment_expression_group RBRACKET .)
    FOREACH         reduce using rule 72 (task_name -> IDENTIFIER LBRACKET assigment_expression_group RBRACKET .)
    FLATMAP         reduce using rule 72 (task_name -> IDENTIFIER LBRACKET assigment_expression_group RBRACKET .)
    FANOUT          reduce using rule 72 (task_name -> IDENTIFIER LBRACKET assigment_expression_group RBRACKET .)
    LBRACKET        reduce using rule 72 (task_name -> IDENTIFIER LBRACKET assigment_expression_group RBRACKET .)
    NULL            reduce using rule 72 (task_name -> IDENTIFIER LBRACKET assigment_expression_group RBRACKET .)
    LOGICAL_NOT     reduce using rule 72 (task_name -> IDENTIFIER LBRACKET assigment_expression_group RBRACKET .)
    BITWISE_NOT     reduce using rule 72 (task_name -> IDENTIFIER LBRACKET assigment_expression_group RBRACKET .)
    MINUS           reduce using rule 72 (task_name -> IDENTIFIER LBRACKET assigment_expression_group RBRACKET .)
    STRING_LITERAL  reduce using rule 72 (task_name -> IDENTIFIER LBRACKET assigment_expression_group RBRACKET .)
    $end            reduce using rule 72 (task_name -> IDENTIFIER LBRACKET assigment_expression_group RBRACKET .)
    RCURLY_BRACKET  reduce using rule 72 (task_name -> IDENTIFIER LBRACKET assigment_expression_group RBRACKET .)
    QUESTION        reduce using rule 72 (task_name -> IDENTIFIER LBRACKET assigment_expression_group RBRACKET .)
    RBRACKET        reduce using rule 72 (task_name -> IDENTIFIER LBRACKET assigment_expression_group RBRACKET .)
    SEPARATOR       reduce using rule 72 (task_name -> IDENTIFIER LBRACKET assigment_expression_group RBRACKET .)
    COLON           reduce using rule 72 (task_name -> IDENTIFIER LBRACKET assigment_expression_group RBRACKET .)
    RPAREN          reduce using rule 72 (task_name -> IDENTIFIER LBRACKET assigment_expression_group RBRACKET .)


state 188

    (81) expression_groupings -> LCURLY_BRACKET expression RCURLY_BRACKET LBRACKET . assigment_expression_group RBRACKET
    (77) assigment_expression_group -> . assignment_expression
    (78) assigment_expression_group -> . assignment_expression SEPARATOR assignment_expression
    (79) assigment_expression_group -> . assigment_expression_group SEPARATOR assignment_expression
    (76) assignment_expression -> . IDENTIFIER ASSIGN value

    IDENTIFIER      shift and go to state 146

    assigment_expression_group     shift and go to state 200
    assignment_expression          shift and go to state 145

state 189

    (51) map_entries -> map_entries SEPARATOR map_entry .

    RCURLY_BRACKET  reduce using rule 51 (map_entries -> map_entries SEPARATOR map_entry .)
    SEPARATOR       reduce using rule 51 (map_entries -> map_entries SEPARATOR map_entry .)


state 190

    (52) map_entry -> STRING_LITERAL . COLON value

    COLON           shift and go to state 156


state 191

    (52) map_entry -> STRING_LITERAL COLON value .
    (27) term -> value .

    RCURLY_BRACKET  reduce using rule 52 (map_entry -> STRING_LITERAL COLON value .)
    SEPARATOR       reduce using rule 52 (map_entry -> STRING_LITERAL COLON value .)
    EQ              reduce using rule 27 (term -> value .)
    NE              reduce using rule 27 (term -> value .)
    LANGLE          reduce using rule 27 (term -> value .)
    RANGLE          reduce using rule 27 (term -> value .)
    LE              reduce using rule 27 (term -> value .)
    GE              reduce using rule 27 (term -> value .)
    NULLCOALESCE    reduce using rule 27 (term -> value .)
    POINTER         reduce using rule 27 (term -> value .)
    PPOINTER        reduce using rule 27 (term -> value .)
    PARALLEL        reduce using rule 27 (term -> value .)


state 192

    (31) meta_event -> meta_mode LANGLE IDENTIFIER RANGLE .

    LBRACKET        reduce using rule 31 (meta_event -> meta_mode LANGLE IDENTIFIER RANGLE .)
    RETRY           reduce using rule 31 (meta_event -> meta_mode LANGLE IDENTIFIER RANGLE .)
    LPAREN          reduce using rule 31 (meta_event -> meta_mode LANGLE IDENTIFIER RANGLE .)
    POINTER         reduce using rule 31 (meta_event -> meta_mode LANGLE IDENTIFIER RANGLE .)
    PPOINTER        reduce using rule 31 (meta_event -> meta_mode LANGLE IDENTIFIER RANGLE .)
    PARALLEL        reduce using rule 31 (meta_event -> meta_mode LANGLE IDENTIFIER RANGLE .)
    EQ              reduce using rule 31 (meta_event -> meta_mode LANGLE IDENTIFIER RANGLE .)
    NE              reduce using rule 31 (meta_event -> meta_mode LANGLE IDENTIFIER RANGLE .)
    LANGLE          reduce using rule 31 (meta_event -> meta_mode LANGLE IDENTIFIER RANGLE .)
    RANGLE          reduce using rule 31 (meta_event -> meta_mode LANGLE IDENTIFIER RANGLE .)
    LE              reduce using rule 31 (meta_event -> meta_mode LANGLE IDENTIFIER RANGLE .)
    GE              reduce using rule 31 (meta_event -> meta_mode LANGLE IDENTIFIER RANGLE .)
    NULLCOALESCE    reduce using rule 31 (meta_event -> meta_mode LANGLE IDENTIFIER RANGLE .)
    VAR_DECL        reduce using rule 31 (meta_event -> meta_mode LANGLE IDENTIFIER RANGLE .)
    INT             reduce using rule 31 (meta_event -> meta_mode LANGLE IDENTIFIER RANGLE .)
    FLOAT           reduce using rule 31 (meta_event -> meta_mode LANGLE IDENTIFIER RANGLE .)
    IDENTIFIER      reduce using rule 31 (meta_event -> meta_mode LANGLE IDENTIFIER RANGLE .)
    LCURLY_BRACKET  reduce using rule 31 (meta_event -> meta_mode LANGLE IDENTIFIER RANGLE .)
    VAR_ACCESS      reduce using rule 31 (meta_event -> meta_mode LANGLE IDENTIFIER RANGLE .)
    MAP             reduce using rule 31 (meta_event -> meta_mode LANGLE IDENTIFIER RANGLE .)
    FILTER          reduce using rule 31 (meta_event -> meta_mode LANGLE IDENTIFIER RANGLE .)
    REDUCE          reduce using rule 31 (meta_event -> meta_mode LANGLE IDENTIFIER RANGLE .)
    FOREACH         reduce using rule 31 (meta_event -> meta_mode LANGLE IDENTIFIER RANGLE .)
    FLATMAP         reduce using rule 31 (meta_event -> meta_mode LANGLE IDENTIFIER RANGLE .)
    FANOUT          reduce using rule 31 (meta_event -> meta_mode LANGLE IDENTIFIER RANGLE .)
    NULL            reduce using rule 31 (meta_event -> meta_mode LANGLE IDENTIFIER RANGLE .)
    LOGICAL_NOT     reduce using rule 31 (meta_event -> meta_mode LANGLE IDENTIFIER RANGLE .)
    BITWISE_NOT     reduce using rule 31 (meta_event -> meta_mode LANGLE IDENTIFIER RANGLE .)
    MINUS           reduce using rule 31 (meta_event -> meta_mode LANGLE IDENTIFIER RANGLE .)
    STRING_LITERAL  reduce using rule 31 (meta_event -> meta_mode LANGLE IDENTIFIER RANGLE .)
    $end            reduce using rule 31 (meta_event -> meta_mode LANGLE IDENTIFIER RANGLE .)
    RCURLY_BRACKET  reduce using rule 31 (meta_event -> meta_mode LANGLE IDENTIFIER RANGLE .)
    QUESTION        reduce using rule 31 (meta_event -> meta_mode LANGLE IDENTIFIER RANGLE .)
    RBRACKET        reduce using rule 31 (meta_event -> meta_mode LANGLE IDENTIFIER RANGLE .)
    SEPARATOR       reduce using rule 31 (meta_event -> meta_mode LANGLE IDENTIFIER RANGLE .)
    COLON           reduce using rule 31 (meta_event -> meta_mode LANGLE IDENTIFIER RANGLE .)
    RPAREN          reduce using rule 31 (meta_event -> meta_mode LANGLE IDENTIFIER RANGLE .)


state 193

    (32) meta_event -> meta_mode LANGLE IDENTIFIER DOUBLE_COLON . IDENTIFIER RANGLE

    IDENTIFIER      shift and go to state 201


state 194

    (16) ternary_expression -> comparison_expression QUESTION expression COLON . expression
    (7) expression -> . expression POINTER expression
    (8) expression -> . expression PPOINTER expression
    (9) expression -> . expression PARALLEL expression
    (10) expression -> . descriptor POINTER expression
    (11) expression -> . descriptor PPOINTER expression
    (12) expression -> . factor RETRY task
    (13) expression -> . task RETRY factor
    (14) expression -> . expression_groupings RETRY factor
    (15) expression -> . factor RETRY expression_groupings
    (24) expression -> . term
    (65) descriptor -> . INT
    (66) factor -> . INT
    (67) factor -> . FLOAT
    (68) factor -> . variable_reference
    (29) task -> . meta_event
    (30) task -> . meta_event LBRACKET assigment_expression_group RBRACKET
    (69) task -> . task_name
    (70) task -> . IDENTIFIER DOUBLE_COLON task_name
    (75) task -> . task LPAREN conditional_group RPAREN
    (80) expression_groupings -> . LCURLY_BRACKET expression RCURLY_BRACKET
    (81) expression_groupings -> . LCURLY_BRACKET expression RCURLY_BRACKET LBRACKET assigment_expression_group RBRACKET
    (25) term -> . task
    (26) term -> . expression_groupings
    (27) term -> . value
    (28) term -> . variable_reference
    (63) variable_reference -> . VAR_ACCESS
    (64) variable_reference -> . VAR_ACCESS DOT IDENTIFIER
    (31) meta_event -> . meta_mode LANGLE IDENTIFIER RANGLE
    (32) meta_event -> . meta_mode LANGLE IDENTIFIER DOUBLE_COLON IDENTIFIER RANGLE
    (71) task_name -> . IDENTIFIER
    (72) task_name -> . IDENTIFIER LBRACKET assigment_expression_group RBRACKET
    (41) value -> . list
    (42) value -> . map
    (43) value -> . arithmetic_expr
    (44) value -> . null_value
    (45) value -> . comparison_expression
    (46) value -> . ternary_expression
    (47) value -> . null_coalesce_expression
    (33) meta_mode -> . MAP
    (34) meta_mode -> . FILTER
    (35) meta_mode -> . REDUCE
    (36) meta_mode -> . FOREACH
    (37) meta_mode -> . FLATMAP
    (38) meta_mode -> . FANOUT
    (53) list -> . LBRACKET list_elements RBRACKET
    (48) map -> . LCURLY_BRACKET map_entries RCURLY_BRACKET
    (82) arithmetic_expr -> . logical_or_expression
    (62) null_value -> . NULL
    (17) comparison_expression -> . expression EQ expression
    (18) comparison_expression -> . expression NE expression
    (19) comparison_expression -> . expression LANGLE expression
    (20) comparison_expression -> . expression RANGLE expression
    (21) comparison_expression -> . expression LE expression
    (22) comparison_expression -> . expression GE expression
    (16) ternary_expression -> . comparison_expression QUESTION expression COLON expression
    (23) null_coalesce_expression -> . expression NULLCOALESCE expression
    (83) logical_or_expression -> . logical_or_expression PARALLEL logical_and_expression
    (84) logical_or_expression -> . logical_and_expression
    (85) logical_and_expression -> . logical_and_expression LOGICAL_AND bitwise_or_expression
    (86) logical_and_expression -> . bitwise_or_expression
    (87) bitwise_or_expression -> . bitwise_or_expression BITWISE_OR bitwise_xor_expression
    (88) bitwise_or_expression -> . bitwise_xor_expression
    (89) bitwise_xor_expression -> . bitwise_xor_expression BITWISE_XOR bitwise_and_expression
    (90) bitwise_xor_expression -> . bitwise_and_expression
    (91) bitwise_and_expression -> . bitwise_and_expression BITWISE_AND arith_comparison_expression
    (92) bitwise_and_expression -> . arith_comparison_expression
    (93) arith_comparison_expression -> . arith_comparison_expression EQ shift_expression
    (94) arith_comparison_expression -> . arith_comparison_expression NE shift_expression
    (95) arith_comparison_expression -> . arith_comparison_expression LANGLE shift_expression
    (96) arith_comparison_expression -> . arith_comparison_expression RANGLE shift_expression
    (97) arith_comparison_expression -> . arith_comparison_expression LE shift_expression
    (98) arith_comparison_expression -> . arith_comparison_expression GE shift_expression
    (99) arith_comparison_expression -> . shift_expression
    (100) shift_expression -> . shift_expression LSHL additive_expression
    (101) shift_expression -> . shift_expression LSHR additive_expression
    (102) shift_expression -> . shift_expression ASHR additive_expression
    (103) shift_expression -> . additive_expression
    (104) additive_expression -> . additive_expression PLUS multiplicative_expression
    (105) additive_expression -> . additive_expression MINUS multiplicative_expression
    (106) additive_expression -> . multiplicative_expression
    (107) multiplicative_expression -> . multiplicative_expression DIV unary_expression
    (108) multiplicative_expression -> . multiplicative_expression MOD unary_expression
    (109) multiplicative_expression -> . multiplicative_expression RETRY unary_expression
    (110) multiplicative_expression -> . unary_expression
    (111) unary_expression -> . LOGICAL_NOT unary_expression
    (112) unary_expression -> . BITWISE_NOT unary_expression
    (113) unary_expression -> . MINUS unary_expression
    (114) unary_expression -> . primary_expression
    (115) primary_expression -> . LPAREN arithmetic_expr RPAREN
    (116) primary_expression -> . arithmetic_factor
    (117) arithmetic_factor -> . INT
    (118) arithmetic_factor -> . FLOAT
    (119) arithmetic_factor -> . STRING_LITERAL
    (120) arithmetic_factor -> . variable_reference

    INT             shift and go to state 14
    FLOAT           shift and go to state 15
    IDENTIFIER      shift and go to state 20
    LCURLY_BRACKET  shift and go to state 22
    VAR_ACCESS      shift and go to state 23
    MAP             shift and go to state 32
    FILTER          shift and go to state 33
    REDUCE          shift and go to state 34
    FOREACH         shift and go to state 35
    FLATMAP         shift and go to state 36
    FANOUT          shift and go to state 37
    LBRACKET        shift and go to state 18
    NULL            shift and go to state 39
    LOGICAL_NOT     shift and go to state 50
    BITWISE_NOT     shift and go to state 51
    MINUS           shift and go to state 48
    LPAREN          shift and go to state 21
    STRING_LITERAL  shift and go to state 54

    comparison_expression          shift and go to state 29
    expression                     shift and go to state 202
    descriptor                     shift and go to state 9
    factor                         shift and go to state 10
    task                           shift and go to state 11
    expression_groupings           shift and go to state 12
    term                           shift and go to state 13
    variable_reference             shift and go to state 16
    meta_event                     shift and go to state 17
    task_name                      shift and go to state 19
    value                          shift and go to state 8
    meta_mode                      shift and go to state 24
    list                           shift and go to state 25
    map                            shift and go to state 26
    arithmetic_expr                shift and go to state 27
    null_value                     shift and go to state 28
    ternary_expression             shift and go to state 30
    null_coalesce_expression       shift and go to state 31
    logical_or_expression          shift and go to state 38
    logical_and_expression         shift and go to state 40
    bitwise_or_expression          shift and go to state 41
    bitwise_xor_expression         shift and go to state 42
    bitwise_and_expression         shift and go to state 43
    arith_comparison_expression    shift and go to state 44
    shift_expression               shift and go to state 45
    additive_expression            shift and go to state 46
    multiplicative_expression      shift and go to state 47
    unary_expression               shift and go to state 49
    primary_expression             shift and go to state 52
    arithmetic_factor              shift and go to state 53

state 195

    (74) conditional_group -> conditional_group SEPARATOR expression .
    (7) expression -> expression . POINTER expression
    (8) expression -> expression . PPOINTER expression
    (9) expression -> expression . PARALLEL expression
    (17) comparison_expression -> expression . EQ expression
    (18) comparison_expression -> expression . NE expression
    (19) comparison_expression -> expression . LANGLE expression
    (20) comparison_expression -> expression . RANGLE expression
    (21) comparison_expression -> expression . LE expression
    (22) comparison_expression -> expression . GE expression
    (23) null_coalesce_expression -> expression . NULLCOALESCE expression

    RPAREN          reduce using rule 74 (conditional_group -> conditional_group SEPARATOR expression .)
    SEPARATOR       reduce using rule 74 (conditional_group -> conditional_group SEPARATOR expression .)
    POINTER         shift and go to state 56
    PPOINTER        shift and go to state 57
    PARALLEL        shift and go to state 58
    EQ              shift and go to state 59
    NE              shift and go to state 60
    LANGLE          shift and go to state 61
    RANGLE          shift and go to state 62
    LE              shift and go to state 63
    GE              shift and go to state 64
    NULLCOALESCE    shift and go to state 65


state 196

    (73) conditional_group -> expression SEPARATOR expression .
    (7) expression -> expression . POINTER expression
    (8) expression -> expression . PPOINTER expression
    (9) expression -> expression . PARALLEL expression
    (17) comparison_expression -> expression . EQ expression
    (18) comparison_expression -> expression . NE expression
    (19) comparison_expression -> expression . LANGLE expression
    (20) comparison_expression -> expression . RANGLE expression
    (21) comparison_expression -> expression . LE expression
    (22) comparison_expression -> expression . GE expression
    (23) null_coalesce_expression -> expression . NULLCOALESCE expression

    RPAREN          reduce using rule 73 (conditional_group -> expression SEPARATOR expression .)
    SEPARATOR       reduce using rule 73 (conditional_group -> expression SEPARATOR expression .)
    POINTER         shift and go to state 56
    PPOINTER        shift and go to state 57
    PARALLEL        shift and go to state 58
    EQ              shift and go to state 59
    NE              shift and go to state 60
    LANGLE          shift and go to state 61
    RANGLE          shift and go to state 62
    LE              shift and go to state 63
    GE              shift and go to state 64
    NULLCOALESCE    shift and go to state 65


state 197

    (79) assigment_expression_group -> assigment_expression_group SEPARATOR assignment_expression .

    RBRACKET        reduce using rule 79 (assigment_expression_group -> assigment_expression_group SEPARATOR assignment_expression .)
    SEPARATOR       reduce using rule 79 (assigment_expression_group -> assigment_expression_group SEPARATOR assignment_expression .)


state 198

    (78) assigment_expression_group -> assignment_expression SEPARATOR assignment_expression .

    RBRACKET        reduce using rule 78 (assigment_expression_group -> assignment_expression SEPARATOR assignment_expression .)
    SEPARATOR       reduce using rule 78 (assigment_expression_group -> assignment_expression SEPARATOR assignment_expression .)


state 199

    (76) assignment_expression -> IDENTIFIER ASSIGN value .
    (27) term -> value .

    SEPARATOR       reduce using rule 76 (assignment_expression -> IDENTIFIER ASSIGN value .)
    RBRACKET        reduce using rule 76 (assignment_expression -> IDENTIFIER ASSIGN value .)
    EQ              reduce using rule 27 (term -> value .)
    NE              reduce using rule 27 (term -> value .)
    LANGLE          reduce using rule 27 (term -> value .)
    RANGLE          reduce using rule 27 (term -> value .)
    LE              reduce using rule 27 (term -> value .)
    GE              reduce using rule 27 (term -> value .)
    NULLCOALESCE    reduce using rule 27 (term -> value .)
    POINTER         reduce using rule 27 (term -> value .)
    PPOINTER        reduce using rule 27 (term -> value .)
    PARALLEL        reduce using rule 27 (term -> value .)


state 200

    (81) expression_groupings -> LCURLY_BRACKET expression RCURLY_BRACKET LBRACKET assigment_expression_group . RBRACKET
    (79) assigment_expression_group -> assigment_expression_group . SEPARATOR assignment_expression

    RBRACKET        shift and go to state 203
    SEPARATOR       shift and go to state 183


state 201

    (32) meta_event -> meta_mode LANGLE IDENTIFIER DOUBLE_COLON IDENTIFIER . RANGLE

    RANGLE          shift and go to state 204


state 202

    (16) ternary_expression -> comparison_expression QUESTION expression COLON expression .
    (7) expression -> expression . POINTER expression
    (8) expression -> expression . PPOINTER expression
    (9) expression -> expression . PARALLEL expression
    (17) comparison_expression -> expression . EQ expression
    (18) comparison_expression -> expression . NE expression
    (19) comparison_expression -> expression . LANGLE expression
    (20) comparison_expression -> expression . RANGLE expression
    (21) comparison_expression -> expression . LE expression
    (22) comparison_expression -> expression . GE expression
    (23) null_coalesce_expression -> expression . NULLCOALESCE expression

    POINTER         reduce using rule 16 (ternary_expression -> comparison_expression QUESTION expression COLON expression .)
    PPOINTER        reduce using rule 16 (ternary_expression -> comparison_expression QUESTION expression COLON expression .)
    PARALLEL        reduce using rule 16 (ternary_expression -> comparison_expression QUESTION expression COLON expression .)
    EQ              reduce using rule 16 (ternary_expression -> comparison_expression QUESTION expression COLON expression .)
    NE              reduce using rule 16 (ternary_expression -> comparison_expression QUESTION expression COLON expression .)
    LANGLE          reduce using rule 16 (ternary_expression -> comparison_expression QUESTION expression COLON expression .)
    RANGLE          reduce using rule 16 (ternary_expression -> comparison_expression QUESTION expression COLON expression .)
    LE              reduce using rule 16 (ternary_expression -> comparison_expression QUESTION expression COLON expression .)
    GE              reduce using rule 16 (ternary_expression -> comparison_expression QUESTION expression COLON expression .)
    VAR_DECL        reduce using rule 16 (ternary_expression -> comparison_expression QUESTION expression COLON expression .)
    INT             reduce using rule 16 (ternary_expression -> comparison_expression QUESTION expression COLON expression .)
    FLOAT           reduce using rule 16 (ternary_expression -> comparison_expression QUESTION expression COLON expression .)
    IDENTIFIER      reduce using rule 16 (ternary_expression -> comparison_expression QUESTION expression COLON expression .)
    LCURLY_BRACKET  reduce using rule 16 (ternary_expression -> comparison_expression QUESTION expression COLON expression .)
    VAR_ACCESS      reduce using rule 16 (ternary_expression -> comparison_expression QUESTION expression COLON expression .)
    MAP             reduce using rule 16 (ternary_expression -> comparison_expression QUESTION expression COLON expression .)
    FILTER          reduce using rule 16 (ternary_expression -> comparison_expression QUESTION expression COLON expression .)
    REDUCE          reduce using rule 16 (ternary_expression -> comparison_expression QUESTION expression COLON expression .)
    FOREACH         reduce using rule 16 (ternary_expression -> comparison_expression QUESTION expression COLON expression .)
    FLATMAP         reduce using rule 16 (ternary_expression -> comparison_expression QUESTION expression COLON expression .)
    FANOUT          reduce using rule 16 (ternary_expression -> comparison_expression QUESTION expression COLON expression .)
    LBRACKET        reduce using rule 16 (ternary_expression -> comparison_expression QUESTION expression COLON expression .)
    NULL            reduce using rule 16 (ternary_expression -> comparison_expression QUESTION expression COLON expression .)
    LOGICAL_NOT     reduce using rule 16 (ternary_expression -> comparison_expression QUESTION expression COLON expression .)
    BITWISE_NOT     reduce using rule 16 (ternary_expression -> comparison_expression QUESTION expression COLON expression .)
    MINUS           reduce using rule 16 (ternary_expression -> comparison_expression QUESTION expression COLON expression .)
    LPAREN          reduce using rule 16 (ternary_expression -> comparison_expression QUESTION expression COLON expression .)
    STRING_LITERAL  reduce using rule 16 (ternary_expression -> comparison_expression QUESTION expression COLON expression .)
    $end            reduce using rule 16 (ternary_expression -> comparison_expression QUESTION expression COLON expression .)
    RBRACKET        reduce using rule 16 (ternary_expression -> comparison_expression QUESTION expression COLON expression .)
    SEPARATOR       reduce using rule 16 (ternary_expression -> comparison_expression QUESTION expression COLON expression .)
    RCURLY_BRACKET  reduce using rule 16 (ternary_expression -> comparison_expression QUESTION expression COLON expression .)
    QUESTION        reduce using rule 16 (ternary_expression -> comparison_expression QUESTION expression COLON expression .)
    COLON           reduce using rule 16 (ternary_expression -> comparison_expression QUESTION expression COLON expression .)
    RPAREN          reduce using rule 16 (ternary_expression -> comparison_expression QUESTION expression COLON expression .)
    NULLCOALESCE    shift and go to state 65

  ! NULLCOALESCE    [ reduce using rule 16 (ternary_expression -> comparison_expression QUESTION expression COLON expression .) ]
  ! POINTER         [ shift and go to state 56 ]
  ! PPOINTER        [ shift and go to state 57 ]
  ! PARALLEL        [ shift and go to state 58 ]
  ! EQ              [ shift and go to state 59 ]
  ! NE              [ shift and go to state 60 ]
  ! LANGLE          [ shift and go to state 61 ]
  ! RANGLE          [ shift and go to state 62 ]
  ! LE              [ shift and go to state 63 ]
  ! GE              [ shift and go to state 64 ]


state 203

    (81) expression_groupings -> LCURLY_BRACKET expression RCURLY_BRACKET LBRACKET assigment_expression_group RBRACKET .

    RETRY           reduce using rule 81 (expression_groupings -> LCURLY_BRACKET expression RCURLY_BRACKET LBRACKET assigment_expression_group RBRACKET .)
    POINTER         reduce using rule 81 (expression_groupings -> LCURLY_BRACKET expression RCURLY_BRACKET LBRACKET assigment_expression_group RBRACKET .)
    PPOINTER        reduce using rule 81 (expression_groupings -> LCURLY_BRACKET expression RCURLY_BRACKET LBRACKET assigment_expression_group RBRACKET .)
    PARALLEL        reduce using rule 81 (expression_groupings -> LCURLY_BRACKET expression RCURLY_BRACKET LBRACKET assigment_expression_group RBRACKET .)
    EQ              reduce using rule 81 (expression_groupings -> LCURLY_BRACKET expression RCURLY_BRACKET LBRACKET assigment_expression_group RBRACKET .)
    NE              reduce using rule 81 (expression_groupings -> LCURLY_BRACKET expression RCURLY_BRACKET LBRACKET assigment_expression_group RBRACKET .)
    LANGLE          reduce using rule 81 (expression_groupings -> LCURLY_BRACKET expression RCURLY_BRACKET LBRACKET assigment_expression_group RBRACKET .)
    RANGLE          reduce using rule 81 (expression_groupings -> LCURLY_BRACKET expression RCURLY_BRACKET LBRACKET assigment_expression_group RBRACKET .)
    LE              reduce using rule 81 (expression_groupings -> LCURLY_BRACKET expression RCURLY_BRACKET LBRACKET assigment_expression_group RBRACKET .)
    GE              reduce using rule 81 (expression_groupings -> LCURLY_BRACKET expression RCURLY_BRACKET LBRACKET assigment_expression_group RBRACKET .)
    NULLCOALESCE    reduce using rule 81 (expression_groupings -> LCURLY_BRACKET expression RCURLY_BRACKET LBRACKET assigment_expression_group RBRACKET .)
    VAR_DECL        reduce using rule 81 (expression_groupings -> LCURLY_BRACKET expression RCURLY_BRACKET LBRACKET assigment_expression_group RBRACKET .)
    INT             reduce using rule 81 (expression_groupings -> LCURLY_BRACKET expression RCURLY_BRACKET LBRACKET assigment_expression_group RBRACKET .)
    FLOAT           reduce using rule 81 (expression_groupings -> LCURLY_BRACKET expression RCURLY_BRACKET LBRACKET assigment_expression_group RBRACKET .)
    IDENTIFIER      reduce using rule 81 (expression_groupings -> LCURLY_BRACKET expression RCURLY_BRACKET LBRACKET assigment_expression_group RBRACKET .)
    LCURLY_BRACKET  reduce using rule 81 (expression_groupings -> LCURLY_BRACKET expression RCURLY_BRACKET LBRACKET assigment_expression_group RBRACKET .)
    VAR_ACCESS      reduce using rule 81 (expression_groupings -> LCURLY_BRACKET expression RCURLY_BRACKET LBRACKET assigment_expression_group RBRACKET .)
    MAP             reduce using rule 81 (expression_groupings -> LCURLY_BRACKET expression RCURLY_BRACKET LBRACKET assigment_expression_group RBRACKET .)
    FILTER          reduce using rule 81 (expression_groupings -> LCURLY_BRACKET expression RCURLY_BRACKET LBRACKET assigment_expression_group RBRACKET .)
    REDUCE          reduce using rule 81 (expression_groupings -> LCURLY_BRACKET expression RCURLY_BRACKET LBRACKET assigment_expression_group RBRACKET .)
    FOREACH         reduce using rule 81 (expression_groupings -> LCURLY_BRACKET expression RCURLY_BRACKET LBRACKET assigment_expression_group RBRACKET .)
    FLATMAP         reduce using rule 81 (expression_groupings -> LCURLY_BRACKET expression RCURLY_BRACKET LBRACKET assigment_expression_group RBRACKET .)
    FANOUT          reduce using rule 81 (expression_groupings -> LCURLY_BRACKET expression RCURLY_BRACKET LBRACKET assigment_expression_group RBRACKET .)
    LBRACKET        reduce using rule 81 (expression_groupings -> LCURLY_BRACKET expression RCURLY_BRACKET LBRACKET assigment_expression_group RBRACKET .)
    NULL            reduce using rule 81 (expression_groupings -> LCURLY_BRACKET expression RCURLY_BRACKET LBRACKET assigment_expression_group RBRACKET .)
    LOGICAL_NOT     reduce using rule 81 (expression_groupings -> LCURLY_BRACKET expression RCURLY_BRACKET LBRACKET assigment_expression_group RBRACKET .)
    BITWISE_NOT     reduce using rule 81 (expression_groupings -> LCURLY_BRACKET expression RCURLY_BRACKET LBRACKET assigment_expression_group RBRACKET .)
    MINUS           reduce using rule 81 (expression_groupings -> LCURLY_BRACKET expression RCURLY_BRACKET LBRACKET assigment_expression_group RBRACKET .)
    LPAREN          reduce using rule 81 (expression_groupings -> LCURLY_BRACKET expression RCURLY_BRACKET LBRACKET assigment_expression_group RBRACKET .)
    STRING_LITERAL  reduce using rule 81 (expression_groupings -> LCURLY_BRACKET expression RCURLY_BRACKET LBRACKET assigment_expression_group RBRACKET .)
    $end            reduce using rule 81 (expression_groupings -> LCURLY_BRACKET expression RCURLY_BRACKET LBRACKET assigment_expression_group RBRACKET .)
    RCURLY_BRACKET  reduce using rule 81 (expression_groupings -> LCURLY_BRACKET expression RCURLY_BRACKET LBRACKET assigment_expression_group RBRACKET .)
    QUESTION        reduce using rule 81 (expression_groupings -> LCURLY_BRACKET expression RCURLY_BRACKET LBRACKET assigment_expression_group RBRACKET .)
    RBRACKET        reduce using rule 81 (expression_groupings -> LCURLY_BRACKET expression RCURLY_BRACKET LBRACKET assigment_expression_group RBRACKET .)
    SEPARATOR       reduce using rule 81 (expression_groupings -> LCURLY_BRACKET expression RCURLY_BRACKET LBRACKET assigment_expression_group RBRACKET .)
    COLON           reduce using rule 81 (expression_groupings -> LCURLY_BRACKET expression RCURLY_BRACKET LBRACKET assigment_expression_group RBRACKET .)
    RPAREN          reduce using rule 81 (expression_groupings -> LCURLY_BRACKET expression RCURLY_BRACKET LBRACKET assigment_expression_group RBRACKET .)


state 204

    (32) meta_event -> meta_mode LANGLE IDENTIFIER DOUBLE_COLON IDENTIFIER RANGLE .

    LBRACKET        reduce using rule 32 (meta_event -> meta_mode LANGLE IDENTIFIER DOUBLE_COLON IDENTIFIER RANGLE .)
    RETRY           reduce using rule 32 (meta_event -> meta_mode LANGLE IDENTIFIER DOUBLE_COLON IDENTIFIER RANGLE .)
    LPAREN          reduce using rule 32 (meta_event -> meta_mode LANGLE IDENTIFIER DOUBLE_COLON IDENTIFIER RANGLE .)
    POINTER         reduce using rule 32 (meta_event -> meta_mode LANGLE IDENTIFIER DOUBLE_COLON IDENTIFIER RANGLE .)
    PPOINTER        reduce using rule 32 (meta_event -> meta_mode LANGLE IDENTIFIER DOUBLE_COLON IDENTIFIER RANGLE .)
    PARALLEL        reduce using rule 32 (meta_event -> meta_mode LANGLE IDENTIFIER DOUBLE_COLON IDENTIFIER RANGLE .)
    EQ              reduce using rule 32 (meta_event -> meta_mode LANGLE IDENTIFIER DOUBLE_COLON IDENTIFIER RANGLE .)
    NE              reduce using rule 32 (meta_event -> meta_mode LANGLE IDENTIFIER DOUBLE_COLON IDENTIFIER RANGLE .)
    LANGLE          reduce using rule 32 (meta_event -> meta_mode LANGLE IDENTIFIER DOUBLE_COLON IDENTIFIER RANGLE .)
    RANGLE          reduce using rule 32 (meta_event -> meta_mode LANGLE IDENTIFIER DOUBLE_COLON IDENTIFIER RANGLE .)
    LE              reduce using rule 32 (meta_event -> meta_mode LANGLE IDENTIFIER DOUBLE_COLON IDENTIFIER RANGLE .)
    GE              reduce using rule 32 (meta_event -> meta_mode LANGLE IDENTIFIER DOUBLE_COLON IDENTIFIER RANGLE .)
    NULLCOALESCE    reduce using rule 32 (meta_event -> meta_mode LANGLE IDENTIFIER DOUBLE_COLON IDENTIFIER RANGLE .)
    VAR_DECL        reduce using rule 32 (meta_event -> meta_mode LANGLE IDENTIFIER DOUBLE_COLON IDENTIFIER RANGLE .)
    INT             reduce using rule 32 (meta_event -> meta_mode LANGLE IDENTIFIER DOUBLE_COLON IDENTIFIER RANGLE .)
    FLOAT           reduce using rule 32 (meta_event -> meta_mode LANGLE IDENTIFIER DOUBLE_COLON IDENTIFIER RANGLE .)
    IDENTIFIER      reduce using rule 32 (meta_event -> meta_mode LANGLE IDENTIFIER DOUBLE_COLON IDENTIFIER RANGLE .)
    LCURLY_BRACKET  reduce using rule 32 (meta_event -> meta_mode LANGLE IDENTIFIER DOUBLE_COLON IDENTIFIER RANGLE .)
    VAR_ACCESS      reduce using rule 32 (meta_event -> meta_mode LANGLE IDENTIFIER DOUBLE_COLON IDENTIFIER RANGLE .)
    MAP             reduce using rule 32 (meta_event -> meta_mode LANGLE IDENTIFIER DOUBLE_COLON IDENTIFIER RANGLE .)
    FILTER          reduce using rule 32 (meta_event -> meta_mode LANGLE IDENTIFIER DOUBLE_COLON IDENTIFIER RANGLE .)
    REDUCE          reduce using rule 32 (meta_event -> meta_mode LANGLE IDENTIFIER DOUBLE_COLON IDENTIFIER RANGLE .)
    FOREACH         reduce using rule 32 (meta_event -> meta_mode LANGLE IDENTIFIER DOUBLE_COLON IDENTIFIER RANGLE .)
    FLATMAP         reduce using rule 32 (meta_event -> meta_mode LANGLE IDENTIFIER DOUBLE_COLON IDENTIFIER RANGLE .)
    FANOUT          reduce using rule 32 (meta_event -> meta_mode LANGLE IDENTIFIER DOUBLE_COLON IDENTIFIER RANGLE .)
    NULL            reduce using rule 32 (meta_event -> meta_mode LANGLE IDENTIFIER DOUBLE_COLON IDENTIFIER RANGLE .)
    LOGICAL_NOT     reduce using rule 32 (meta_event -> meta_mode LANGLE IDENTIFIER DOUBLE_COLON IDENTIFIER RANGLE .)
    BITWISE_NOT     reduce using rule 32 (meta_event -> meta_mode LANGLE IDENTIFIER DOUBLE_COLON IDENTIFIER RANGLE .)
    MINUS           reduce using rule 32 (meta_event -> meta_mode LANGLE IDENTIFIER DOUBLE_COLON IDENTIFIER RANGLE .)
    STRING_LITERAL  reduce using rule 32 (meta_event -> meta_mode LANGLE IDENTIFIER DOUBLE_COLON IDENTIFIER RANGLE .)
    $end            reduce using rule 32 (meta_event -> meta_mode LANGLE IDENTIFIER DOUBLE_COLON IDENTIFIER RANGLE .)
    RCURLY_BRACKET  reduce using rule 32 (meta_event -> meta_mode LANGLE IDENTIFIER DOUBLE_COLON IDENTIFIER RANGLE .)
    QUESTION        reduce using rule 32 (meta_event -> meta_mode LANGLE IDENTIFIER DOUBLE_COLON IDENTIFIER RANGLE .)
    RBRACKET        reduce using rule 32 (meta_event -> meta_mode LANGLE IDENTIFIER DOUBLE_COLON IDENTIFIER RANGLE .)
    SEPARATOR       reduce using rule 32 (meta_event -> meta_mode LANGLE IDENTIFIER DOUBLE_COLON IDENTIFIER RANGLE .)
    COLON           reduce using rule 32 (meta_event -> meta_mode LANGLE IDENTIFIER DOUBLE_COLON IDENTIFIER RANGLE .)
    RPAREN          reduce using rule 32 (meta_event -> meta_mode LANGLE IDENTIFIER DOUBLE_COLON IDENTIFIER RANGLE .)

WARNING: 
WARNING: Conflicts:
WARNING: 
WARNING: shift/reduce conflict for LPAREN in state 11 resolved as shift
WARNING: shift/reduce conflict for LBRACKET in state 17 resolved as shift
WARNING: shift/reduce conflict for LBRACKET in state 20 resolved as shift
WARNING: shift/reduce conflict for QUESTION in state 29 resolved as shift
WARNING: shift/reduce conflict for PARALLEL in state 38 resolved as shift
WARNING: shift/reduce conflict for EQ in state 44 resolved as shift
WARNING: shift/reduce conflict for NE in state 44 resolved as shift
WARNING: shift/reduce conflict for LANGLE in state 44 resolved as shift
WARNING: shift/reduce conflict for RANGLE in state 44 resolved as shift
WARNING: shift/reduce conflict for LE in state 44 resolved as shift
WARNING: shift/reduce conflict for GE in state 44 resolved as shift
WARNING: shift/reduce conflict for MINUS in state 46 resolved as shift
WARNING: shift/reduce conflict for POINTER in state 119 resolved as shift
WARNING: shift/reduce conflict for PPOINTER in state 119 resolved as shift
WARNING: shift/reduce conflict for PARALLEL in state 119 resolved as shift
WARNING: shift/reduce conflict for EQ in state 119 resolved as shift
WARNING: shift/reduce conflict for NE in state 119 resolved as shift
WARNING: shift/reduce conflict for LANGLE in state 119 resolved as shift
WARNING: shift/reduce conflict for RANGLE in state 119 resolved as shift
WARNING: shift/reduce conflict for LE in state 119 resolved as shift
WARNING: shift/reduce conflict for GE in state 119 resolved as shift
WARNING: shift/reduce conflict for NULLCOALESCE in state 119 resolved as shift
WARNING: shift/reduce conflict for POINTER in state 120 resolved as shift
WARNING: shift/reduce conflict for PPOINTER in state 120 resolved as shift
WARNING: shift/reduce conflict for PARALLEL in state 120 resolved as shift
WARNING: shift/reduce conflict for EQ in state 120 resolved as shift
WARNING: shift/reduce conflict for NE in state 120 resolved as shift
WARNING: shift/reduce conflict for LANGLE in state 120 resolved as shift
WARNING: shift/reduce conflict for RANGLE in state 120 resolved as shift
WARNING: shift/reduce conflict for LE in state 120 resolved as shift
WARNING: shift/reduce conflict for GE in state 120 resolved as shift
WARNING: shift/reduce conflict for NULLCOALESCE in state 120 resolved as shift
WARNING: shift/reduce conflict for POINTER in state 121 resolved as shift
WARNING: shift/reduce conflict for PPOINTER in state 121 resolved as shift
WARNING: shift/reduce conflict for PARALLEL in state 121 resolved as shift
WARNING: shift/reduce conflict for EQ in state 121 resolved as shift
WARNING: shift/reduce conflict for NE in state 121 resolved as shift
WARNING: shift/reduce conflict for LANGLE in state 121 resolved as shift
WARNING: shift/reduce conflict for RANGLE in state 121 resolved as shift
WARNING: shift/reduce conflict for LE in state 121 resolved as shift
WARNING: shift/reduce conflict for GE in state 121 resolved as shift
WARNING: shift/reduce conflict for NULLCOALESCE in state 121 resolved as shift
WARNING: shift/reduce conflict for POINTER in state 122 resolved as shift
WARNING: shift/reduce conflict for PPOINTER in state 122 resolved as shift
WARNING: shift/reduce conflict for PARALLEL in state 122 resolved as shift
WARNING: shift/reduce conflict for EQ in state 122 resolved as shift
WARNING: shift/reduce conflict for NE in state 122 resolved as shift
WARNING: shift/reduce conflict for LANGLE in state 122 resolved as shift
WARNING: shift/reduce conflict for RANGLE in state 122 resolved as shift
WARNING: shift/reduce conflict for LE in state 122 resolved as shift
WARNING: shift/reduce conflict for GE in state 122 resolved as shift
WARNING: shift/reduce conflict for NULLCOALESCE in state 122 resolved as shift
WARNING: shift/reduce conflict for POINTER in state 123 resolved as shift
WARNING: shift/reduce conflict for PPOINTER in state 123 resolved as shift
WARNING: shift/reduce conflict for PARALLEL in state 123 resolved as shift
WARNING: shift/reduce conflict for EQ in state 123 resolved as shift
WARNING: shift/reduce conflict for NE in state 123 resolved as shift
WARNING: shift/reduce conflict for LANGLE in state 123 resolved as shift
WARNING: shift/reduce conflict for RANGLE in state 123 resolved as shift
WARNING: shift/reduce conflict for LE in state 123 resolved as shift
WARNING: shift/reduce conflict for GE in state 123 resolved as shift
WARNING: shift/reduce conflict for NULLCOALESCE in state 123 resolved as shift
WARNING: shift/reduce conflict for POINTER in state 124 resolved as shift
WARNING: shift/reduce conflict for PPOINTER in state 124 resolved as shift
WARNING: shift/reduce conflict for PARALLEL in state 124 resolved as shift
WARNING: shift/reduce conflict for EQ in state 124 resolved as shift
WARNING: shift/reduce conflict for NE in state 124 resolved as shift
WARNING: shift/reduce conflict for LANGLE in state 124 resolved as shift
WARNING: shift/reduce conflict for RANGLE in state 124 resolved as shift
WARNING: shift/reduce conflict for LE in state 124 resolved as shift
WARNING: shift/reduce conflict for GE in state 124 resolved as shift
WARNING: shift/reduce conflict for NULLCOALESCE in state 124 resolved as shift
WARNING: shift/reduce conflict for SEPARATOR in state 145 resolved as shift
WARNING: shift/reduce conflict for LBRACKET in state 149 resolved as shift
WARNING: shift/reduce conflict for LBRACKET in state 153 resolved as shift
WARNING: shift/reduce conflict for EQ in state 164 resolved as shift
WARNING: shift/reduce conflict for NE in state 164 resolved as shift
WARNING: shift/reduce conflict for LANGLE in state 164 resolved as shift
WARNING: shift/reduce conflict for RANGLE in state 164 resolved as shift
WARNING: shift/reduce conflict for LE in state 164 resolved as shift
WARNING: shift/reduce conflict for GE in state 164 resolved as shift
WARNING: shift/reduce conflict for MINUS in state 171 resolved as shift
WARNING: shift/reduce conflict for MINUS in state 172 resolved as shift
WARNING: shift/reduce conflict for MINUS in state 173 resolved as shift
WARNING: reduce/reduce conflict in state 14 resolved using rule (factor -> INT)
WARNING: rejected rule (arithmetic_factor -> INT) in state 14
WARNING: reduce/reduce conflict in state 14 resolved using rule (descriptor -> INT)
WARNING: rejected rule (arithmetic_factor -> INT) in state 14
WARNING: reduce/reduce conflict in state 15 resolved using rule (factor -> FLOAT)
WARNING: rejected rule (arithmetic_factor -> FLOAT) in state 15
WARNING: reduce/reduce conflict in state 16 resolved using rule (factor -> variable_reference)
WARNING: rejected rule (arithmetic_factor -> variable_reference) in state 16
WARNING: reduce/reduce conflict in state 16 resolved using rule (term -> variable_reference)
WARNING: rejected rule (arithmetic_factor -> variable_reference) in state 16
